0.476190476,0.137931034,0.148148148,0.626086957,0,0.242424242,0.571428571,0.615384615,0.371428571,0.039215686,0.268656716,0,0.148148148,0.233333333,0,0,0,0.45,0.475,0.475,0.449438202,0.619469027,0.631578947,0.161290323,0.131147541,0,0.075471698,0.631578947,0.208955224,0.184615385,0.039215686,0.075471698,0.623853211,0.577777778,0.555555556,0.103448276,0.56,0.589473684,0.415584416,0.415584416,0,0.623853211,0.589473684,0.4,0.4,0,0.618181818,0.589473684,0.415584416,0.415584416,0,0.623853211,0.589473684,0.4,0.4,0,0.618181818
0,0,0,0.096774194,0,0,0,0,0,0,0.210526316,0,0,0,0,0,0,0,0,0,0,0.164383562,0,0,0,0,0,0,0,0,0,0,0,0,0,0,0,0,0,0,0,0,0,0,0,0,0,0,0,0,0,0,0,0,0,0,0
0.075471698,0,0,0.158730159,0,0,0,0.294117647,0,0,0,0,0,0.145454545,0.594059406,0.536082474,0,0,0,0,0,0.555555556,0.275862069,0,0,0,0,0.275862069,0,0,0,0,0,0,0,0,0,0,0,0,0,0,0,0,0,0,0,0,0,0,0,0,0,0,0,0,0
0.463414634,0.115384615,0.513513514,0.536082474,0,0.036363636,0.545454545,0.597938144,0.156862745,0.125,0.366666667,0.085106383,0.506666667,0,0,0,0,0.310344828,0.344827586,0.344827586,0.254545455,0.565217391,0.62,0.038461538,0.035714286,0.115384615,0.08,0.62,0.035714286,0.038461538,0.125,0.08,0.580645161,0.542857143,0.52173913,0.085106383,0.518518519,0.627906977,0.447761194,0.447761194,0.285714286,0.530612245,0.602409639,0.5,0.5,0.285714286,0.530612245,0.617283951,0.454545455,0.454545455,0.285714286,0.545454545,0.617283951,0.454545455,0.454545455,0.285714286,0.545454545
0,0,0,0.103448276,0,0,0,0,0.039215686,0,0.117647059,0,0,0,0,0,0,0,0,0,0,0.107142857,0,0,0,0,0,0,0,0,0,0,0,0,0,0,0,0,0,0,0,0,0,0,0,0,0,0,0,0,0,0,0,0,0,0,0
0.076923077,0,0.085106383,0.245614035,0,0.085106383,0,0,0,0.085106383,0,0.085106383,0.085106383,0.083333333,0.488372093,0.527472527,0.085106383,0,0,0,0,0.481012658,0.192307692,0.085106383,0.085106383,0,0.085106383,0.192307692,0.085106383,0.085106383,0,0.085106383,0,0,0,0,0,0,0,0,0,0,0,0,0,0,0,0,0,0,0,0,0,0,0,0,0
0.222222222,0.139534884,0.322580645,0.184210526,0,0.083333333,0.184210526,0.179487179,0.24,0.048780488,0.274509804,0.048780488,0.327868852,0,0,0,0,0.166666667,0.170212766,0.170212766,0.127659574,0.168674699,0.244444444,0.083333333,0.086956522,0.048780488,0,0.244444444,0.086956522,0.083333333,0.048780488,0,0.297297297,0.456140351,0.456140351,0.048780488,0.229508197,0.31884058,0.612903226,0.612903226,0.044444444,0.345679012,0.31884058,0.612903226,0.612903226,0.044444444,0.345679012,0.31884058,0.612903226,0.612903226,0.044444444,0.345679012,0.31884058,0.612903226,0.612903226,0.044444444,0.345679012
0,0.047619048,0,0.181818182,0,0.046511628,0.047619048,0.047619048,0.095238095,0,0.130434783,0,0,0.095238095,0,0,0,0,0,0,0,0.042553191,0.095238095,0.046511628,0.046511628,0,0,0.095238095,0.046511628,0.046511628,0.038461538,0,0.048780488,0.048780488,0.048780488,0,0,0,0,0,0,0,0,0,0,0,0,0,0,0,0,0,0,0,0,0,0
0.088888889,0,0,0.208333333,0.048780488,0.130434783,0.048780488,0.204081633,0,0.048780488,0.048780488,0.048780488,0,0.088888889,0.361111111,0.366197183,0,0.048780488,0.048780488,0.048780488,0.048780488,0.273972603,0.205882353,0.130434783,0.130434783,0.048780488,0,0.179104478,0.130434783,0.130434783,0.048780488,0,0.048780488,0.048780488,0.048780488,0.048780488,0.048780488,0.048780488,0.048780488,0.048780488,0.048780488,0.048780488,0.048780488,0.048780488,0.048780488,0.048780488,0.048780488,0.048780488,0.048780488,0.048780488,0.048780488,0.048780488,0.048780488,0.048780488,0.048780488,0.048780488,0.048780488
0.346666667,0.090909091,0.169491525,0.279069767,0,0.192307692,0.289156627,0.285714286,0.206896552,0.083333333,0.105263158,0.085106383,0.222222222,0,0,0,0,0.115384615,0.083333333,0.083333333,0.12,0.239130435,0.229885057,0.222222222,0.192307692,0.085106383,0.125,0.238095238,0.226415094,0.192307692,0.083333333,0.093023256,0.357142857,0.405063291,0.415584416,0.05,0.243243243,0.376811594,0.5,0.508474576,0.046511628,0.307692308,0.382352941,0.508474576,0.5,0.05,0.311111111,0.382352941,0.5,0.5,0.05,0.301075269,0.371428571,0.508474576,0.508474576,0.046511628,0.311111111
0.125,0.097560976,0,0.086956522,0,0.097560976,0.097560976,0.097560976,0.133333333,0,0.352941176,0,0,0.095238095,0,0,0,0.097560976,0.413793103,0.097560976,0.097560976,0.269230769,0.097560976,0.097560976,0.097560976,0.043478261,0,0.097560976,0.097560976,0.097560976,0.043478261,0,0.097560976,0.097560976,0.413793103,0,0,0,0,0,0,0.413793103,0,0,0,0,0.413793103,0,0,0,0,0.413793103,0,0,0,0,0.413793103
0.186046512,0,0,0.215384615,0.05,0.090909091,0.227272727,0.31372549,0,0.05,0.05,0.05,0,0.212765957,0.571428571,0.571428571,0,0.05,0.05,0.05,0.05,0.341463415,0.373333333,0.090909091,0.090909091,0.05,0,0.361111111,0.090909091,0.090909091,0.05,0,0.05,0.05,0.05,0.05,0.047619048,0.05,0.05,0.05,0.05,0.227272727,0.05,0.05,0.05,0.05,0.227272727,0.05,0.05,0.05,0.05,0.227272727,0.05,0.05,0.05,0.05,0.227272727
0.215053763,0.126984127,0.505494505,0.275229358,0,0.273972603,0.424242424,0.417582418,0.309859155,0.278481013,0.210526316,0.278481013,0.516129032,0.039215686,0,0,0,0.363636364,0.271186441,0.271186441,0.344827586,0.444444444,0.333333333,0.305555556,0.309859155,0.275,0.28125,0.326530612,0.25,0.324324324,0.275,0.253968254,0.453608247,0.464646465,0.474226804,0.149253731,0.390804598,0.435643564,0.575,0.582278481,0.04,0.482758621,0.450980392,0.575,0.575,0.04,0.482758621,0.435643564,0.582278481,0.575,0.04,0.477272727,0.435643564,0.582278481,0.582278481,0.04,0.5
0.446808511,0.345679012,0.345679012,0.477272727,0.305555556,0.328767123,0.328767123,0.328767123,0.475247525,0.328767123,0.333333333,0.328767123,0.345679012,0.324324324,0,0,0,0.324324324,0.324324324,0.324324324,0.324324324,0.470588235,0.328767123,0.328767123,0.328767123,0.421052632,0.311688312,0.328767123,0.328767123,0.328767123,0.421052632,0.311688312,0.324324324,0.324324324,0.324324324,0.446808511,0.32,0.324324324,0.324324324,0.324324324,0.305555556,0.324324324,0.324324324,0.324324324,0.324324324,0.305555556,0.324324324,0.324324324,0.324324324,0.324324324,0.305555556,0.324324324,0.324324324,0.324324324,0.324324324,0.305555556,0.324324324
0.242424242,0,0,0.431818182,0,0.076923077,0.166666667,0.179104478,0,0,0,0,0,0.1,0.516853933,0.5,0,0,0,0,0,0.465116279,0.342857143,0.076923077,0.076923077,0,0.040816327,0.328767123,0.076923077,0.076923077,0,0.040816327,0,0.040816327,0.040816327,0,0.258064516,0,0,0,0,0.125,0,0,0,0,0.095238095,0,0,0,0,0.166666667,0,0,0,0,0.166666667
0.490909091,0.385542169,0.574074074,0.448598131,0,0.4,0.571428571,0.571428571,0.404040404,0.396039604,0.432989691,0.396039604,0.568807339,0.1,0,0,0,0.5,0.434782609,0.434782609,0.27027027,0.392156863,0.460176991,0.38,0.408163265,0.315789474,0.289156627,0.460176991,0.415841584,0.415841584,0.363636364,0.296296296,0.54368932,0.490566038,0.480769231,0.421052632,0.551724138,0.556521739,0.622641509,0.678571429,0.4,0.631578947,0.556521739,0.622641509,0.654867257,0.4,0.637931034,0.556521739,0.61682243,0.634615385,0.4,0.631578947,0.556521739,0.628571429,0.684684685,0.4,0.631578947
0.571428571,0.511627907,0.488372093,0.673267327,0.383561644,0.475,0.518518519,0.5,0.54,0.481012658,0.444444444,0.481012658,0.488372093,0.455696203,0,0,0,0.426666667,0.426666667,0.426666667,0.426666667,0.607843137,0.49382716,0.475,0.475,0.494117647,0.5,0.49382716,0.475,0.475,0.494117647,0.5,0.461538462,0.441558442,0.441558442,0.608695652,0.5,0.487179487,0.487179487,0.487179487,0.45,0.461538462,0.487179487,0.487179487,0.487179487,0.45,0.461538462,0.487179487,0.487179487,0.487179487,0.45,0.461538462,0.487179487,0.487179487,0.487179487,0.45,0.461538462
0.466666667,0,0.324324324,0.563106796,0.131147541,0.365591398,0.48,0.484210526,0,0.333333333,0.328767123,0.333333333,0.324324324,0.514285714,0.56,0.582524272,0,0.131147541,0.131147541,0.131147541,0.131147541,0.576271186,0.47311828,0.365591398,0.365591398,0.333333333,0.438095238,0.422222222,0.365591398,0.365591398,0.333333333,0.438095238,0.181818182,0.208955224,0.208955224,0.395348837,0.405063291,0.131147541,0.131147541,0.131147541,0.131147541,0.48,0.131147541,0.131147541,0.131147541,0.131147541,0.463157895,0.131147541,0.131147541,0.131147541,0.131147541,0.490196078,0.131147541,0.131147541,0.131147541,0.131147541,0.463157895
0.552631579,0.64,0.631578947,0.46875,0.598130841,0.493150685,0.555555556,0.588235294,0.563380282,0.540540541,0.441176471,0.527777778,0.613333333,0.493506494,0.598130841,0.598130841,0.598130841,0.513513514,0.567567568,0.607594937,0.464285714,0.608695652,0.630136986,0.52173913,0.5,0.540540541,0.608695652,0.630136986,0.56,0.478873239,0.540540541,0.608695652,0.542857143,0.5,0.514285714,0.607594937,0.588235294,0.575757576,0.617647059,0.545454545,0.625,0.529411765,0.597014925,0.545454545,0.553846154,0.597014925,0.529411765,0.588235294,0.6,0.588235294,0.602739726,0.529411765,0.588235294,0.567164179,0.608695652,0.626865672,0.550724638
0.567567568,0.596153846,0.60952381,0.515151515,0.598130841,0.596153846,0.596153846,0.596153846,0.571428571,0.596153846,0.633663366,0.596153846,0.60952381,0.596153846,0.598130841,0.598130841,0.598130841,0.58490566,0.58490566,0.58490566,0.58490566,0.580645161,0.596153846,0.596153846,0.596153846,0.5,0.596153846,0.596153846,0.596153846,0.596153846,0.5,0.596153846,0.58490566,0.58490566,0.58490566,0.513513514,0.596153846,0.571428571,0.571428571,0.363636364,0.594594595,0.59047619,0.571428571,0.571428571,0.571428571,0.594594595,0.59047619,0.571428571,0.571428571,0.363636364,0.594594595,0.59047619,0.571428571,0.571428571,0.571428571,0.594594595,0.59047619
0.413793103,0.598130841,0.421052632,0.602739726,0,0.588235294,0.558823529,0.542857143,0.598130841,0.428571429,0.542857143,0.428571429,0.421052632,0.611764706,0.578947368,0.578947368,0.598130841,0,0,0,0,0.513513514,0.441176471,0.588235294,0.588235294,0.393939394,0.5,0.507042254,0.588235294,0.588235294,0.393939394,0.492753623,0.559139785,0.559139785,0.549450549,0.344827586,0.433333333,0,0,0,0,0.536585366,0,0,0,0,0.545454545,0,0,0,0,0.536585366,0,0,0,0,0.543209877
0.641025641,0.545454545,0.9,0.743589744,0.195121951,0.704225352,0.725,0.716049383,0.583333333,0.597014925,0.412698413,0.597014925,0.897435897,0.36,0,0,0,0.526315789,0.545454545,0.545454545,0.646153846,0.857142857,0.805194805,0.732394366,0.732394366,0.597014925,0.819277108,0.805194805,0.722222222,0.732394366,0.597014925,0.819277108,0.883116883,0.794520548,0.794520548,0.617647059,0.88,0.906666667,0.756756757,0.756756757,0.464285714,0.835443038,0.891891892,0.756756757,0.756756757,0.464285714,0.85,0.906666667,0.756756757,0.756756757,0.464285714,0.85,0.891891892,0.756756757,0.756756757,0.464285714,0.85
0.815789474,0.735294118,0.873239437,0.831168831,0.509803922,0.767123288,0.823529412,0.833333333,0.767123288,0.711864407,0.626865672,0.711864407,0.885714286,0.533333333,0,0,0,0.666666667,0.677419355,0.677419355,0.620689655,0.85,0.925,0.794520548,0.777777778,0.711864407,0.8,0.925,0.777777778,0.794520548,0.666666667,0.788732394,0.883116883,0.826666667,0.810810811,0.68852459,0.842105263,0.833333333,0.741935484,0.761904762,0.509803922,0.857142857,0.833333333,0.741935484,0.761904762,0.509803922,0.857142857,0.833333333,0.741935484,0.761904762,0.509803922,0.857142857,0.833333333,0.761904762,0.741935484,0.509803922,0.857142857
0.355555556,0.311111111,0.318181818,0.355555556,0,0.318181818,0.375,0.423076923,0.423076923,0.392156863,0.311111111,0.392156863,0.4,0.347826087,0,0,0,0,0,0,0,0.423076923,0.431372549,0.4,0.318181818,0.392156863,0.367346939,0.355555556,0.318181818,0.4,0.392156863,0.367346939,0.186046512,0.186046512,0.186046512,0.29787234,0.272727273,0.423076923,0.384615385,0.384615385,0.36,0.461538462,0.423076923,0.384615385,0.384615385,0.36,0.461538462,0.423076923,0.41509434,0.41509434,0.36,0.461538462,0.423076923,0.384615385,0.384615385,0.36,0.461538462
0.625,0,0.625,0.709677419,0.416666667,0.509803922,0.655737705,0.698412698,0,0.416666667,0.542372881,0.416666667,0.646153846,0.44,0.738461538,0.738461538,0,0.416666667,0.416666667,0.416666667,0.416666667,0.666666667,0.68852459,0.509803922,0.509803922,0.416666667,0.428571429,0.68852459,0.509803922,0.509803922,0.416666667,0.428571429,0.448979592,0.416666667,0.416666667,0.416666667,0.655737705,0.416666667,0.416666667,0.416666667,0.416666667,0.655737705,0.416666667,0.416666667,0.416666667,0.416666667,0.677419355,0.416666667,0.416666667,0.416666667,0.416666667,0.655737705,0.416666667,0.416666667,0.416666667,0.416666667,0.677419355
0.875,0.890909091,0.972972973,0.93220339,0.87755102,0.918918919,0.93220339,0.956521739,0.936936937,0.868686869,0.785714286,0.868686869,0.972972973,0.857142857,0,0,0,0.899082569,0.907407407,0.907407407,0.901960784,0.890756303,0.916666667,0.918918919,0.910714286,0.868686869,0.888888889,0.916666667,0.918918919,0.910714286,0.868686869,0.888888889,0.955752212,0.939130435,0.931034483,0.87755102,0.990990991,0.982142857,0.972972973,0.972972973,0.87755102,0.972972973,0.982142857,0.972972973,0.972972973,0.87755102,0.972972973,0.982142857,0.972972973,0.972972973,0.87755102,0.963636364,0.982142857,0.964285714,0.964285714,0.87755102,0.972972973
0.861788618,0.19047619,0.842975207,0.894308943,0.769230769,0.774774775,0.825396825,0.812030075,0.356164384,0.788461538,0.516129032,0.8,0.842975207,0.727272727,0,0,0,0.583333333,0.590604027,0.590604027,0.569444444,0.670967742,0.848,0.771929825,0.774774775,0.796116505,0.692307692,0.838709677,0.771929825,0.774774775,0.807692308,0.692307692,0.896551724,0.847457627,0.847457627,0.822429907,0.866666667,0.9,0.796296296,0.796296296,0.849056604,0.854700855,0.915254237,0.796296296,0.796296296,0.849056604,0.844827586,0.894308943,0.796296296,0.785046729,0.849056604,0.854700855,0.894308943,0.796296296,0.796296296,0.849056604,0.854700855
0.035714286,0.035714286,0.103448276,0.103448276,0,0.035714286,0.1,0.1,0.070175439,0,0.1,0,0.070175439,0.035714286,0,0,0,0.035714286,0.035714286,0.035714286,0,0.103448276,0.103448276,0.035714286,0.035714286,0,0.034482759,0.103448276,0.035714286,0.035714286,0,0.034482759,0.035714286,0.035714286,0.035714286,0.035714286,0.06779661,0.035714286,0.035714286,0.035714286,0,0.103448276,0.035714286,0.035714286,0.035714286,0,0.103448276,0.035714286,0.035714286,0.035714286,0,0.103448276,0.035714286,0.035714286,0.035714286,0,0.103448276
0.964285714,0,0.972972973,0.591304348,0,0.904347826,0.972972973,0.972972973,0,0.95412844,0.95412844,0.95412844,0.972972973,0.035087719,0,0,0,0,0,0,0,0.632478632,0.964285714,0.904347826,0.904347826,0.95412844,0.755555556,0.964285714,0.904347826,0.904347826,0.95412844,0.755555556,0.972972973,0.972972973,0.972972973,0.95412844,0.972972973,0.972972973,0.972972973,0.972972973,0.972972973,0.972972973,0.972972973,0.972972973,0.972972973,0.972972973,0.972972973,0.972972973,0.972972973,0.972972973,0.972972973,0.972972973,0.972972973,0.972972973,0.972972973,0.972972973,0.972972973
0.637168142,0.465116279,0.552380952,0.592592593,0.277777778,0.484848485,0.592,0.6,0.595041322,0.4,0.505263158,0.4,0.549019608,0.273972603,0,0,0,0.510204082,0.510204082,0.510204082,0.54,0.609375,0.612903226,0.484848485,0.484848485,0.4,0.555555556,0.612903226,0.484848485,0.484848485,0.4,0.555555556,0.571428571,0.563106796,0.563106796,0.414634146,0.631578947,0.525252525,0.54,0.54,0.43956044,0.610169492,0.525252525,0.54,0.54,0.43956044,0.628099174,0.525252525,0.54,0.54,0.43956044,0.610169492,0.525252525,0.54,0.54,0.43956044,0.628099174
1,0,0.93220339,1,1,0.982142857,1,1,0,1,1,1,0.93220339,1,0.990825688,0.990825688,0,1,1,1,1,1,0.982142857,0.982142857,0.982142857,1,0.93220339,0.982142857,0.982142857,0.982142857,1,0.93220339,1,1,1,1,1,1,1,1,1,1,1,1,1,1,1,1,1,1,1,1,1,1,1,1,1
0.692307692,0.533333333,0.760330579,0.686131387,0,0.554621849,0.784,0.94488189,0.581196581,0.591304348,0.627118644,0.626086957,0.760330579,0.303797468,0,0,0,0.380952381,0.233766234,0.320987654,0.523364486,0.699186992,0.717948718,0.544,0.56,0.618181818,0.621848739,0.710743802,0.5,0.532258065,0.574074074,0.655462185,0.704918033,0.786324786,0.786324786,0.605042017,0.769230769,0.693548387,0.693548387,0.693548387,0.459770115,0.796875,0.693548387,0.704,0.693548387,0.47311828,0.796875,0.682926829,0.693548387,0.704,0.510638298,0.796875,0.682926829,0.693548387,0.693548387,0.58,0.796875
0.227848101,0,0,0.413793103,0,0.031746032,0.031746032,0.031746032,0.297297297,0.031746032,0.365853659,0.031746032,0,0.031746032,0,0,0,0,0,0,0,0.431818182,0.031746032,0.031746032,0.031746032,0.207792208,0,0.031746032,0.031746032,0.031746032,0.207792208,0,0,0,0,0.186666667,0.031746032,0,0,0,0,0,0,0,0,0,0,0,0,0,0,0,0,0,0,0,0
0.553191489,0.25,0.32,0.574257426,0.149253731,0.277777778,0.301369863,0.301369863,0.505050505,0.219178082,0.225352113,0.219178082,0.273972603,0.2,0,0,0,0.060606061,0.061538462,0.061538462,0.089552239,0.576923077,0.25,0.277777778,0.277777778,0.395348837,0.324324324,0.25,0.277777778,0.277777778,0.409090909,0.324324324,0.225352113,0.273972603,0.273972603,0.456521739,0.324324324,0.2,0.25,0.25,0.282051282,0.27027027,0.2,0.25,0.25,0.289473684,0.27027027,0.2,0.25,0.25,0.289473684,0.27027027,0.2,0.25,0.25,0.282051282,0.27027027
0.556701031,0.25974026,0,0.673076923,0,0.243243243,0.311688312,0.289473684,0.565656566,0.256410256,0.278481013,0.233766234,0,0.24,0,0,0,0.219178082,0.194444444,0.194444444,0.144927536,0.574257426,0.293333333,0.243243243,0.243243243,0.525252525,0.216216216,0.293333333,0.243243243,0.243243243,0.515463918,0.24,0.311688312,0.27027027,0.266666667,0.516129032,0.266666667,0.25974026,0.24,0.24,0.446808511,0.263157895,0.25974026,0.24,0.24,0.446808511,0.266666667,0.25974026,0.24,0.24,0.458333333,0.263157895,0.263157895,0.24,0.24,0.446808511,0.266666667
0,0,0,0.061538462,0,0,0,0,0,0,0,0,0,0,0,0,0,0,0,0,0,0.061538462,0,0,0,0,0,0,0,0,0,0,0,0,0,0,0,0,0,0,0,0,0,0,0,0,0,0,0,0,0,0,0,0,0.292682927,0,0
0.642857143,0.121212121,0.149253731,0.684684685,0.03030303,0.210526316,0.194444444,0.191780822,0.62745098,0.056338028,0.142857143,0.056338028,0.149253731,0.114285714,0,0,0,0,0,0,0,0.58490566,0.210526316,0.2,0.210526316,0.534653465,0.147058824,0.210526316,0.216216216,0.210526316,0.534653465,0.173913043,0.14084507,0.166666667,0.166666667,0.59047619,0.117647059,0.166666667,0.169014085,0.169014085,0.534653465,0.142857143,0.166666667,0.169014085,0.194444444,0.522727273,0.142857143,0.166666667,0.169014085,0.169014085,0.510638298,0.142857143,0.166666667,0.169014085,0.142857143,0.541666667,0.142857143
0.301369863,0,0.301369863,0.489361702,0.301369863,0.301369863,0.301369863,0.368421053,0,0.301369863,0.301369863,0.301369863,0.301369863,0.324324324,0,0,0,0,0,0,0,0.504854369,0.32,0.301369863,0.32,0,0.32,0.301369863,0.32,0.301369863,0,0.32,0.368421053,0.368421053,0.368421053,0,0.368421053,0.301369863,0.301369863,0.301369863,0,0.301369863,0.301369863,0.301369863,0.301369863,0,0.301369863,0.301369863,0.301369863,0.301369863,0,0.301369863,0.301369863,0.301369863,0.301369863,0,0.301369863
0.0625,0,0.031746032,0.477272727,0,0,0.03125,0.03125,0,0.031746032,0.297297297,0.031746032,0.031746032,0,0,0,0,0,0,0,0,0.451612903,0.03125,0,0,0,0,0.03125,0,0,0,0,0,0,0,0.031746032,0.031746032,0,0,0,0.031746032,0,0,0,0,0.031746032,0,0,0,0,0.031746032,0,0,0,0,0.031746032,0
0.444444444,0.511627907,0.571428571,0.432432432,0.655737705,0.5,0.697674419,0.857142857,0.612244898,0.590909091,0.476190476,0.590909091,0.585365854,0.461538462,0.655737705,0.655737705,0.655737705,0.342857143,0.604651163,0.55,0.619047619,0.5,0.530612245,0.487804878,0.536585366,0.558139535,0.578947368,0.530612245,0.536585366,0.523809524,0.558139535,0.6,0.708333333,0.604651163,0.622222222,0.578947368,0.695652174,0.608695652,0.512820513,0.514285714,0.5,0.590909091,0.608695652,0.514285714,0.512820513,0.473684211,0.590909091,0.622222222,0.512820513,0.514285714,0.578947368,0.590909091,0.608695652,0.512820513,0.512820513,0.473684211,0.590909091
0.636363636,0.4375,0.4375,0.695652174,0.4,0.451612903,0.4375,0.4375,0.68,0.4,0.384615385,0.4,0.4375,0.4,0.655737705,0,0,0.540540541,0.540540541,0.540540541,0.540540541,0.604651163,0.4375,0.4375,0.451612903,0.711111111,0.4375,0.4375,0.4375,0.451612903,0.711111111,0.4375,0.4375,0.4375,0.451612903,0.680851064,0.4375,0.4375,0.4375,0.4375,0.578947368,0.4375,0.4375,0.4375,0.4375,0.578947368,0.4375,0.4375,0.4375,0.4375,0.6,0.4375,0.4375,0.4375,0.4375,0.578947368,0.4375
0.595744681,0.653846154,0.703703704,0.553191489,0.384615385,0.666666667,0.638297872,0.638297872,0.612244898,0.6,0.553191489,0.6,0.703703704,0.68,0.655737705,0.655737705,0,0.638297872,0.680851064,0.680851064,0.625,0.695652174,0.653061224,0.679245283,0.666666667,0.571428571,0.689655172,0.653061224,0.666666667,0.666666667,0.571428571,0.689655172,0.666666667,0.653846154,0.653846154,0.595744681,0.690909091,0.693877551,0.680851064,0.680851064,0.533333333,0.64,0.693877551,0.680851064,0.680851064,0.533333333,0.64,0.693877551,0.680851064,0.680851064,0.533333333,0.64,0.705882353,0.680851064,0.680851064,0.533333333,0.64
0.52173913,0.4375,0.296296296,0.565217391,0.655737705,0.375,0.451612903,0.285714286,0.5,0.333333333,0.222222222,0.333333333,0.296296296,0.173913043,0,0.655737705,0,0.277777778,0.277777778,0.277777778,0.277777778,0.428571429,0.260869565,0.387096774,0.375,0.5,0.387096774,0.24,0.387096774,0.387096774,0.5,0.387096774,0.275862069,0.387096774,0.387096774,0.5,0.25,0.32,0.357142857,0.357142857,0.56,0.333333333,0.307692308,0.357142857,0.357142857,0.588235294,0.333333333,0.32,0.296296296,0.357142857,0.583333333,0.37037037,0.32,0.357142857,0.357142857,0.588235294,0.333333333
0.5,0.655737705,0.666666667,0.677966102,0.357142857,0.344827586,0.357142857,0.677966102,0.666666667,0.344827586,0.666666667,0.357142857,0.344827586,0.357142857,0.655737705,0.655737705,0.655737705,0.636363636,0.636363636,0.636363636,0.636363636,0.679245283,0.677966102,0.344827586,0.677966102,0.677966102,0.357142857,0.344827586,0.666666667,0.677966102,0.677966102,0.357142857,0.357142857,0.357142857,0.357142857,0.666666667,0.677966102,0.344827586,0.677966102,0.677966102,0.666666667,0.666666667,0.666666667,0.666666667,0.344827586,0.666666667,0.357142857,0.677966102,0.666666667,0.677966102,0.666666667,0.357142857,0.677966102,0.666666667,0.357142857,0.666666667,0.666666667
0.571428571,0.644067797,0.644067797,0.4375,0.655737705,0.655172414,0.655172414,0.666666667,0.333333333,0.666666667,0.666666667,0.666666667,0.644067797,0.666666667,0.655737705,0.655737705,0.655737705,0.64,0.64,0.64,0.64,0.470588235,0.655172414,0.655172414,0.655172414,0.628571429,0.666666667,0.655172414,0.655172414,0.655172414,0.628571429,0.666666667,0.677966102,0.666666667,0.666666667,0.545454545,0.655172414,0.677966102,0.677966102,0.677966102,0.451612903,0.655172414,0.677966102,0.677966102,0.677966102,0.486486486,0.655172414,0.677966102,0.677966102,0.677966102,0.545454545,0.655172414,0.677966102,0.677966102,0.677966102,0.457142857,0.655172414
0.363636364,0.655737705,0.714285714,0.636363636,0,0.714285714,0.714285714,0.714285714,0.655737705,0.714285714,0.714285714,0.714285714,0.714285714,0.727272727,0.655737705,0,0.655737705,0.375,0.375,0.375,0.375,0.428571429,0.714285714,0.714285714,0.714285714,0.363636364,0.714285714,0.714285714,0.714285714,0.714285714,0.363636364,0.714285714,0,0,0,0.375,0.727272727,0.727272727,0.727272727,0.727272727,0.375,0.701754386,0.727272727,0.727272727,0.727272727,0.375,0.701754386,0.727272727,0.727272727,0.727272727,0.375,0.701754386,0.727272727,0.727272727,0.727272727,0.375,0.701754386
0.594594595,0.52,0.52,0.32,0.52,0.52,0.52,0.52,0.594594595,0.52,0.52,0.52,0.52,0.52,0.655737705,0.655737705,0.655737705,0.594594595,0.594594595,0.594594595,0.594594595,0.25,0.52,0.52,0.52,0.594594595,0.52,0.52,0.52,0.52,0.594594595,0.52,0.52,0.52,0.52,0.090909091,0.52,0.52,0.52,0.52,0.594594595,0.52,0.52,0.52,0.52,0.594594595,0.52,0.52,0.52,0.52,0.594594595,0.52,0.52,0.52,0.52,0.594594595,0.52
0.956521739,0.867647059,0.956521739,0.905109489,0.67961165,0.914285714,0.977777778,0.956521739,0.916030534,0.865671642,0.872180451,0.865671642,0.956521739,0.820512821,0,0,0,0.895522388,0.839694656,0.839694656,0.851612903,0.929577465,0.941176471,0.90647482,0.914285714,0.865671642,0.85106383,0.941176471,0.913043478,0.913043478,0.867647059,0.874074074,0.913043478,0.925170068,0.925170068,0.818181818,0.964539007,0.861111111,0.857142857,0.857142857,0.844444444,0.898550725,0.861111111,0.857142857,0.857142857,0.844444444,0.898550725,0.868965517,0.857142857,0.857142857,0.844444444,0.892086331,0.861111111,0.857142857,0.857142857,0.844444444,0.898550725
0.055555556,0,0.057142857,0.057142857,0,0.054794521,0.055555556,0.055555556,0,0.056338028,0.576,0.056338028,0.057142857,0.057142857,0,0,0,0.054794521,0.054794521,0.054794521,0.054794521,0.057142857,0.055555556,0.054794521,0.054794521,0.056338028,0.056338028,0.055555556,0.054794521,0.054794521,0.056338028,0.056338028,0.055555556,0.054794521,0.054794521,0.056338028,0.056338028,0,0,0,0,0.054794521,0,0,0,0,0.054794521,0,0,0,0,0.054794521,0,0,0,0,0.054794521
0.705882353,0.676470588,0.726190476,0.694444444,0.54368932,0.666666667,0.796875,0.777777778,0.692913386,0.609375,0.676258993,0.614173228,0.726190476,0.6,0.056338028,0.056338028,0.056338028,0.666666667,0.7,0.7,0.579439252,0.723076923,0.755555556,0.686131387,0.676470588,0.614173228,0.742138365,0.748091603,0.656716418,0.671532847,0.617886179,0.742138365,0.77037037,0.769230769,0.766917293,0.701492537,0.734177215,0.65648855,0.6,0.6,0.538461538,0.739393939,0.671755725,0.6,0.6,0.568807339,0.716049383,0.671755725,0.6,0.6,0.568807339,0.713375796,0.676691729,0.6,0.6,0.592592593,0.7125
0.755555556,0.666666667,0.680851064,0.772727273,0,0.725806452,0.73015873,0.71875,0.686131387,0.617886179,0.691729323,0.621848739,0.680851064,0.474226804,0,0,0,0.578512397,0.569105691,0.569105691,0.518518519,0.709677419,0.740740741,0.725806452,0.739495798,0.64,0.621848739,0.748091603,0.725806452,0.72,0.633333333,0.626086957,0.721311475,0.723076923,0.764227642,0.608,0.761904762,0.76119403,0.666666667,0.686131387,0.569105691,0.692307692,0.755555556,0.666666667,0.686131387,0.569105691,0.731343284,0.755555556,0.666666667,0.666666667,0.569105691,0.723076923,0.757575758,0.686131387,0.666666667,0.542372881,0.686567164
0,0,0,0.056338028,0,0,0,0,0,0,0,0,0,0.109589041,0,0,0,0,0,0,0,0,0,0,0,0,0,0,0,0,0,0,0,0,0,0,0,0,0,0,0,0,0,0,0,0,0,0,0,0,0,0,0,0,0,0,0
0.631578947,0.452173913,0.482142857,0.682170543,0,0.564102564,0.620689655,0.638655462,0.573770492,0.547008547,0.707692308,0.50877193,0.495726496,0.472440945,0,0,0,0.371134021,0.395833333,0.395833333,0.425925926,0.650406504,0.646153846,0.536585366,0.52892562,0.539130435,0.534653465,0.625954198,0.588235294,0.576271186,0.504347826,0.532110092,0.672,0.686131387,0.677419355,0.620155039,0.612612613,0.655737705,0.568965517,0.573770492,0.571428571,0.561403509,0.644067797,0.569105691,0.586206897,0.605042017,0.561403509,0.637168142,0.588235294,0.573913043,0.582677165,0.561403509,0.634146341,0.573913043,0.593220339,0.524271845,0.561403509
0.847457627,0,0.847457627,0.925373134,0.847457627,0.840336134,0.847457627,0.919708029,0,0.90647482,0.90647482,0.90647482,0.847457627,0.914728682,0,0,0,0.847457627,0.847457627,0.847457627,0.847457627,0.934306569,0.842975207,0.840336134,0.840336134,0.90647482,0.839694656,0.842975207,0.840336134,0.840336134,0.90647482,0.839694656,0.919708029,0.919708029,0.919708029,0.919708029,0.919708029,0.840336134,0.840336134,0.840336134,0.847457627,0.868965517,0.840336134,0.840336134,0.840336134,0.847457627,0.868965517,0.840336134,0.840336134,0.840336134,0.847457627,0.868965517,0.840336134,0.840336134,0.840336134,0.847457627,0.868965517
0.708571429,0.697142857,0.674418605,0.69005848,0.674846626,0.682352941,0.715083799,0.678362573,0.697142857,0.678787879,0.666666667,0.678787879,0.674418605,0.666666667,0,0,0,0.674846626,0.674846626,0.674846626,0.674846626,0.693641618,0.678362573,0.694610778,0.694610778,0.678787879,0.686746988,0.678362573,0.694610778,0.694610778,0.678787879,0.686746988,0.701149425,0.701149425,0.701149425,0.674846626,0.678362573,0.698224852,0.698224852,0.698224852,0.698224852,0.689655172,0.698224852,0.698224852,0.698224852,0.698224852,0.689655172,0.698224852,0.698224852,0.698224852,0.698224852,0.689655172,0.698224852,0.698224852,0.698224852,0.698224852,0.689655172
0.371859296,0.018691589,0.375690608,0.67264574,0,0.16,0.67264574,0.683982684,0.100840336,0.071428571,0.165413534,0.103448276,0.37037037,0.018867925,0,0,0,0.081300813,0.081300813,0.081300813,0.06557377,0.603305785,0.691983122,0.14516129,0.15625,0.07079646,0.07079646,0.686440678,0.129032258,0.142857143,0.102564103,0.07079646,0.658008658,0.553846154,0.549222798,0.050420168,0.447916667,0.632075472,0.315068493,0.28358209,0.053097345,0.580952381,0.63507109,0.273381295,0.246153846,0.053097345,0.583732057,0.632075472,0.234375,0.315068493,0.053097345,0.59047619,0.62962963,0.281481481,0.305555556,0.053097345,0.575471698
0.153846154,0.018867925,0.089285714,0.326530612,0,0.054054054,0.315789474,0.287671233,0.105263158,0,0.05,0,0.089285714,0.055555556,0,0,0,0,0.018181818,0.018181818,0,0.282051282,0.321678322,0,0.054054054,0,0.036697248,0.3,0,0.053571429,0,0.053097345,0.161290323,0.166666667,0.137931034,0,0.205882353,0,0,0,0,0.357615894,0,0,0,0,0.331125828,0,0,0,0,0.339869281,0,0,0,0,0.289655172
0.071428571,0.055045872,0.019047619,0.133333333,0,0.09009009,0.120689655,0.11965812,0.036363636,0,0,0,0.018867925,0.019047619,0,0,0,0.072072072,0,0,0.055555556,0.13559322,0.104347826,0.071428571,0.072727273,0,0.036363636,0.1,0.071428571,0.071428571,0,0.036363636,0.10619469,0.053571429,0.053571429,0,0.073394495,0.018518519,0.018518519,0.018518519,0,0.073394495,0.018518519,0.018518519,0.018518519,0,0.073394495,0.018518519,0.018518519,0.018518519,0,0.073394495,0.018518519,0.018518519,0.018518519,0,0.073394495
0.884422111,0,0.899521531,0.913242009,0.885416667,0.858585859,0.882352941,0.903553299,0,0.880829016,0.605769231,0.880829016,0.899521531,0.885416667,0.206896552,0.2,0,0.871794872,0.871794872,0.871794872,0.871794872,0.869955157,0.892156863,0.858585859,0.858585859,0.867346939,0.812227074,0.891089109,0.858585859,0.858585859,0.867346939,0.807017544,0.894230769,0.87755102,0.87755102,0.87755102,0.893401015,0.883248731,0.885416667,0.885416667,0.871794872,0.896551724,0.87755102,0.885416667,0.885416667,0.871794872,0.896551724,0.883248731,0.885416667,0.885416667,0.871794872,0.900990099,0.883248731,0.885416667,0.885416667,0.871794872,0.897560976
0.192,0,0.019047619,0.300653595,0.177419355,0.217054264,0.19047619,0.19047619,0,0.192,0.147540984,0.192,0.019047619,0.192,0.658536585,0.661290323,0,0.177419355,0.177419355,0.177419355,0.177419355,0.647302905,0.213740458,0.217054264,0.217054264,0.177419355,0.019047619,0.213740458,0.217054264,0.217054264,0.177419355,0.019047619,0.177419355,0.177419355,0.177419355,0.177419355,0.177419355,0.177419355,0.177419355,0.177419355,0.177419355,0.177419355,0.177419355,0.177419355,0.177419355,0.177419355,0.177419355,0.177419355,0.177419355,0.177419355,0.177419355,0.177419355,0.177419355,0.177419355,0.177419355,0.177419355,0.177419355
0.335403727,0.444444444,0.47133758,0.343558282,0.183673469,0.415384615,0.350877193,0.355555556,0.388888889,0.344827586,0.288135593,0.347826087,0.448717949,0.224299065,0,0,0,0.309090909,0.306306306,0.306306306,0.269230769,0.359550562,0.388888889,0.421052632,0.432835821,0.347826087,0.488372093,0.393258427,0.421052632,0.41221374,0.341880342,0.49704142,0.488372093,0.470588235,0.467532468,0.288135593,0.5,0.514285714,0.471428571,0.478873239,0.217821782,0.473988439,0.50867052,0.489795918,0.462686567,0.213592233,0.476744186,0.517241379,0.475524476,0.474074074,0.217821782,0.476744186,0.502923977,0.474820144,0.462686567,0.217821782,0.465116279
0.370860927,0.313432836,0.330935252,0.460526316,0,0.335877863,0.444444444,0.411347518,0.428571429,0.295081967,0.301587302,0.295081967,0.320610687,0.169811321,0,0,0,0.063829787,0.063829787,0.063829787,0.063829787,0.4,0.438356164,0.310077519,0.358208955,0.307692308,0.318181818,0.438356164,0.323076923,0.335877863,0.307692308,0.325581395,0.212389381,0.214285714,0.214285714,0.247787611,0.364963504,0.20754717,0.103092784,0.103092784,0.304347826,0.4,0.20754717,0.103092784,0.103092784,0.304347826,0.411347518,0.20754717,0.103092784,0.103092784,0.304347826,0.391304348,0.20754717,0.103092784,0.103092784,0.304347826,0.394160584
0.174757282,0.202020202,0.065217391,0.196078431,0,0.202020202,0.226415094,0.20952381,0.235294118,0.105263158,0.178217822,0.105263158,0.065217391,0.12244898,0,0,0,0.105263158,0.043956044,0.043956044,0.085106383,0.213592233,0.198019802,0.202020202,0.202020202,0.12371134,0.144329897,0.196078431,0.202020202,0.202020202,0.12371134,0.144329897,0.183673469,0.235294118,0.228571429,0.12371134,0.181818182,0.064516129,0.064516129,0.064516129,0.105263158,0.198019802,0.064516129,0.064516129,0.064516129,0.105263158,0.198019802,0.064516129,0.064516129,0.064516129,0.105263158,0.198019802,0.064516129,0.064516129,0.064516129,0.105263158,0.198019802
0.68,0.527607362,0.8,0.674285714,0.710144928,0.697986577,0.732026144,0.741721854,0,0.705035971,0.615384615,0.705035971,0.8,0.710144928,0.22,0.217821782,0,0.705035971,0.710144928,0.710144928,0.710144928,0.615384615,0.653333333,0.697986577,0.697986577,0.710144928,0.738853503,0.653333333,0.697986577,0.697986577,0.710144928,0.738853503,0.716216216,0.694444444,0.689189189,0.710144928,0.717241379,0.704225352,0.694444444,0.709219858,0.710144928,0.709677419,0.704225352,0.694444444,0.709219858,0.710144928,0.714285714,0.704225352,0.709219858,0.694444444,0.710144928,0.714285714,0.704225352,0.709219858,0.709219858,0.710144928,0.709677419
0.272727273,0,0.302521008,0.296774194,0.156862745,0.384,0.162162162,0.152380952,0,0.313043478,0.156862745,0.313043478,0.302521008,0.314049587,0.436548223,0.43877551,0.196078431,0.156862745,0.156862745,0.156862745,0.156862745,0.311111111,0.345323741,0.384,0.384,0.156862745,0.196078431,0.333333333,0.384,0.384,0.156862745,0.196078431,0.153846154,0.153846154,0.153846154,0.212389381,0.160714286,0.156862745,0.156862745,0.156862745,0.156862745,0.162162162,0.156862745,0.156862745,0.156862745,0.156862745,0.162162162,0.156862745,0.156862745,0.156862745,0.156862745,0.14953271,0.156862745,0.156862745,0.156862745,0.156862745,0.162162162
0.448275862,0.416107383,0.453488372,0.404494382,0.086021505,0.357615894,0.444444444,0.457142857,0.323529412,0.285714286,0.269503546,0.254545455,0.431818182,0.268907563,0,0,0,0.230088496,0.245614035,0.245614035,0.082474227,0.32183908,0.414201183,0.347222222,0.375,0.278688525,0.538922156,0.414201183,0.402777778,0.379746835,0.292682927,0.530120482,0.51497006,0.568181818,0.561797753,0.31147541,0.51497006,0.477987421,0.557823129,0.517006803,0.137254902,0.546511628,0.474358974,0.554054054,0.554054054,0.137254902,0.538011696,0.4875,0.523489933,0.523489933,0.137254902,0.554913295,0.484076433,0.534246575,0.546666667,0.137254902,0.554913295
0.670886076,0.506666667,0.486486486,0.606060606,0,0.4875,0.576923077,0.585365854,0.535947712,0.288135593,0.472222222,0.288135593,0.486486486,0.452554745,0,0,0,0.020833333,0.041237113,0.041237113,0.041237113,0.559006211,0.580246914,0.540229885,0.50887574,0.243478261,0.448717949,0.580246914,0.505882353,0.505882353,0.243478261,0.454545455,0.12962963,0.155339806,0.155339806,0.303030303,0.549295775,0.528571429,0.547945205,0.547945205,0.380952381,0.593548387,0.545454545,0.547945205,0.547945205,0.380952381,0.593548387,0.517006803,0.547945205,0.547945205,0.380952381,0.584415584,0.539007092,0.526315789,0.547945205,0.380952381,0.593548387
0.1,0.021978022,0.063829787,0.12,0,0.042553191,0.041237113,0.06185567,0.103092784,0.14,0.397163121,0.158415842,0.063829787,0.152380952,0,0,0,0.042553191,0.043010753,0.043010753,0.042553191,0.06122449,0.13592233,0.042553191,0.138613861,0.121212121,0.155339806,0.041237113,0.042553191,0.042553191,0.102040816,0.118811881,0.042105263,0.06185567,0.06185567,0.102040816,0.021276596,0.043478261,0.043478261,0.043478261,0.082474227,0.080808081,0.043478261,0.043478261,0.043478261,0.082474227,0.080808081,0.043478261,0.043478261,0.043478261,0.082474227,0.080808081,0.043478261,0.043478261,0.043478261,0.082474227,0.080808081
0.848484848,0.682080925,0.875739645,0.808743169,0.846153846,0.839506173,0.836363636,0.847058824,0.707423581,0.848101266,0.726315789,0.848101266,0.875739645,0.840764331,0.288461538,0.288461538,0,0.853503185,0.853503185,0.853503185,0.853503185,0.808743169,0.811764706,0.824242424,0.824242424,0.855345912,0.840236686,0.816568047,0.833333333,0.824242424,0.85,0.840236686,0.845238095,0.843373494,0.841463415,0.860759494,0.809815951,0.848101266,0.846153846,0.846153846,0.848101266,0.857142857,0.848101266,0.846153846,0.846153846,0.848101266,0.865853659,0.85,0.846153846,0.846153846,0.848101266,0.857142857,0.848101266,0.846153846,0.846153846,0.853503185,0.857142857
0.308943089,0,0,0.302631579,0,0,0.02173913,0.370967742,0,0,0.022222222,0,0,0.146341463,0.417177914,0.417177914,0,0,0,0,0,0.371257485,0.363636364,0,0,0,0,0.372413793,0,0,0,0,0,0,0,0,0.356589147,0,0,0,0,0.02173913,0,0,0,0,0.02173913,0,0,0,0,0.02173913,0,0,0,0,0.02173913
0.382978723,0.091954023,0.333333333,0.259259259,0,0.302521008,0.203821656,0.167741935,0.215053763,0.108695652,0.339622642,0.170212766,0.340740741,0.025641026,0,0,0,0.202020202,0.330275229,0.330275229,0,0.283950617,0.191616766,0.285714286,0.3,0.166666667,0.392156863,0.191616766,0.306451613,0.314049587,0.087912088,0.394736842,0.317073171,0.311111111,0.325925926,0.229166667,0.374100719,0.374100719,0.202020202,0.202020202,0.096385542,0.441860465,0.374100719,0.202020202,0.224489796,0.095238095,0.441860465,0.371428571,0.217821782,0.2,0.098765432,0.436781609,0.382978723,0.22,0.202020202,0.075,0.444444444
0.426229508,0.25,0.191489362,0.396825397,0.08,0.363636364,0.421875,0.387096774,0.357723577,0.1,0.330097087,0.1,0.191489362,0.260869565,0,0,0,0.105263158,0.105263158,0.105263158,0.08,0.453125,0.380165289,0.393442623,0.363636364,0.21978022,0.339285714,0.383333333,0.318584071,0.393442623,0.21978022,0.299065421,0.152173913,0.172043011,0.163265306,0.323232323,0.307692308,0.15,0.103896104,0.08,0.08,0.386554622,0.175,0.103896104,0.103896104,0.08,0.383333333,0.175,0.103896104,0.08,0.08,0.372881356,0.151898734,0.078947368,0.103896104,0.08,0.366666667
0.075949367,0.052631579,0,0.071428571,0,0.051948052,0.148148148,0.146341463,0.026666667,0.027027027,0.516129032,0.027027027,0,0.053333333,0,0,0,0.102564103,0.126582278,0.126582278,0.078947368,0.186046512,0.197530864,0.051948052,0.051948052,0.027027027,0,0.219512195,0.051948052,0.051948052,0.027027027,0,0.103896104,0.175,0.175,0,0.02739726,0.195121951,0.195121951,0.15,0,0.077922078,0.15,0.195121951,0.195121951,0,0.076923077,0.195121951,0.195121951,0.195121951,0,0.076923077,0.15,0.195121951,0.195121951,0,0.102564103
0.854961832,0.728682171,0.876923077,0.755244755,0.838709677,0.857142857,0.850393701,0.861538462,0,0.827067669,0.820895522,0.838709677,0.876923077,0.838709677,0.17721519,0.17721519,0,0.80620155,0.80620155,0.80620155,0.80620155,0.743243243,0.797101449,0.857142857,0.857142857,0.80620155,0.835820896,0.808823529,0.857142857,0.857142857,0.80620155,0.835820896,0.837209302,0.837209302,0.818181818,0.809160305,0.830769231,0.84375,0.857142857,0.857142857,0.80620155,0.846153846,0.84375,0.857142857,0.857142857,0.80620155,0.846153846,0.852713178,0.857142857,0.857142857,0.80620155,0.846153846,0.84375,0.857142857,0.857142857,0.80620155,0.846153846
0.504672897,0,0.393700787,0.344370861,0.054054054,0.317757009,0.486956522,0.573643411,0,0.476190476,0.078947368,0.476190476,0.393700787,0.403846154,0.43537415,0.43537415,0,0.054054054,0.054054054,0.054054054,0.054054054,0.320987654,0.556390977,0.317757009,0.317757009,0.458015267,0.291262136,0.554744526,0.317757009,0.317757009,0.458015267,0.291262136,0.102564103,0.102564103,0.102564103,0.054054054,0.460176991,0.054054054,0.054054054,0.054054054,0.054054054,0.486956522,0.054054054,0.054054054,0.054054054,0.054054054,0.486956522,0.054054054,0.054054054,0.054054054,0.054054054,0.486956522,0.054054054,0.054054054,0.054054054,0.054054054,0.486956522
0.252252252,0.027777778,0.194174757,0.242424242,0,0.186046512,0.285714286,0.246376812,0.098765432,0.084507042,0.17721519,0.084507042,0.2,0.057142857,0,0,0,0.12987013,0.153846154,0.153846154,0.056338028,0.270676692,0.203389831,0.166666667,0.186046512,0.109589041,0,0.203389831,0.166666667,0.164705882,0.109589041,0,0.408759124,0.396825397,0.416666667,0.054794521,0.196078431,0.409090909,0.363636364,0.391752577,0.057971014,0.18487395,0.387596899,0.375,0.319148936,0.057971014,0.186440678,0.417910448,0.346938776,0.32967033,0.057971014,0.188034188,0.409090909,0.378947368,0.38,0.057971014,0.186440678
0.325581395,0.227848101,0.081081081,0.444444444,0.138888889,0.222222222,0.375,0.350515464,0.369565217,0.138888889,0.24691358,0.205128205,0.081081081,0.207792208,0,0,0,0.138888889,0.138888889,0.138888889,0.138888889,0.504672897,0.371134021,0.222222222,0.222222222,0.205128205,0.054054054,0.387755102,0.222222222,0.222222222,0.138888889,0.054054054,0.25,0.213333333,0.213333333,0.25,0.172839506,0.138888889,0.138888889,0.138888889,0.138888889,0.294736842,0.138888889,0.138888889,0.138888889,0.138888889,0.29787234,0.138888889,0.138888889,0.138888889,0.138888889,0.29787234,0.138888889,0.138888889,0.138888889,0.138888889,0.29787234
0.078947368,0.028571429,0,0.133333333,0,0.085714286,0.108108108,0.109589041,0,0.056338028,0.028985507,0.056338028,0,0.029411765,0,0,0,0.029411765,0,0,0.028985507,0.126582278,0.084507042,0.083333333,0.085714286,0.056338028,0,0.084507042,0.083333333,0.083333333,0.056338028,0,0.109589041,0.083333333,0.083333333,0,0.057142857,0.029411765,0.029411765,0.029411765,0,0.084507042,0.029411765,0.029411765,0.029411765,0,0.084507042,0.029411765,0.029411765,0.029411765,0,0.084507042,0.029411765,0.029411765,0.029411765,0,0.084507042
0.666666667,0.595419847,0.79338843,0.617886179,0.673267327,0.685714286,0.771929825,0.745454545,0.028571429,0.68627451,0.601626016,0.68627451,0.79338843,0.673267327,0.136986301,0.136986301,0,0.647619048,0.647619048,0.647619048,0.653846154,0.584615385,0.730434783,0.672897196,0.685714286,0.666666667,0.72,0.735042735,0.685714286,0.666666667,0.666666667,0.72,0.754385965,0.690265487,0.67826087,0.679245283,0.691588785,0.697247706,0.699029126,0.68627451,0.653846154,0.684210526,0.697247706,0.699029126,0.68627451,0.653846154,0.684210526,0.697247706,0.699029126,0.68627451,0.653846154,0.684210526,0.697247706,0.699029126,0.68627451,0.653846154,0.67826087
0.571428571,0,0.225,0.396946565,0.111111111,0.272727273,0.65,0.608,0,0.580152672,0.530973451,0.580152672,0.225,0.265060241,0.295081967,0.295081967,0,0.111111111,0.111111111,0.111111111,0.111111111,0.297520661,0.615384615,0.272727273,0.272727273,0.365591398,0.188235294,0.598290598,0.272727273,0.272727273,0.365591398,0.188235294,0.32183908,0.32183908,0.32183908,0.111111111,0.392156863,0.111111111,0.111111111,0.111111111,0.111111111,0.65,0.111111111,0.111111111,0.111111111,0.111111111,0.65,0.111111111,0.111111111,0.111111111,0.111111111,0.65,0.111111111,0.111111111,0.111111111,0.111111111,0.65
0.301075269,0.161290323,0.276595745,0.237623762,0,0.441558442,0.280701754,0.268907563,0.246575342,0.27027027,0.272727273,0.219178082,0.292134831,0,0,0,0,0.303797468,0.344086022,0.344086022,0.034482759,0.285714286,0.275229358,0.425,0.38961039,0.215384615,0,0.290909091,0.419753086,0.394736842,0.277777778,0,0.361904762,0.344086022,0.363636364,0.228571429,0.446808511,0.419047619,0.488372093,0.488372093,0.098360656,0.355932203,0.423076923,0.488372093,0.488372093,0.033898305,0.355932203,0.431372549,0.488372093,0.488372093,0.033898305,0.355932203,0.423076923,0.488372093,0.488372093,0.066666667,0.355932203
0.5,0.297297297,0.371428571,0.505494505,0.172413793,0.476190476,0.494623656,0.52173913,0.488888889,0.5,0.426966292,0.5,0.388888889,0.447058824,0,0,0,0.290322581,0.276923077,0.276923077,0.303030303,0.449438202,0.52173913,0.476190476,0.482758621,0.505747126,0.528735632,0.539325843,0.494117647,0.5,0.505747126,0.505747126,0.352941176,0.298507463,0.298507463,0.386363636,0.494117647,0.363636364,0.317460317,0.317460317,0.376811594,0.516853933,0.363636364,0.317460317,0.317460317,0.376811594,0.516853933,0.363636364,0.317460317,0.317460317,0.376811594,0.516853933,0.363636364,0.317460317,0.317460317,0.376811594,0.522727273
0.105263158,0.105263158,0.072727273,0.2,0,0.169491525,0.105263158,0.140350877,0.2,0.2,0.242424242,0.2,0.072727273,0.169491525,0,0,0,0.137931034,0.105263158,0.105263158,0.140350877,0.137931034,0.137931034,0.137931034,0.169491525,0.2,0.105263158,0.137931034,0.137931034,0.169491525,0.2,0.105263158,0.169491525,0.169491525,0.140350877,0.169491525,0.137931034,0.107142857,0.103448276,0.103448276,0.107142857,0.137931034,0.103448276,0.107142857,0.107142857,0.103448276,0.137931034,0.103448276,0.107142857,0.107142857,0.103448276,0.137931034,0.103448276,0.103448276,0.103448276,0.103448276,0.137931034
0.735632184,0.659574468,0.875,0.653061224,0.738095238,0.795454545,0.824742268,0.828282828,0.036363636,0.752941176,0.696428571,0.752941176,0.875,0.712643678,0.258064516,0.258064516,0,0.729411765,0.729411765,0.729411765,0.729411765,0.632653061,0.76,0.808988764,0.795454545,0.729411765,0.829787234,0.767676768,0.8,0.795454545,0.729411765,0.829787234,0.8,0.782608696,0.791208791,0.729411765,0.781609195,0.769230769,0.764044944,0.75862069,0.729411765,0.792079208,0.769230769,0.764044944,0.764044944,0.729411765,0.792079208,0.769230769,0.75862069,0.75862069,0.729411765,0.792079208,0.769230769,0.764044944,0.764044944,0.729411765,0.792079208
0.459459459,0,0.131147541,0.24742268,0.037037037,0.142857143,0.554455446,0.577319588,0,0.037037037,0.037037037,0.037037037,0.131147541,0.25,0.436363636,0.436363636,0,0.037037037,0.037037037,0.037037037,0.037037037,0.242990654,0.589473684,0.142857143,0.142857143,0.037037037,0.171428571,0.602150538,0.142857143,0.142857143,0.037037037,0.171428571,0.036363636,0.036363636,0.036363636,0.037037037,0.375,0.037037037,0.037037037,0.037037037,0.037037037,0.554455446,0.037037037,0.037037037,0.037037037,0.037037037,0.554455446,0.037037037,0.037037037,0.037037037,0.037037037,0.554455446,0.037037037,0.037037037,0.037037037,0.037037037,0.554455446
0.588235294,0,0.504347826,0.587412587,0,0.265306122,0.666666667,0.656934307,0.172839506,0.162162162,0.188235294,0.162162162,0.504347826,0.027777778,0,0,0,0.202531646,0.131578947,0.131578947,0.057971014,0.615384615,0.575342466,0.323809524,0.310679612,0.205128205,0.252631579,0.575342466,0.317757009,0.268041237,0.181818182,0.227272727,0.605633803,0.611940299,0.626865672,0.117647059,0.527027027,0.651851852,0.593220339,0.62295082,0.084507042,0.647482014,0.651851852,0.6,0.629032258,0.084507042,0.647058824,0.651851852,0.611570248,0.611570248,0.084507042,0.656934307,0.656934307,0.62295082,0.611570248,0.084507042,0.642335766
0.298850575,0.131578947,0.151898734,0.344086022,0,0.128205128,0.2,0.17721519,0.202531646,0.081081081,0.133333333,0.081081081,0.103896104,0.056338028,0,0,0,0,0,0,0,0.470588235,0.179487179,0.151898734,0.128205128,0.102564103,0.175,0.2,0.128205128,0.128205128,0.102564103,0.175,0.111111111,0.029411765,0.057971014,0.144578313,0.120481928,0.057142857,0.057142857,0.055555556,0.054054054,0.175,0.057142857,0.057142857,0.057142857,0.054054054,0.175,0.111111111,0.057142857,0.057142857,0.054054054,0.175,0.057142857,0.055555556,0.055555556,0.054054054,0.175
0.057971014,0,0,0.258823529,0,0,0.057971014,0.057971014,0.081081081,0.028985507,0.057971014,0.029411765,0,0.057971014,0,0,0,0.057971014,0.029411765,0.029411765,0.029411765,0.289156627,0.028985507,0,0,0,0.029411765,0.028985507,0,0.029411765,0,0.029411765,0.057142857,0.057142857,0.057142857,0.029411765,0.029411765,0.028985507,0.029411765,0.029411765,0.028985507,0.057971014,0.028985507,0.029411765,0.029411765,0.028985507,0.057971014,0.028985507,0.029411765,0.029411765,0.028985507,0.057971014,0.028985507,0.029411765,0.029411765,0.028985507,0.057971014
0.744827586,0,0.385542169,0.761290323,0.345679012,0.361445783,0.409090909,0.409090909,0.028169014,0.345679012,0.16,0.345679012,0.385542169,0.345679012,0.057971014,0,0,0.6875,0.6875,0.6875,0.6875,0.730769231,0.367816092,0.380952381,0.352941176,0.682170543,0.359550562,0.386363636,0.361445783,0.380952381,0.681818182,0.359550562,0.365853659,0.345679012,0.345679012,0.677165354,0.357142857,0.365853659,0.345679012,0.345679012,0.677165354,0.418604651,0.365853659,0.345679012,0.345679012,0.677165354,0.418604651,0.365853659,0.345679012,0.345679012,0.677165354,0.418604651,0.365853659,0.345679012,0.345679012,0.677165354,0.418604651
0.25,0,0.029411765,0.309278351,0,0.028571429,0,0.103896104,0,0,0,0,0.029411765,0,0.255813953,0.255813953,0,0,0,0,0,0.366972477,0.108108108,0,0.028571429,0.057971014,0.08,0.133333333,0,0.028571429,0.057971014,0.08,0,0,0,0.138888889,0.057971014,0,0,0,0,0.054794521,0,0,0,0,0,0,0,0,0,0,0,0,0,0,0.054794521
0.542635659,0.205128205,0.561983471,0.553846154,0,0.387096774,0.620155039,0.661538462,0.42,0.059701493,0.329411765,0.088235294,0.557377049,0.032786885,0,0,0,0.191780822,0.14084507,0.14084507,0.033333333,0.552845528,0.622222222,0.382022472,0.395604396,0.059701493,0.244444444,0.622222222,0.391304348,0.382022472,0.088235294,0.219512195,0.687022901,0.68907563,0.683760684,0.194444444,0.55,0.634920635,0.532110092,0.542056075,0.179104478,0.672268908,0.634920635,0.532110092,0.537037037,0.1,0.672268908,0.634920635,0.530973451,0.553571429,0.1,0.672268908,0.634920635,0.547169811,0.509433962,0.179104478,0.672268908
0.314285714,0.260869565,0.235294118,0.432989691,0,0.225352113,0.35,0.35,0.293333333,0.129032258,0.268656716,0.125,0.153846154,0.153846154,0,0,0,0,0,0,0,0.451612903,0.315789474,0.225352113,0.225352113,0.064516129,0.305555556,0.337662338,0.225352113,0.225352113,0.033333333,0.305555556,0.06779661,0,0,0.117647059,0.285714286,0.098360656,0.215384615,0.066666667,0.06779661,0.32,0.098360656,0.215384615,0.215384615,0.06779661,0.297297297,0.098360656,0.215384615,0.215384615,0.06779661,0.297297297,0.098360656,0.215384615,0.215384615,0.06779661,0.297297297
0.096774194,0.03125,0,0.275,0,0.033333333,0.066666667,0.066666667,0.149253731,0.063492063,0.096774194,0.063492063,0,0.06557377,0,0,0,0.066666667,0.034482759,0.034482759,0.034482759,0.340909091,0.064516129,0.033333333,0.033333333,0.033898305,0.032258065,0.064516129,0.033333333,0.033333333,0,0.032258065,0.06557377,0.066666667,0.066666667,0.031746032,0.06557377,0.066666667,0.066666667,0.066666667,0.034482759,0.066666667,0.066666667,0.066666667,0.066666667,0.034482759,0.066666667,0.066666667,0.066666667,0.066666667,0.034482759,0.066666667,0.066666667,0.066666667,0.066666667,0.034482759,0.066666667
0.425,0.38961039,0.416666667,0.559440559,0.347826087,0.394736842,0.425,0.425,0.151515152,0.378378378,0.378378378,0.378378378,0.416666667,0.347826087,0,0,0,0.486956522,0.486956522,0.486956522,0.486956522,0.573426573,0.425,0.373333333,0.373333333,0.504201681,0.383561644,0.425,0.394736842,0.373333333,0.504201681,0.383561644,0.426666667,0.405405405,0.405405405,0.491525424,0.43373494,0.394736842,0.38961039,0.38961039,0.495726496,0.441558442,0.394736842,0.38961039,0.38961039,0.495726496,0.441558442,0.394736842,0.38961039,0.38961039,0.495726496,0.441558442,0.394736842,0.38961039,0.38961039,0.486956522,0.441558442
0.333333333,0,0,0.5,0,0.034482759,0.09375,0.123076923,0,0,0,0,0,0,0.419753086,0.419753086,0,0.298507463,0.298507463,0.298507463,0.298507463,0.650406504,0.169014085,0.034482759,0.034482759,0.298507463,0,0.14084507,0.034482759,0.034482759,0.298507463,0,0,0,0,0.298507463,0.033898305,0,0,0,0.298507463,0.09375,0,0,0,0.298507463,0.09375,0,0,0,0.298507463,0.09375,0,0,0,0.298507463,0.09375
0.416,0.314606742,0.472727273,0.344827586,0,0.326086957,0.363636364,0.42519685,0.382022472,0.5,0.38,0.409638554,0.47706422,0.136986301,0,0,0,0.42,0.315789474,0.225352113,0.212121212,0.341463415,0.509090909,0.382022472,0.395604396,0.47826087,0.446808511,0.509090909,0.311111111,0.314606742,0.409638554,0.442105263,0.623853211,0.557377049,0.561983471,0.313253012,0.536585366,0.535714286,0.690909091,0.666666667,0.228571429,0.527272727,0.535714286,0.673076923,0.712871287,0.228571429,0.522522523,0.535714286,0.680412371,0.718446602,0.228571429,0.522522523,0.535714286,0.686868687,0.684684685,0.228571429,0.527272727
0.216216216,0.123076923,0.2,0.289473684,0,0.151515152,0.151515152,0.151515152,0.307692308,0.032786885,0.095238095,0.063492063,0.179104478,0.142857143,0,0,0,0,0,0,0,0.345679012,0.176470588,0.151515152,0.147058824,0.173913043,0.033333333,0.2,0.179104478,0.179104478,0.179104478,0.033898305,0.066666667,0.035087719,0.035087719,0.06779661,0.228571429,0.033333333,0.06557377,0.06557377,0.035087719,0.095238095,0.033333333,0.06557377,0.06557377,0.035087719,0.095238095,0.033333333,0.06557377,0.06557377,0.035087719,0.095238095,0.033333333,0.06557377,0.06557377,0.035087719,0.092307692
0.337662338,0.066666667,0,0.333333333,0,0.066666667,0.033898305,0.033898305,0.278481013,0.06779661,0.068965517,0.06779661,0,0.033898305,0,0,0,0.066666667,0.066666667,0.066666667,0.06779661,0.275,0.066666667,0.066666667,0.066666667,0.297297297,0.033898305,0.066666667,0.066666667,0.066666667,0.333333333,0.033898305,0.033898305,0.033898305,0.033898305,0.345679012,0.033333333,0.066666667,0.066666667,0.066666667,0.035087719,0.06779661,0.066666667,0.066666667,0.066666667,0.035087719,0.06779661,0.066666667,0.066666667,0.066666667,0.035087719,0.06779661,0.066666667,0.066666667,0.066666667,0.035087719,0.06779661
0.438356164,0.416666667,0.459459459,0.233766234,0.376811594,0.459459459,0.416666667,0.422535211,0.06557377,0.465753425,0.465753425,0.465753425,0.459459459,0.459459459,0,0,0,0,0,0,0,0.16,0.459459459,0.459459459,0.459459459,0.068965517,0.459459459,0.459459459,0.459459459,0.459459459,0.068965517,0.459459459,0.4,0.4,0.4,0.06557377,0.459459459,0.422535211,0.422535211,0.422535211,0,0.394366197,0.422535211,0.422535211,0.422535211,0,0.394366197,0.422535211,0.422535211,0.422535211,0,0.394366197,0.422535211,0.422535211,0.422535211,0,0.394366197
0.727272727,0,0.727272727,0.626086957,0,0.741573034,0.703296703,0.688172043,0,0.712643678,0.659793814,0.712643678,0.727272727,0.711111111,0.685714286,0.704761905,0.704545455,0.133333333,0.133333333,0.133333333,0.133333333,0.387755102,0.695652174,0.719101124,0.727272727,0.704545455,0.712643678,0.703296703,0.719101124,0.727272727,0.704545455,0.712643678,0,0,0,0.379746835,0.695652174,0,0,0,0.133333333,0.703296703,0,0,0,0.133333333,0.703296703,0,0,0,0.133333333,0.703296703,0,0,0,0.133333333,0.703296703
0.442307692,0.449438202,0.4,0.393162393,0,0.466019417,0.472727273,0.477876106,0.383838384,0.219178082,0.24691358,0.225352113,0.419047619,0.47311828,0,0,0,0.378378378,0.363636364,0.363636364,0,0.272727273,0.551020408,0.495238095,0.490909091,0.181818182,0.472727273,0.551020408,0.455445545,0.42,0.219178082,0.490909091,0.574257426,0.510204082,0.510204082,0.302325581,0.548672566,0.588235294,0.590909091,0.588235294,0.153846154,0.561983471,0.582524272,0.588235294,0.588235294,0.155844156,0.557377049,0.582524272,0.604651163,0.590909091,0.155844156,0.552845528,0.582524272,0.574712644,0.590909091,0.155844156,0.557377049
0.260869565,0.133333333,0.137931034,0.328767123,0,0.105263158,0.206896552,0.233333333,0.276923077,0.109090909,0.15625,0.109090909,0.133333333,0.285714286,0,0,0,0,0,0,0,0.257142857,0.2,0.071428571,0.071428571,0.163934426,0.133333333,0.196721311,0.137931034,0.137931034,0.163934426,0.070175439,0.078431373,0.04,0.04,0.25,0.163934426,0.04,0.111111111,0.111111111,0,0.169491525,0.04,0.111111111,0.111111111,0,0.169491525,0.038461538,0.111111111,0.111111111,0,0.169491525,0.038461538,0.111111111,0.111111111,0,0.169491525
0.105263158,0,0,0.184615385,0,0,0.04,0.039215686,0.161290323,0,0.068965517,0,0,0,0,0,0,0.04,0.04,0.04,0.04,0.179104478,0,0,0,0.158730159,0,0,0,0,0.13559322,0,0.039215686,0.04,0.04,0.071428571,0,0.039215686,0.039215686,0.039215686,0,0,0.039215686,0.039215686,0.039215686,0,0,0.039215686,0.039215686,0.039215686,0,0,0.039215686,0.039215686,0.039215686,0,0
0.380952381,0.338983051,0.338983051,0.225352113,0.25,0.338983051,0.338983051,0.338983051,0.076923077,0.338983051,0.338983051,0.338983051,0.338983051,0.338983051,0,0,0,0,0,0,0,0.253164557,0.338983051,0.338983051,0.338983051,0.175438596,0.338983051,0.338983051,0.338983051,0.338983051,0.178571429,0.338983051,0.338983051,0.338983051,0.338983051,0.075471698,0.338983051,0.338983051,0.338983051,0.338983051,0.038461538,0.338983051,0.338983051,0.338983051,0.338983051,0.038461538,0.338983051,0.338983051,0.338983051,0.338983051,0.038461538,0.338983051,0.338983051,0.338983051,0.338983051,0.038461538,0.338983051
0.473684211,0,0.111111111,0.391304348,0,0.071428571,0.338983051,0.338983051,0,0.237288136,0.210526316,0.237288136,0.111111111,0,0.227848101,0.227848101,0,0.185185185,0.185185185,0.185185185,0.185185185,0.458333333,0.166666667,0.133333333,0.133333333,0.465753425,0.169491525,0.166666667,0.071428571,0.133333333,0.465753425,0.169491525,0.04,0.04,0.04,0.328358209,0.185185185,0,0,0,0.185185185,0.338983051,0,0,0,0.185185185,0.338983051,0,0,0,0.185185185,0.338983051,0,0,0,0.185185185,0.338983051
0.486486486,0.412371134,0.508196721,0.524590164,0,0.46,0.592592593,0.605042017,0.566371681,0.514851485,0.44,0.534653465,0.5,0.340909091,0,0,0,0.655462185,0.581818182,0.581818182,0.571428571,0.45,0.574074074,0.451612903,0.458333333,0.52,0.486956522,0.574074074,0.484848485,0.47826087,0.529411765,0.52991453,0.615384615,0.637931034,0.637931034,0.509433962,0.513274336,0.65,0.744680851,0.731182796,0.489361702,0.545454545,0.65,0.721649485,0.72,0.456521739,0.545454545,0.65,0.729166667,0.734693878,0.444444444,0.545454545,0.655462185,0.715789474,0.736842105,0.44,0.545454545
0.413043478,0.125,0.205882353,0.225,0.033898305,0.092307692,0.114285714,0.147058824,0.292134831,0.129032258,0.129032258,0.129032258,0.205882353,0.202898551,0,0,0,0,0,0,0,0.263736264,0.2,0.092307692,0.0625,0.282051282,0.15625,0.208955224,0.095238095,0.095238095,0.282051282,0.147058824,0.0625,0.033333333,0.033333333,0.333333333,0.153846154,0.123076923,0.121212121,0.121212121,0.035087719,0.235294118,0.123076923,0.121212121,0.121212121,0.035087719,0.235294118,0.123076923,0.121212121,0.121212121,0.035087719,0.235294118,0.098360656,0.121212121,0.121212121,0.035087719,0.235294118
0.189189189,0.06779661,0,0.329113924,0,0.034482759,0.068965517,0.068965517,0.27027027,0.035087719,0.095238095,0.035087719,0,0.068965517,0,0,0,0.068965517,0.068965517,0.068965517,0.068965517,0.230769231,0.068965517,0.034482759,0.034482759,0.189189189,0.035087719,0.068965517,0.06779661,0.06779661,0.189189189,0.035087719,0.06779661,0.06779661,0.06779661,0.142857143,0.034482759,0.068965517,0.068965517,0.068965517,0.068965517,0.06779661,0.068965517,0.068965517,0.035087719,0.068965517,0.06779661,0.035087719,0.035087719,0.035087719,0.068965517,0.06779661,0.035087719,0.068965517,0.068965517,0.068965517,0.06779661
0.49382716,0.25,0.303030303,0.390243902,0.163934426,0.303030303,0.303030303,0.303030303,0.158730159,0.303030303,0.303030303,0.303030303,0.303030303,0.303030303,0.035087719,0.035087719,0.035087719,0,0,0,0,0.227848101,0.303030303,0.303030303,0.303030303,0.351351351,0.303030303,0.303030303,0.303030303,0.303030303,0.351351351,0.303030303,0.25,0.25,0.25,0.301369863,0.303030303,0.25,0.25,0.25,0.09375,0.276923077,0.25,0.25,0.25,0.095238095,0.276923077,0.25,0.25,0.25,0.095238095,0.276923077,0.25,0.25,0.25,0.09375,0.276923077
0.617283951,0,0.352941176,0.622641509,0,0.352941176,0.352941176,0.352941176,0,0.347826087,0.303030303,0.347826087,0.352941176,0.366197183,0.323529412,0.323529412,0.371428571,0.328358209,0.328358209,0.328358209,0.328358209,0.549019608,0.352941176,0.352941176,0.352941176,0.577777778,0.328358209,0.352941176,0.352941176,0.352941176,0.577777778,0.328358209,0,0,0,0.444444444,0.352941176,0,0,0,0.328358209,0.352941176,0,0,0,0.328358209,0.352941176,0,0,0,0.328358209,0.352941176,0,0,0,0.328358209,0.352941176
0.383838384,0.176470588,0.239130435,0.265306122,0,0.435897436,0.234042553,0.258064516,0.361445783,0.197183099,0.441558442,0.219178082,0.241758242,0.126984127,0,0,0,0.388059701,0.375,0.375,0.253968254,0.365591398,0.442307692,0.410958904,0.430379747,0.219512195,0.341463415,0.442307692,0.410958904,0.383561644,0.213333333,0.333333333,0.519230769,0.494845361,0.489795918,0.171428571,0.509803922,0.617021277,0.659340659,0.659340659,0.074074074,0.484210526,0.617021277,0.659340659,0.659340659,0.1,0.484210526,0.617021277,0.659340659,0.666666667,0.1,0.484210526,0.617021277,0.636363636,0.666666667,0.1,0.484210526
0.123076923,0,0,0.31884058,0,0,0.036363636,0.034482759,0.208955224,0,0.075471698,0,0,0,0,0,0,0,0,0,0,0.264705882,0.035714286,0,0,0.142857143,0,0.033898305,0,0,0.142857143,0,0,0,0,0.088235294,0.070175439,0,0,0,0.039215686,0.033333333,0,0,0,0.039215686,0.035087719,0,0,0,0.039215686,0.035087719,0,0,0,0.039215686,0.035087719
0.513513514,0.076923077,0,0.485714286,0,0.076923077,0.076923077,0.076923077,0.457142857,0,0,0,0,0.039215686,0,0,0,0.506666667,0.506666667,0.506666667,0.506666667,0.507042254,0.076923077,0.076923077,0.076923077,0.513513514,0,0.076923077,0.076923077,0.076923077,0.457142857,0,0.076923077,0.076923077,0.076923077,0.513513514,0,0.076923077,0.076923077,0.076923077,0.506666667,0.039215686,0.076923077,0.076923077,0.076923077,0.506666667,0.039215686,0.076923077,0.076923077,0.076923077,0.506666667,0.039215686,0.076923077,0.076923077,0.076923077,0.506666667,0.039215686
0.262295082,0.245614035,0.305084746,0.333333333,0.214285714,0.305084746,0.275862069,0.275862069,0.035087719,0.305084746,0.305084746,0.305084746,0.305084746,0.305084746,0,0,0,0,0,0,0,0.172839506,0.305084746,0.305084746,0.305084746,0.103448276,0.305084746,0.305084746,0.305084746,0.305084746,0.103448276,0.305084746,0.245614035,0.245614035,0.245614035,0.103448276,0.305084746,0.245614035,0.245614035,0.245614035,0.038461538,0.275862069,0.245614035,0.245614035,0.245614035,0.071428571,0.275862069,0.245614035,0.245614035,0.245614035,0.038461538,0.275862069,0.245614035,0.245614035,0.245614035,0.071428571,0.275862069
0.571428571,0,0.4375,0.534883721,0,0.4375,0.4375,0.4375,0,0.412698413,0.387096774,0.412698413,0.4375,0.454545455,0.40625,0.40625,0.454545455,0.181818182,0.181818182,0.181818182,0.181818182,0.450980392,0.4375,0.4375,0.4375,0.245614035,0.412698413,0.4375,0.4375,0.4375,0.245614035,0.412698413,0.039215686,0.039215686,0.039215686,0.305084746,0.4375,0,0,0,0.181818182,0.4375,0,0,0,0.181818182,0.4375,0,0,0,0.181818182,0.4375,0,0,0,0.181818182,0.4375
0.21978022,0.264705882,0.382022472,0.234042553,0,0.394366197,0.409090909,0.325581395,0.32,0.19047619,0.4,0.109090909,0.382022472,0.24,0,0,0,0.333333333,0.4,0.392857143,0.380952381,0.431818182,0.520833333,0.438356164,0.438356164,0.163934426,0.176470588,0.520833333,0.394366197,0.388888889,0.109090909,0.202898551,0.5,0.477272727,0.477272727,0.037735849,0.3125,0.571428571,0.558823529,0.567164179,0,0.426966292,0.571428571,0.558823529,0.567164179,0,0.422222222,0.571428571,0.567164179,0.567164179,0,0.426966292,0.571428571,0.567164179,0.558823529,0,0.426966292
0.107142857,0.081632653,0.043478261,0.197183099,0,0.185185185,0.233333333,0.233333333,0.121212121,0.085106383,0.12244898,0.085106383,0.043478261,0.08,0,0,0,0,0,0,0,0.202898551,0.181818182,0.185185185,0.150943396,0,0.040816327,0.181818182,0.185185185,0.150943396,0,0.08,0.044444444,0,0,0.042553191,0.117647059,0,0.043478261,0,0.045454545,0.12,0,0.043478261,0,0.045454545,0.12,0.045454545,0.043478261,0,0.045454545,0.12,0,0,0,0.045454545,0.12
0,0,0,0.035087719,0,0.044444444,0,0,0.042553191,0,0,0,0,0,0,0,0,0.045454545,0,0,0,0.111111111,0.045454545,0.044444444,0.044444444,0,0,0.045454545,0.044444444,0.044444444,0,0,0.045454545,0,0,0,0,0,0,0,0,0,0,0,0,0,0,0,0,0,0,0,0,0,0,0,0
0.428571429,0.407407407,0.436363636,0.161290323,0.28,0.436363636,0.436363636,0.436363636,0.045454545,0.436363636,0.436363636,0.436363636,0.436363636,0.436363636,0,0,0,0,0,0,0,0.158730159,0.436363636,0.436363636,0.436363636,0.086956522,0.436363636,0.436363636,0.436363636,0.436363636,0.086956522,0.436363636,0.377358491,0.377358491,0.377358491,0.044444444,0.436363636,0.377358491,0.377358491,0.377358491,0,0.407407407,0.377358491,0.377358491,0.377358491,0,0.407407407,0.377358491,0.377358491,0.377358491,0,0.407407407,0.377358491,0.377358491,0.377358491,0,0.407407407
0.612903226,0,0.407407407,0.441860465,0,0.407407407,0.407407407,0.407407407,0,0.428571429,0.428571429,0.428571429,0.407407407,0.385964912,0.392857143,0.37037037,0.406779661,0.208333333,0.208333333,0.208333333,0.208333333,0.313253012,0.407407407,0.407407407,0.407407407,0.28,0.407407407,0.407407407,0.407407407,0.407407407,0.28,0.407407407,0.088888889,0.088888889,0.088888889,0.28,0.407407407,0,0,0,0.208333333,0.407407407,0,0,0,0.208333333,0.407407407,0,0,0,0.208333333,0.407407407,0,0,0,0.208333333,0.407407407
0.523364486,0.345679012,0.422018349,0.388888889,0,0.589473684,0.392857143,0.425925926,0.436781609,0.361445783,0.43956044,0.361445783,0.414414414,0.345679012,0,0,0,0.373333333,0.425,0.425,0.375,0.581818182,0.428571429,0.528735632,0.511627907,0.329113924,0.427184466,0.428571429,0.574468085,0.541176471,0.345679012,0.36,0.642857143,0.514285714,0.542056075,0.35,0.428571429,0.552380952,0.602150538,0.602150538,0.285714286,0.5,0.552380952,0.589473684,0.602150538,0.235294118,0.5,0.552380952,0.586956522,0.574468085,0.260869565,0.495238095,0.552380952,0.586956522,0.586956522,0.235294118,0.5
0.307692308,0.203389831,0.347826087,0.535714286,0,0.225806452,0.233333333,0.233333333,0.472727273,0.253968254,0.303030303,0.253968254,0.307692308,0.229508197,0,0,0,0.376470588,0.376470588,0,0.376470588,0.526315789,0.253968254,0.225806452,0.225806452,0.413043478,0.2,0.253968254,0.225806452,0.225806452,0.417582418,0.229508197,0.074074074,0.074074074,0.074074074,0.43956044,0.28125,0.206896552,0.206896552,0.206896552,0.395348837,0.233333333,0.206896552,0.206896552,0.206896552,0.395348837,0.233333333,0.206896552,0.206896552,0.206896552,0.395348837,0.233333333,0.206896552,0.206896552,0.206896552,0.395348837,0.233333333
0.641025641,0.229508197,0.307692308,0.637362637,0.237288136,0.262295082,0.233333333,0.262295082,0.649350649,0.266666667,0.237288136,0.266666667,0.307692308,0.233333333,0,0,0,0.641025641,0.658227848,0.641975309,0.658227848,0.638297872,0.253968254,0.266666667,0.262295082,0.631578947,0.290322581,0.253968254,0.262295082,0.262295082,0.631578947,0.290322581,0.237288136,0.237288136,0.237288136,0.641025641,0.295081967,0.237288136,0.237288136,0.237288136,0.631578947,0.295081967,0.237288136,0.237288136,0.237288136,0.631578947,0.295081967,0.237288136,0.237288136,0.237288136,0.631578947,0.295081967,0.237288136,0.237288136,0.237288136,0.631578947,0.295081967
0.470588235,0.375,0.447761194,0.153846154,0.206896552,0.447761194,0.447761194,0.447761194,0.037037037,0.470588235,0.470588235,0.470588235,0.447761194,0.470588235,0.074074074,0.074074074,0.074074074,0,0,0,0,0.192771084,0.447761194,0.447761194,0.447761194,0.203389831,0.470588235,0.447761194,0.447761194,0.447761194,0.203389831,0.470588235,0.4,0.4,0.375,0.036363636,0.447761194,0.4,0.4,0.4,0,0.424242424,0.4,0.4,0.4,0,0.424242424,0.4,0.4,0.4,0,0.424242424,0.4,0.4,0.4,0,0.424242424
0.594594595,0,0.470588235,0.484210526,0,0.470588235,0.470588235,0.470588235,0,0.447761194,0.424242424,0.447761194,0.470588235,0.463768116,0.441176471,0.417910448,0.463768116,0.206896552,0.206896552,0.206896552,0.206896552,0.448979592,0.470588235,0.470588235,0.470588235,0.487804878,0.4,0.470588235,0.470588235,0.470588235,0.487804878,0.4,0.109090909,0.109090909,0.109090909,0.322580645,0.470588235,0,0,0,0.206896552,0.470588235,0,0,0,0.206896552,0.470588235,0,0,0,0.206896552,0.470588235,0,0,0,0.206896552,0.470588235
0.2,0.086956522,0.175,0.144329897,0,0.233333333,0.194174757,0.210526316,0.148148148,0.072727273,0.037037037,0.074074074,0.146341463,0.045454545,0,0,0,0.206896552,0.193548387,0.193548387,0,0.139534884,0.193548387,0.233333333,0.233333333,0.039215686,0.228571429,0.193548387,0.233333333,0.233333333,0.074074074,0.231884058,0.425531915,0.303030303,0.323232323,0.042553191,0.282608696,0.459770115,0.602739726,0.608695652,0,0.408602151,0.459770115,0.608695652,0.563380282,0,0.408602151,0.459770115,0.608695652,0.586666667,0,0.425531915,0.459770115,0.588235294,0.628571429,0,0.425531915
0.140350877,0.170212766,0.088888889,0.233333333,0,0.166666667,0.127659574,0.166666667,0.169491525,0,0.041666667,0.088888889,0.088888889,0.085106383,0,0,0,0,0,0,0,0.271186441,0.127659574,0.166666667,0.166666667,0.153846154,0.130434783,0.127659574,0.166666667,0.166666667,0.148148148,0.130434783,0,0,0,0.12,0.088888889,0,0.086956522,0.086956522,0,0.127659574,0.045454545,0.086956522,0.086956522,0,0.125,0.045454545,0.086956522,0.086956522,0,0.125,0.045454545,0.086956522,0.086956522,0,0.127659574
0,0,0,0.131147541,0,0.046511628,0.090909091,0.090909091,0,0,0.076923077,0,0,0,0,0,0,0,0,0,0.046511628,0.03030303,0,0.046511628,0.046511628,0,0,0,0.046511628,0.046511628,0,0,0,0,0,0,0,0,0,0,0,0.046511628,0,0,0,0,0.046511628,0,0,0,0,0.046511628,0,0,0,0,0.046511628
0.3,0.307692308,0.307692308,0.137931034,0.285714286,0.296296296,0.296296296,0.301886792,0.083333333,0.285714286,0.301886792,0.285714286,0.307692308,0.274509804,0,0,0,0,0,0,0,0.032258065,0.307692308,0.296296296,0.296296296,0.039215686,0.290909091,0.307692308,0.296296296,0.296296296,0.039215686,0.290909091,0.296296296,0.301886792,0.301886792,0.041666667,0.290909091,0.307692308,0.296296296,0.296296296,0,0.339622642,0.307692308,0.296296296,0.296296296,0,0.339622642,0.307692308,0.296296296,0.296296296,0,0.339622642,0.307692308,0.296296296,0.296296296,0,0.339622642
0.338983051,0,0.338461538,0.30952381,0,0.188679245,0.444444444,0.444444444,0,0.350877193,0.245614035,0.350877193,0.349206349,0.290909091,0.275862069,0.275862069,0,0,0,0,0,0.184210526,0.175438596,0.188679245,0.188679245,0.307692308,0.258064516,0.172413793,0.188679245,0.188679245,0.307692308,0.258064516,0.045454545,0.045454545,0.045454545,0,0.327272727,0,0,0,0,0.444444444,0,0,0,0,0.444444444,0,0,0,0,0.444444444,0,0,0,0,0.444444444
0.346153846,0.179487179,0.358490566,0.280373832,0,0.4,0.313043478,0.296296296,0.181818182,0.24691358,0.303797468,0.24691358,0.355140187,0.071428571,0,0,0,0.142857143,0.133333333,0.131147541,0.109090909,0.266666667,0.355140187,0.430379747,0.430379747,0.24,0.329113924,0.348623853,0.4,0.4,0.253164557,0.32,0.509433962,0.520325203,0.491803279,0.213333333,0.438095238,0.504065041,0.651685393,0.651685393,0.161290323,0.550458716,0.512396694,0.659090909,0.651685393,0.161290323,0.550458716,0.512396694,0.659090909,0.636363636,0.161290323,0.550458716,0.504065041,0.651685393,0.651685393,0.161290323,0.550458716
0.242424242,0.196721311,0.071428571,0.266666667,0.037735849,0.181818182,0.203389831,0.203389831,0.25,0.163934426,0.070175439,0.105263158,0.071428571,0.068965517,0,0,0,0,0,0,0,0.311688312,0.137931034,0.070175439,0.068965517,0.101694915,0.153846154,0.137931034,0.103448276,0.068965517,0.131147541,0.126984127,0.074074074,0.074074074,0.074074074,0.096774194,0.151515152,0.071428571,0.037735849,0.037735849,0,0.1875,0.071428571,0.037735849,0.037735849,0,0.19047619,0.071428571,0.037735849,0.037735849,0,0.193548387,0.071428571,0.037735849,0.037735849,0,0.193548387
0.492753623,0,0,0.492753623,0,0,0.037735849,0.037735849,0.470588235,0.037735849,0.095238095,0.037735849,0,0.037735849,0,0,0,0.492753623,0.470588235,0.470588235,0.470588235,0.492753623,0.037735849,0,0,0.492753623,0,0.037735849,0,0,0.492753623,0,0.037735849,0.037735849,0.037735849,0.492753623,0.037735849,0.037735849,0.037735849,0.037735849,0.492753623,0.037735849,0.037735849,0.037735849,0.037735849,0.492753623,0.037735849,0.037735849,0.037735849,0.037735849,0.492753623,0.037735849,0.037735849,0.037735849,0.037735849,0.492753623,0.037735849
0.268656716,0.294117647,0.4,0.207792208,0.237288136,0.358208955,0.307692308,0.3125,0.107142857,0.246153846,0.371428571,0.258064516,0.4,0.25,0.037735849,0.037735849,0,0,0,0,0,0.0625,0.317460317,0.347826087,0.347826087,0,0.322580645,0.317460317,0.358208955,0.347826087,0,0.307692308,0.258064516,0.338461538,0.34375,0,0.323529412,0.262295082,0.266666667,0.266666667,0,0.34375,0.262295082,0.266666667,0.266666667,0.037735849,0.34375,0.262295082,0.266666667,0.266666667,0,0.34375,0.262295082,0.266666667,0.266666667,0.037735849,0.34375
0.818181818,0,0.447761194,0.831460674,0,0.447761194,0.447761194,0.447761194,0,0.447761194,0.447761194,0.447761194,0.447761194,0.447761194,0.447761194,0.447761194,0.434782609,0.831460674,0.831460674,0.831460674,0.831460674,0.831460674,0.447761194,0.447761194,0.447761194,0.831460674,0.447761194,0.447761194,0.447761194,0.447761194,0.831460674,0.447761194,0.074074074,0.074074074,0.074074074,0.831460674,0.447761194,0,0,0,0.831460674,0.447761194,0,0,0,0.831460674,0.447761194,0,0,0,0.831460674,0.447761194,0,0,0,0.831460674,0.447761194
0.197802198,0.035714286,0.367346939,0.303030303,0,0.31884058,0.368932039,0.291666667,0.260869565,0.203389831,0.27027027,0.2,0.375,0.09375,0,0,0,0.035714286,0,0,0,0.254545455,0.34,0.328767123,0.410958904,0.2,0.372093023,0.34,0.346666667,0.371428571,0.203389831,0.375,0.621359223,0.571428571,0.577319588,0.25,0.396226415,0.5,0.666666667,0.642857143,0.107142857,0.448979592,0.505050505,0.689655172,0.642857143,0.107142857,0.448979592,0.505050505,0.642857143,0.674418605,0.107142857,0.442105263,0.505050505,0.626506024,0.602409639,0.107142857,0.442105263
0.151515152,0.107142857,0.072727273,0.272727273,0,0.070175439,0.196721311,0.193548387,0.193548387,0,0.037735849,0,0.072727273,0.125,0,0,0,0,0,0,0,0.242424242,0.163934426,0.1,0.070175439,0.035714286,0.068965517,0.163934426,0.070175439,0.070175439,0.035714286,0.071428571,0.037735849,0.037735849,0.037735849,0.037735849,0.166666667,0.072727273,0,0,0,0.163934426,0.072727273,0,0,0,0.166666667,0.072727273,0,0,0,0.163934426,0.072727273,0,0,0,0.163934426
0.225806452,0,0,0.371428571,0,0.036363636,0.071428571,0.072727273,0.103448276,0.074074074,0.06557377,0.074074074,0,0.074074074,0,0,0,0.070175439,0.071428571,0.071428571,0.070175439,0.184615385,0.035087719,0.035714286,0.035714286,0.237288136,0.037735849,0.035087719,0.035714286,0.035714286,0.237288136,0.037735849,0.036363636,0.035714286,0.035714286,0.222222222,0.037735849,0.035714286,0.035714286,0.035714286,0.105263158,0.072727273,0.035714286,0.035714286,0.035714286,0.105263158,0.071428571,0.035714286,0.035714286,0.035714286,0.105263158,0.072727273,0.035714286,0.035714286,0.035714286,0.105263158,0.072727273
0.410958904,0.366197183,0.478873239,0.2,0.375,0.405797101,0.405797101,0.4,0,0.376811594,0.388888889,0.376811594,0.478873239,0.393939394,0.037735849,0.037037037,0,0,0,0,0,0.053333333,0.416666667,0.405797101,0.405797101,0.068965517,0.416666667,0.416666667,0.405797101,0.4,0.068965517,0.422535211,0.4,0.416666667,0.434782609,0.074074074,0.4,0.393939394,0.411764706,0.411764706,0.037735849,0.472222222,0.393939394,0.417910448,0.411764706,0.037735849,0.472222222,0.393939394,0.411764706,0.4,0.037735849,0.472222222,0.393939394,0.411764706,0.411764706,0.037735849,0.472222222
0.683544304,0,0.424242424,0.7,0,0.424242424,0.424242424,0.424242424,0,0.424242424,0.424242424,0.424242424,0.424242424,0.424242424,0.424242424,0.4,0.441176471,0.7,0.7,0.7,0.7,0.7,0.424242424,0.424242424,0.424242424,0.7,0.424242424,0.424242424,0.424242424,0.424242424,0.7,0.424242424,0.142857143,0.142857143,0.142857143,0.7,0.424242424,0,0,0,0.7,0.424242424,0,0,0,0.7,0.424242424,0,0,0,0.7,0.424242424,0,0,0,0.7,0.424242424
0.303797468,0.4,0.479166667,0.240740741,0,0.410958904,0.46,0.425531915,0.301369863,0.297297297,0.394366197,0.228571429,0.464646465,0.192307692,0,0,0,0.185185185,0.266666667,0.266666667,0,0.279569892,0.357894737,0.4,0.388888889,0.24,0.337662338,0.357894737,0.361111111,0.4,0.315789474,0.337662338,0.509803922,0.477272727,0.477272727,0.333333333,0.392857143,0.526315789,0.625,0.641025641,0.210526316,0.495049505,0.526315789,0.666666667,0.641025641,0.083333333,0.464646465,0.526315789,0.641025641,0.666666667,0.083333333,0.495049505,0.526315789,0.666666667,0.666666667,0.083333333,0.495049505
0.163934426,0.066666667,0.06779661,0.24,0.083333333,0.1,0.070175439,0.070175439,0.266666667,0.115384615,0.109090909,0.111111111,0.074074074,0.103448276,0,0,0,0,0,0,0,0.25974026,0.126984127,0.105263158,0.105263158,0.040816327,0.033333333,0.129032258,0.1,0.109090909,0.041666667,0.033898305,0.081632653,0.081632653,0.081632653,0.041666667,0.13559322,0.081632653,0.083333333,0.083333333,0,0.096774194,0.081632653,0.083333333,0.083333333,0,0.096774194,0.081632653,0.083333333,0.083333333,0,0.096774194,0.081632653,0.083333333,0.083333333,0,0.096774194
0.657142857,0.254545455,0.254545455,0.689655172,0.264150943,0.259259259,0.254545455,0.254545455,0.657894737,0.259259259,0.264150943,0.259259259,0.254545455,0.259259259,0,0,0,0.657142857,0.657142857,0.657142857,0.657142857,0.602409639,0.259259259,0.259259259,0.259259259,0.657142857,0.259259259,0.259259259,0.259259259,0.259259259,0.657142857,0.259259259,0.254545455,0.254545455,0.259259259,0.657142857,0.259259259,0.259259259,0.264150943,0.259259259,0.657142857,0.259259259,0.259259259,0.259259259,0.259259259,0.666666667,0.259259259,0.264150943,0.264150943,0.264150943,0.666666667,0.259259259,0.264150943,0.264150943,0.264150943,0.657142857,0.259259259
0.507042254,0.393939394,0.483870968,0.25,0.413793103,0.461538462,0.466666667,0.507936508,0.075471698,0.4,0.426229508,0.417910448,0.483870968,0.387096774,0.042553191,0.042553191,0,0,0,0,0,0.089552239,0.476190476,0.461538462,0.461538462,0.109090909,0.433333333,0.476190476,0.461538462,0.461538462,0.109090909,0.426229508,0.387096774,0.4,0.4,0.072727273,0.459016393,0.4,0.406779661,0.406779661,0.08,0.380952381,0.4,0.406779661,0.406779661,0.08,0.4,0.4,0.406779661,0.406779661,0.08,0.380952381,0.4,0.406779661,0.406779661,0.08,0.4
0.761904762,0,0.264150943,0.692307692,0,0.264150943,0.264150943,0.264150943,0,0.264150943,0.226415094,0.264150943,0.264150943,0.230769231,0.264150943,0.230769231,0.259259259,0.761904762,0.761904762,0.761904762,0.761904762,0.716049383,0.264150943,0.264150943,0.264150943,0.756097561,0.264150943,0.264150943,0.264150943,0.264150943,0.756097561,0.264150943,0,0,0,0.761904762,0.264150943,0,0,0,0.761904762,0.264150943,0,0,0,0.761904762,0.264150943,0,0,0,0.761904762,0.264150943,0,0,0,0.761904762,0.264150943
0.247787611,0.037037037,0.3125,0.288288288,0,0.276923077,0.285714286,0.310679612,0.21875,0.229508197,0.378378378,0.229508197,0.3125,0,0,0,0,0.145454545,0.31884058,0.31884058,0,0.268041237,0.3125,0.28125,0.28125,0.229508197,0.314285714,0.3125,0.28125,0.276923077,0.229508197,0.324324324,0.513274336,0.466666667,0.483516484,0.253521127,0.347826087,0.536082474,0.558139535,0.551724138,0.258064516,0.490196078,0.553191489,0.558139535,0.558139535,0.258064516,0.490196078,0.520833333,0.551724138,0.558139535,0.253968254,0.490196078,0.536082474,0.558139535,0.551724138,0.258064516,0.490196078
0.347826087,0.229508197,0.140350877,0.394736842,0.038461538,0.137931034,0.317460317,0.307692308,0.1875,0.105263158,0.107142857,0.105263158,0.140350877,0.037037037,0,0,0,0,0,0,0,0.314285714,0.266666667,0.137931034,0.13559322,0.196721311,0.169491525,0.266666667,0.137931034,0.13559322,0.196721311,0.166666667,0.111111111,0.111111111,0.111111111,0.131147541,0.169491525,0.075471698,0.038461538,0.038461538,0,0.258064516,0.075471698,0.038461538,0.038461538,0,0.262295082,0.075471698,0.038461538,0.038461538,0,0.262295082,0.075471698,0.038461538,0.038461538,0,0.262295082
0.037735849,0.037735849,0,0.222222222,0,0.107142857,0.105263158,0.105263158,0.101694915,0.105263158,0.070175439,0.105263158,0,0.137931034,0,0,0,0.038461538,0.037735849,0.037735849,0.109090909,0.158730159,0.137931034,0.107142857,0.107142857,0,0,0.137931034,0.072727273,0.107142857,0,0,0.107142857,0.109090909,0.109090909,0.037735849,0.075471698,0.109090909,0.109090909,0.109090909,0.075471698,0.072727273,0.109090909,0.109090909,0.109090909,0,0.072727273,0.109090909,0.109090909,0.109090909,0.075471698,0.072727273,0.109090909,0.109090909,0.109090909,0,0.072727273
0.373333333,0.4,0.417910448,0.184210526,0.327868852,0.369230769,0.363636364,0.405797101,0,0.322580645,0.373333333,0.322580645,0.417910448,0.317460317,0,0,0,0,0,0,0,0.142857143,0.388888889,0.322580645,0.349206349,0,0.417910448,0.378378378,0.393939394,0.375,0,0.405797101,0.380952381,0.375,0.375,0,0.361111111,0.4,0.4,0.380952381,0,0.388888889,0.4,0.380952381,0.4,0,0.383561644,0.4,0.4,0.380952381,0,0.378378378,0.380952381,0.4,0.380952381,0,0.383561644
0.068965517,0,0,0.464646465,0,0.070175439,0.184615385,0.136986301,0,0.1,0.072727273,0.1,0,0.066666667,0.138888889,0.138888889,0,0.3125,0.3125,0.3125,0.3125,0.319148936,0.129032258,0.070175439,0.070175439,0.3125,0,0.126984127,0.070175439,0.070175439,0.3125,0,0.109090909,0.109090909,0.109090909,0,0.131147541,0,0,0,0.3125,0.184615385,0,0,0,0,0.184615385,0,0,0,0,0.184615385,0,0,0,0.3125,0.184615385
0.341463415,0.17721519,0.341880342,0.371681416,0,0.318181818,0.4,0.393442623,0.344086022,0.32,0.252631579,0.288659794,0.366666667,0,0,0,0,0.272727273,0.3,0.164383562,0,0.27826087,0.413793103,0.311111111,0.344086022,0.291666667,0.125,0.413793103,0.326086957,0.354166667,0.309278351,0.125,0.571428571,0.557377049,0.557377049,0.419047619,0.5,0.580152672,0.672413793,0.672413793,0.305882353,0.480620155,0.580152672,0.677966102,0.672413793,0.305882353,0.480620155,0.580152672,0.666666667,0.683333333,0.157894737,0.480620155,0.580152672,0.666666667,0.672268908,0.305882353,0.480620155
0.388888889,0.179487179,0.238095238,0.454545455,0,0.2,0.225,0.207792208,0.444444444,0.144578313,0.197530864,0.144578313,0.202531646,0.240963855,0,0,0,0,0,0,0,0.495412844,0.157894737,0.2,0.2,0.378378378,0.128205128,0.157894737,0.2,0.2,0.375,0.103896104,0.028571429,0.028571429,0.028571429,0.282828283,0.083333333,0.028169014,0.055555556,0,0.192771084,0.151898734,0.028169014,0,0.055555556,0,0.151898734,0.028169014,0.055555556,0.055555556,0.109589041,0.151898734,0.028169014,0.056338028,0.055555556,0,0.151898734
0.131578947,0.029411765,0,0.377777778,0,0.029411765,0.057971014,0.057971014,0.19047619,0.029411765,0.028169014,0.029411765,0,0.057142857,0,0,0,0.057971014,0,0,0.029411765,0.357894737,0.029411765,0.029411765,0.029411765,0.133333333,0,0.029411765,0.029411765,0.029411765,0.133333333,0,0.029411765,0.029411765,0.029411765,0.184210526,0,0.028985507,0,0.028985507,0.057971014,0,0,0.028985507,0.028985507,0.057971014,0,0,0.028985507,0.028985507,0.057971014,0,0,0.028985507,0.028985507,0.057971014,0
0.313253012,0.213333333,0.275,0.21978022,0.25974026,0.3,0.296296296,0.292682927,0.159090909,0.278481013,0.225,0.278481013,0.275,0.25974026,0.085714286,0.085714286,0,0,0,0,0,0.202247191,0.275,0.296296296,0.296296296,0.055555556,0.261904762,0.278481013,0.3,0.296296296,0.055555556,0.261904762,0.285714286,0.292682927,0.292682927,0.055555556,0.278481013,0.271604938,0.292682927,0.271604938,0,0.275,0.256410256,0.292682927,0.292682927,0,0.275,0.256410256,0.292682927,0.285714286,0,0.275,0.271604938,0.292682927,0.271604938,0,0.275
0.514851485,0,0.136986301,0.427350427,0.112676056,0.19047619,0.292682927,0.32183908,0,0.30952381,0.271604938,0.30952381,0.136986301,0.24691358,0.206896552,0.206896552,0,0,0,0,0,0.173913043,0.288888889,0.172839506,0.19047619,0.225,0.148148148,0.292134831,0.19047619,0.172839506,0.225,0.148148148,0.186666667,0.186666667,0.186666667,0.4375,0.24691358,0.112676056,0.112676056,0.112676056,0,0.292682927,0.112676056,0.112676056,0.112676056,0,0.292682927,0.112676056,0.112676056,0.112676056,0,0.292682927,0.112676056,0.112676056,0.112676056,0,0.292682927
0.622222222,0.576271186,0.431372549,0.571428571,0,0.489795918,0.325581395,0.425531915,0.642857143,0.448979592,0.458333333,0.5,0.431372549,0.545454545,0,0,0,0.62745098,0.553191489,0.553191489,0.368421053,0.416666667,0.458333333,0.618181818,0.566037736,0.545454545,0.487804878,0.458333333,0.538461538,0.566037736,0.528301887,0.45,0.693877551,0.603773585,0.603773585,0.465116279,0.603773585,0.734693878,0.727272727,0.727272727,0.553191489,0.530612245,0.734693878,0.727272727,0.727272727,0.583333333,0.530612245,0.734693878,0.727272727,0.727272727,0.5,0.530612245,0.734693878,0.727272727,0.727272727,0.553191489,0.541666667
0.368421053,0.129032258,0.121212121,0.378378378,0.071428571,0.125,0.066666667,0.066666667,0.45,0.129032258,0.064516129,0.129032258,0.125,0.242424242,0,0,0,0,0,0,0,0.461538462,0.181818182,0.125,0.125,0.307692308,0.125,0.181818182,0.125,0.125,0.324324324,0.125,0.068965517,0.068965517,0.068965517,0.388888889,0.125,0.193548387,0.193548387,0.193548387,0.454545455,0.068965517,0.193548387,0.193548387,0.193548387,0.454545455,0.068965517,0.193548387,0.193548387,0.193548387,0.454545455,0.068965517,0.193548387,0.193548387,0.193548387,0.454545455,0.068965517
0.653061224,0.655737705,0.655737705,0.696969697,0.666666667,0.655737705,0.655737705,0.655737705,0.655737705,0.64516129,0.685714286,0.64516129,0.655737705,0.655737705,0,0,0,0.690909091,0.690909091,0.690909091,0.690909091,0.68852459,0.655737705,0.655737705,0.655737705,0.698412698,0.655737705,0.655737705,0,0.655737705,0.698412698,0.655737705,0.666666667,0,0,0.677419355,0.64516129,0.666666667,0.666666667,0,0.690909091,0.655737705,0.666666667,0,0.666666667,0.677966102,0,0.666666667,0.666666667,0,0.677966102,0.655737705,0,0.666666667,0,0.677966102,0
0.162162162,0,0.066666667,0.655737705,0.071428571,0.071428571,0.068965517,0.068965517,0.421052632,0.066666667,0.066666667,0.066666667,0.066666667,0.071428571,0,0,0,0.47826087,0.47826087,0.47826087,0.47826087,0.634920635,0.071428571,0.071428571,0.071428571,0.557377049,0.071428571,0.071428571,0.071428571,0.071428571,0.557377049,0.071428571,0.071428571,0.071428571,0.071428571,0.5,0.071428571,0.071428571,0.071428571,0.071428571,0.666666667,0.071428571,0.071428571,0.071428571,0.071428571,0.666666667,0.071428571,0.071428571,0.071428571,0.071428571,0.666666667,0.071428571,0.071428571,0.071428571,0.071428571,0.666666667,0.071428571
0.55,0,0.675675676,0.358974359,0.071428571,0.648648649,0.657534247,0.666666667,0,0.684931507,0.193548387,0.647887324,0.675675676,0.647887324,0.702702703,0.702702703,0.628571429,0.607142857,0.607142857,0.607142857,0.607142857,0.35,0.702702703,0.648648649,0.648648649,0.571428571,0.684931507,0.702702703,0.648648649,0.648648649,0.461538462,0.666666667,0.071428571,0.071428571,0.071428571,0.564102564,0.657534247,0.071428571,0.071428571,0.071428571,0.607142857,0.657534247,0.071428571,0.071428571,0.071428571,0.607142857,0.657534247,0.071428571,0.071428571,0.071428571,0.607142857,0.666666667,0.071428571,0.071428571,0.071428571,0.607142857,0.666666667
0.781725888,0.779342723,0.814070352,0.777777778,0.796536797,0.767857143,0.79144385,0.789189189,0.785714286,0.832579186,0.822966507,0.825688073,0.81,0.780269058,0.796536797,0.796536797,0.796536797,0.8,0.798206278,0.787330317,0.791111111,0.763819095,0.737373737,0.756756757,0.756756757,0.821917808,0.834123223,0.762376238,0.760180995,0.765765766,0.809302326,0.821256039,0.816326531,0.8,0.8,0.798122066,0.797979798,0.7960199,0.810810811,0.810810811,0.798206278,0.785714286,0.7960199,0.80733945,0.803652968,0.798206278,0.78974359,0.797979798,0.810810811,0.807174888,0.798206278,0.78974359,0.801980198,0.807174888,0.810810811,0.798206278,0.78974359
0.79,0.811594203,0.830917874,0.761904762,0.796536797,0.830917874,0.805687204,0.839622642,0.822966507,0.810810811,0.771428571,0.803652968,0.830917874,0.796536797,0.796536797,0.796536797,0.796536797,0.828282828,0.822335025,0.818181818,0.82,0.798076923,0.839622642,0.828571429,0.826923077,0.803652968,0.827906977,0.824074074,0.817307692,0.813397129,0.790697674,0.831775701,0.844660194,0.814070352,0.812182741,0.8,0.834123223,0.836538462,0.865384615,0.865384615,0.8,0.803827751,0.830917874,0.866666667,0.866666667,0.813084112,0.803827751,0.830917874,0.866666667,0.866666667,0.8,0.798076923,0.830917874,0.866666667,0.866666667,0.8,0.803827751
0.786407767,0.788990826,0.787610619,0.78817734,0.796536797,0.787037037,0.788990826,0.790909091,0.786407767,0.785714286,0.796460177,0.787330317,0.787610619,0.782222222,0.796536797,0.796536797,0.796536797,0.8,0.796536797,0.796536797,0.796536797,0.770731707,0.785046729,0.772093023,0.772093023,0.776255708,0.807174888,0.781395349,0.762790698,0.762790698,0.776255708,0.807174888,0.807017544,0.792951542,0.792951542,0.775700935,0.791304348,0.767857143,0.791304348,0.791304348,0.784140969,0.801801802,0.767857143,0.791304348,0.791304348,0.784140969,0.801801802,0.771300448,0.791304348,0.789473684,0.784140969,0.801801802,0.771300448,0.789473684,0.791304348,0.784140969,0.801801802
0.813084112,0.796536797,0.801843318,0.811059908,0.796536797,0.801843318,0.809090909,0.809090909,0.796536797,0.813084112,0.809302326,0.813084112,0.801843318,0.809302326,0.811059908,0.811059908,0.796536797,0.796536797,0.796536797,0.796536797,0.796536797,0.818181818,0.794520548,0.801843318,0.801843318,0.805429864,0.798165138,0.794520548,0.801843318,0.801843318,0.805429864,0.798165138,0.801801802,0.801801802,0.801801802,0.801801802,0.805429864,0.796536797,0.796536797,0.796536797,0.796536797,0.809090909,0.796536797,0.796536797,0.796536797,0.796536797,0.809090909,0.796536797,0.796536797,0.796536797,0.796536797,0.809090909,0.796536797,0.796536797,0.796536797,0.796536797,0.809090909
0.981675393,0.992167102,0.988265971,0.977602108,0.988326848,0.990849673,0.981675393,0.981627297,0.989556136,0.984251969,0.992146597,0.982917214,0.988265971,0.988296489,0.988326848,0.988326848,0.988326848,0.988265971,0.985658409,0.985658409,0.987012987,0.983006536,0.990873533,0.989583333,0.990873533,0.986979167,0.988265971,0.990873533,0.990849673,0.990849673,0.988265971,0.988265971,0.992167102,0.990849673,0.990849673,0.986979167,0.990849673,0.989556136,0.990849673,0.990849673,0.988235294,0.985658409,0.989556136,0.990849673,0.990849673,0.988235294,0.985658409,0.989556136,0.990849673,0.990849673,0.988235294,0.985658409,0.989556136,0.990849673,0.990849673,0.988235294,0.985658409
0.986842105,0.977303071,0.978666667,0.98687664,0.988326848,0.978666667,0.981382979,0.978666667,0.985507246,0.984084881,0.982735724,0.984084881,0.980026631,0.984084881,0.988326848,0.988326848,0.988326848,0.982735724,0.982735724,0.982735724,0.981382979,0.984168865,0.981382979,0.978666667,0.978666667,0.984375,0.982735724,0.980026631,0.978666667,0.978666667,0.984334204,0.982735724,0.978666667,0.982735724,0.982735724,0.985620915,0.980026631,0.984084881,0.984084881,0.984084881,0.984334204,0.981382979,0.984084881,0.984084881,0.984084881,0.984334204,0.981382979,0.984084881,0.984084881,0.984084881,0.984334204,0.981382979,0.984084881,0.984084881,0.984084881,0.984334204,0.981382979
0.986772487,0.988326848,0.988326848,0.984084881,0.988326848,0.987012987,0.988326848,0.988326848,0.988326848,0.987012987,0.987012987,0.987012987,0.988326848,0.988326848,0.988326848,0.988326848,0.988326848,0.982781457,0.982781457,0.982781457,0.982781457,0.981382979,0.988326848,0.987012987,0.987012987,0.982735724,0.987012987,0.988326848,0.987012987,0.987012987,0.982735724,0.987012987,0.988326848,0.988326848,0.988326848,0.984084881,0.988326848,0.988326848,0.988326848,0.988326848,0.982781457,0.988326848,0.988326848,0.988326848,0.988326848,0.982781457,0.988326848,0.988326848,0.988326848,0.988326848,0.982781457,0.988326848,0.988326848,0.988326848,0.988326848,0.982781457,0.988326848
0.982781457,0.988326848,0.982781457,0.985507246,0.984042553,0.982781457,0.982781457,0.982781457,0.988326848,0.982781457,0.982781457,0.982781457,0.982781457,0.984126984,0.984042553,0.984042553,0.984126984,0.984042553,0.984042553,0.984042553,0.984042553,0.985468956,0.982781457,0.982781457,0.984084881,0.982781457,0.982781457,0.982781457,0.982781457,0.982781457,0.982781457,0.982781457,0.982781457,0.982781457,0.982781457,0.982781457,0.982781457,0.984042553,0.984042553,0.984042553,0.984042553,0.982781457,0.984042553,0.984042553,0.984042553,0.984042553,0.982781457,0.984042553,0.984042553,0.984042553,0.984042553,0.982781457,0.984042553,0.984042553,0.984042553,0.984042553,0.982781457
0.718232044,0.747368421,0.846153846,0.612716763,0.739130435,0.69005848,0.820809249,0.829545455,0.739884393,0.727272727,0.772727273,0.702380952,0.846153846,0.696774194,0.739130435,0.739130435,0.739130435,0.777142857,0.768361582,0.768361582,0.77173913,0.706586826,0.670454545,0.655172414,0.655172414,0.690909091,0.730337079,0.689265537,0.692307692,0.69047619,0.69005848,0.718232044,0.896551724,0.850574713,0.850574713,0.755813953,0.703296703,0.765027322,0.830409357,0.821428571,0.64171123,0.638554217,0.765027322,0.832369942,0.830409357,0.640883978,0.646706587,0.769230769,0.807017544,0.832369942,0.640883978,0.646706587,0.765027322,0.813953488,0.81871345,0.644444444,0.646706587
0.696132597,0.733944954,0.739726027,0.648044693,0.739130435,0.737327189,0.718446602,0.727272727,0.67816092,0.734883721,0.732394366,0.734883721,0.739726027,0.711711712,0.739130435,0.739130435,0.739130435,0.745614035,0.733624454,0.733624454,0.736842105,0.7,0.730769231,0.740740741,0.723004695,0.64,0.754545455,0.746411483,0.737327189,0.723004695,0.655555556,0.754545455,0.720720721,0.705882353,0.72,0.677419355,0.740740741,0.739726027,0.739726027,0.739726027,0.738317757,0.722222222,0.739726027,0.751131222,0.751131222,0.738317757,0.71627907,0.739726027,0.751131222,0.751131222,0.733944954,0.722222222,0.739726027,0.751131222,0.751131222,0.738317757,0.722222222
0.597402597,0.72972973,0.746666667,0.641025641,0.739130435,0.72972973,0.734513274,0.740088106,0.676767677,0.721461187,0.735426009,0.721461187,0.746666667,0.718181818,0.739130435,0.739130435,0.739130435,0.728070175,0.728070175,0.728070175,0.728070175,0.58974359,0.733031674,0.7239819,0.72972973,0.590604027,0.745614035,0.738738739,0.72972973,0.72972973,0.6,0.745614035,0.72246696,0.728070175,0.72246696,0.702439024,0.734513274,0.71559633,0.726457399,0.726457399,0.591194969,0.743362832,0.709677419,0.726457399,0.726457399,0.607594937,0.746666667,0.71559633,0.726457399,0.726457399,0.611464968,0.746666667,0.709677419,0.726457399,0.726457399,0.607594937,0.75
0.656716418,0.739130435,0.762331839,0.751515152,0.739130435,0.758928571,0.755555556,0.758928571,0.739130435,0.76146789,0.754545455,0.76146789,0.762331839,0.76146789,0.76146789,0.76146789,0.739130435,0.656716418,0.656716418,0.656716418,0.656716418,0.771929825,0.758928571,0.758928571,0.758928571,0.656716418,0.754545455,0.758928571,0.758928571,0.758928571,0.656716418,0.754545455,0.752212389,0.752212389,0.752212389,0.656716418,0.758928571,0.739130435,0.739130435,0.739130435,0.656716418,0.755555556,0.739130435,0.739130435,0.739130435,0.656716418,0.755555556,0.739130435,0.739130435,0.739130435,0.656716418,0.755555556,0.739130435,0.739130435,0.739130435,0.656716418,0.755555556