3.736842105263158,1.5399024124704797,NaN,1908.9473684210527,5.0,1.9481409895786579,NaN,27393.526315789473
31.31578947368421,3.615124515746448,0.05382594118272634,0.8421052631578947,31.31578947368421,3.615124515746448,0.05382594118272634,0.8421052631578947
0.0,0.0,NaN,0.0,0.0,0.0,NaN,0.0
0.0,0.0,NaN,0.0,0.0,0.0,NaN,0.0
4.0,1.3157894736842106,NaN,2000.0526315789473,4.0,1.3157894736842106,NaN,2000.0526315789473
2.8863636363636362,1.313944034730115,NaN,414.25,3.227272727272727,1.442905514602607,NaN,3635.1363636363635
44.15909090909091,3.7675903466753593,0.0651618533875993,45.70454545454545,44.15909090909091,3.7675903466753593,0.0651618533875993,45.70454545454545
24.613636363636363,2.8116145884626804,NaN,0.0,24.613636363636363,2.8116145884626804,NaN,0.0
9.636363636363637,2.3991637842177727,NaN,0.0,9.636363636363637,2.3991637842177727,NaN,0.0
4.0,1.2439849430343093,NaN,1998.6136363636363,4.0,1.2439849430343093,NaN,1998.6136363636363
3.8444444444444446,1.5134892824354529,NaN,1567.8,4.022222222222222,1.5658372572621668,NaN,3922.8
57.37777777777778,3.915730422546855,0.06438348658736756,0.022222222222222223,57.37777777777778,3.915730422546855,0.06438348658736756,0.022222222222222223
32.44444444444444,3.551245692411659,0.05082442748525298,0.0,32.44444444444444,3.551245692411659,0.05082442748525298,0.0
12.733333333333333,2.8777688470148046,0.03434343434343435,0.0,12.733333333333333,2.8777688470148046,0.03434343434343435,0.0
4.0,1.3400334026696046,NaN,1997.7333333333333,4.0,1.3400334026696046,NaN,1997.7333333333333
3.272727272727273,1.440578788403265,NaN,879.4545454545455,5.0,2.0310190039782716,NaN,42961.0
51.0,3.7903699940695152,0.06197826984949342,0.0,51.0,3.7903699940695152,0.06197826984949342,0.0
0.0,0.0,NaN,0.0,0.0,0.0,NaN,0.0
11.363636363636363,3.0136464826748797,0.03719008264462811,0.0,11.363636363636363,3.0136464826748797,0.03719008264462811,0.0
4.0,1.3747778408107514,NaN,1996.090909090909,4.0,1.3747778408107514,NaN,1996.090909090909
3.440677966101695,1.4853745060530763,NaN,983.5254237288135,4.88135593220339,1.8980248382536016,NaN,28598.01694915254
55.54237288135593,3.87737134597972,0.06291961434830165,0.13559322033898305,55.54237288135593,3.87737134597972,0.06291961434830165,0.13559322033898305
31.694915254237287,3.3320572349648225,NaN,0.0,31.694915254237287,3.3320572349648225,NaN,0.0
12.152542372881356,2.855466149557792,NaN,0.0,12.152542372881356,2.855466149557792,NaN,0.0
4.0,1.3642411016215776,NaN,1998.406779661017,4.0,1.3642411016215776,NaN,1998.406779661017
2.75,1.3632519536884025,NaN,460.21875,4.75,1.9744433553897662,NaN,32286.625
56.3125,3.8727291606413954,0.06382102654516555,62.40625,56.3125,3.8727291606413954,0.06382102654516555,62.40625
32.40625,3.223999778143846,NaN,0.0,32.40625,3.223999778143846,NaN,0.0
12.125,2.8918939069354637,NaN,0.0,12.125,2.8918939069354637,NaN,0.0
4.0,1.2614896483360876,NaN,1999.03125,4.0,1.2614896483360876,NaN,1999.03125
1.8095238095238095,0.8095238095238095,NaN,44.19047619047619,5.0,1.6121249995256401,NaN,34014.52380952381
66.19047619047619,3.995368413880251,0.05970320766434851,381.23809523809524,66.19047619047619,3.995368413880251,0.05970320766434851,381.23809523809524
0.0,0.0,NaN,0.0,0.0,0.0,NaN,0.0
0.0,0.0,NaN,0.0,0.0,0.0,NaN,0.0
4.0,1.0,NaN,2002.0,4.0,1.0,NaN,2002.0
3.7954545454545454,1.7219241478747818,NaN,1821.3636363636363,4.340909090909091,1.8690211741733689,NaN,14515.636363636364
39.72727272727273,3.6131499471359105,0.05847296284575105,46.04545454545455,39.72727272727273,3.6131499471359105,0.05847296284575105,46.04545454545455
0.0,0.0,NaN,0.0,0.0,0.0,NaN,0.0
0.0,0.0,NaN,0.0,0.0,0.0,NaN,0.0
4.0,1.3762816050521742,NaN,1999.75,4.0,1.3762816050521742,NaN,1999.75
3.6842105263157894,1.736842105263158,NaN,1828.5263157894738,5.0,2.0613503317066946,NaN,37174.73684210526
38.05263157894737,3.605556460874445,0.062017700898472854,5.157894736842105,38.05263157894737,3.605556460874445,0.062017700898472854,5.157894736842105
0.0,0.0,NaN,0.0,0.0,0.0,NaN,0.0
0.0,0.0,NaN,0.0,0.0,0.0,NaN,0.0
4.0,1.3321725328662701,NaN,2000.0,4.0,1.3321725328662701,NaN,2000.0
2.9571428571428573,1.334325104210451,NaN,836.4142857142857,4.5285714285714285,1.8624240733427644,NaN,18444.64285714286
57.114285714285714,3.904433563832543,0.06310169760888569,0.6285714285714286,57.114285714285714,3.904433563832543,0.06310169760888569,0.6285714285714286
21.014285714285716,3.021064696999006,NaN,0.0,21.014285714285716,3.021064696999006,NaN,0.0
8.871428571428572,2.465934920060636,NaN,0.0,8.871428571428572,2.465934920060636,NaN,0.0
4.0,1.3079484374613668,NaN,1998.0285714285715,4.0,1.3079484374613668,NaN,1998.0285714285715
3.3125,1.3813283859124614,NaN,962.1875,5.0,1.7747476260021455,NaN,45154.25
51.4375,3.7134944838641717,0.06609669571322936,322.078125,51.4375,3.7134944838641717,0.06609669571322936,322.078125
0.0,0.0,NaN,0.0,0.0,0.0,NaN,0.0
0.0,0.0,NaN,0.0,0.0,0.0,NaN,0.0
4.0,1.097274413893479,NaN,1999.8125,4.0,1.097274413893479,NaN,1999.8125
2.3333333333333335,0.9727652780181631,NaN,335.3333333333333,3.0,1.584962500721156,NaN,571.0
49.666666666666664,3.8243153214612895,0.06566709924607589,2.3333333333333335,49.666666666666664,3.8243153214612895,0.06566709924607589,2.3333333333333335
16.333333333333332,2.9772745540179577,0.04786324786324786,0.0,16.333333333333332,2.9772745540179577,0.04786324786324786,0.0
14.333333333333334,3.310874971050623,0.046969696969696974,0.0,14.333333333333334,3.310874971050623,0.046969696969696974,0.0
4.0,0.9370927081530444,NaN,2001.0,4.0,0.9370927081530444,NaN,2001.0
3.9855072463768115,1.7062257095436757,NaN,1873.9855072463768,4.420289855072464,1.7707020883286058,NaN,19034.681159420288
54.7536231884058,3.8818621692066313,0.06705988131021808,0.0,54.7536231884058,3.8818621692066313,0.06705988131021808,0.0
27.144927536231883,3.348477721068167,0.056488215419497535,0.0,27.144927536231883,3.348477721068167,0.056488215419497535,0.0
12.028985507246377,2.834010015221842,0.03148880105401845,0.0,12.028985507246377,2.834010015221842,0.03148880105401845,0.0
4.0,1.3584831520798495,NaN,1998.144927536232,4.0,1.3584831520798495,NaN,1998.144927536232
4.0,1.75,NaN,1518.0,4.0,1.75,NaN,1413.5
44.0,3.8878429282389035,0.06404748706577974,0.0,44.0,3.8878429282389035,0.06404748706577974,0.0
33.0,3.5223246359084013,0.06177547942253825,0.0,33.0,3.5223246359084013,0.06177547942253825,0.0
10.5,2.7274111999733037,0.025,0.0,10.5,2.7274111999733037,0.025,0.0
4.0,1.5,NaN,1997.5,4.0,1.5,NaN,1997.5
3.375,1.6156015629507225,NaN,1256.125,4.125,1.8036023363119853,NaN,10301.125
40.625,3.693022284323281,0.06254316580342631,0.875,40.625,3.693022284323281,0.06254316580342631,0.875
0.0,0.0,NaN,0.0,0.0,0.0,NaN,0.0
3.25,0.8097253141506577,NaN,0.0,3.25,0.8097253141506577,NaN,0.0
4.0,1.5,NaN,1998.875,4.0,1.5,NaN,1998.875
3.25,1.6609440977630883,NaN,903.1388888888889,3.75,1.7110554399951037,NaN,3738.1944444444443
48.97222222222222,3.7592138253824023,0.06928007602614675,0.0,48.97222222222222,3.7592138253824023,0.06928007602614675,0.0
29.583333333333332,3.447655879221332,0.04304474794716308,0.0,29.583333333333332,3.447655879221332,0.04304474794716308,0.0
11.305555555555555,3.0248962962258688,0.03219696969696969,0.0,11.305555555555555,3.0248962962258688,0.03219696969696969,0.0
4.0,1.3818086804954592,NaN,1997.9166666666667,4.0,1.3818086804954592,NaN,1997.9166666666667
4.0,1.5172413793103448,NaN,1651.344827586207,4.931034482758621,1.8585170398862734,NaN,15644.48275862069
54.03448275862069,3.8318351791600644,0.06400200341814322,0.0,54.03448275862069,3.8318351791600644,0.06400200341814322,0.0
24.379310344827587,3.3638577691760863,0.05536358952038884,0.0,24.379310344827587,3.3638577691760863,0.05536358952038884,0.0
11.620689655172415,2.800837057965674,0.029310344827586217,0.0,11.620689655172415,2.800837057965674,0.029310344827586217,0.0
4.0,1.4072854525675564,NaN,1997.8620689655172,4.0,1.4072854525675564,NaN,1997.8620689655172
3.0,1.584962500721156,NaN,454.85714285714283,5.0,1.6857948804162075,NaN,45541.57142857143
44.0,3.7124752424872987,0.06400238647056504,14.0,44.0,3.7124752424872987,0.06400238647056504,14.0
0.0,0.0,NaN,0.0,0.0,0.0,NaN,0.0
0.0,0.0,NaN,0.0,0.0,0.0,NaN,0.0
4.0,1.160365178416895,NaN,1999.7142857142858,4.0,1.160365178416895,NaN,1999.7142857142858
3.5678443420378905,1.5874344440804287,NaN,1436.530977982591,4.758320532514081,1.8571087474749348,NaN,31315.571428571428
38.66615463389657,3.6268860181731872,0.05885212821077646,86.52752176139273,38.66615463389657,3.6268860181731872,0.05885212821077646,86.52752176139273
0.0,0.0,NaN,0.0,0.0,0.0,NaN,0.0
0.10343061955965181,0.028338257855830433,NaN,0.0,0.10343061955965181,0.028338257855830433,NaN,0.0
4.0,1.3170052530622487,NaN,1999.6354326676908,4.0,1.3170052530622487,NaN,1999.6354326676908
3.5,1.4591479170272448,NaN,1414.5,4.5,1.7109640474436811,NaN,15292.0
51.0,3.864713257383878,0.06308576480990274,0.0,51.0,3.864713257383878,0.06308576480990274,0.0
0.0,0.0,NaN,0.0,0.0,0.0,NaN,0.0
8.5,2.6194506283013155,0.022727272727272728,0.0,8.5,2.6194506283013155,0.022727272727272728,0.0
4.0,1.5,NaN,1995.5,4.0,1.5,NaN,1995.5
3.6179775280898876,1.62848041146741,NaN,1501.8352059925094,4.97378277153558,1.9470274813383754,NaN,31846.322097378277
38.9063670411985,3.656262019432407,0.06038888152580407,43.97940074906367,38.9063670411985,3.656262019432407,0.06038888152580407,43.97940074906367
0.0,0.0,NaN,0.0,0.0,0.0,NaN,0.0
0.0,0.0,NaN,0.0,0.0,0.0,NaN,0.0
4.0,1.3460843047205868,NaN,1999.250936329588,4.0,1.3460843047205868,NaN,1999.250936329588
3.0,1.2516291673878228,NaN,677.0,4.0,1.25,NaN,8179.5
56.5,4.0180008817510995,0.050288600288600285,0.0,56.5,4.0180008817510995,0.050288600288600285,0.0
29.5,3.49388826100073,0.04965404965404965,0.0,29.5,3.49388826100073,0.04965404965404965,0.0
15.0,3.346861828274619,0.04772727272727273,0.0,15.0,3.346861828274619,0.04772727272727273,0.0
4.0,0.8112781244591328,NaN,1999.5,4.0,0.8112781244591328,NaN,1999.5
3.838235294117647,1.5428313573390962,NaN,1624.5441176470588,4.632352941176471,1.6458531689472415,NaN,21439.470588235294
55.61764705882353,3.901166910203301,0.06459336493210432,1.4705882352941178,55.61764705882353,3.901166910203301,0.06459336493210432,1.4705882352941178
28.852941176470587,3.4091904092165577,0.056389246692181406,0.0,28.852941176470587,3.4091904092165577,0.056389246692181406,0.0
12.544117647058824,2.9025383557290363,0.033489304812834235,0.0,12.544117647058824,2.9025383557290363,0.033489304812834235,0.0
4.0,1.297578492551612,NaN,1997.9117647058824,4.0,1.297578492551612,NaN,1997.9117647058824
4.0,1.8214285714285714,NaN,2160.785714285714,5.0,1.9790709520302199,NaN,22299.14285714286
29.642857142857142,3.554632755265616,0.06118660396154001,0.0,29.642857142857142,3.554632755265616,0.06118660396154001,0.0
0.0,0.0,NaN,0.0,0.0,0.0,NaN,0.0
0.0,0.0,NaN,0.0,0.0,0.0,NaN,0.0
4.0,1.2944683034941618,NaN,1997.142857142857,4.0,1.2944683034941618,NaN,1997.142857142857
4.0,1.5625,NaN,2367.125,5.0,1.8530559073332762,NaN,22814.875
18.0625,3.5526768688610244,0.03594156447417317,0.0,18.0625,3.5526768688610244,0.03594156447417317,0.0
0.0,0.0,NaN,0.0,0.0,0.0,NaN,0.0
0.0,0.0,NaN,0.0,0.0,0.0,NaN,0.0
4.0,1.0819548827786958,NaN,2001.9375,4.0,1.0819548827786958,NaN,2001.9375
4.0,1.5,NaN,2562.0,5.0,2.321928094887362,NaN,38405.0
16.0,3.375,0.05128205128205127,0.0,16.0,3.375,0.05128205128205127,0.0
0.0,0.0,NaN,0.0,0.0,0.0,NaN,0.0
0.0,0.0,NaN,0.0,0.0,0.0,NaN,0.0
4.0,1.5,NaN,1994.0,4.0,1.5,NaN,1994.0
4.0,1.7352941176470589,NaN,2116.294117647059,5.0,1.9925163301814797,NaN,32420.882352941175
28.058823529411764,3.3923306575668857,0.04929069555803304,0.0,28.058823529411764,3.3923306575668857,0.04929069555803304,0.0
0.0,0.0,NaN,0.0,0.0,0.0,NaN,0.0
0.0,0.0,NaN,0.0,0.0,0.0,NaN,0.0
4.0,1.330738602877545,NaN,2000.7058823529412,4.0,1.330738602877545,NaN,2000.7058823529412
3.5925925925925926,1.5492295913231553,NaN,1516.4074074074074,5.0,1.7736351318602959,NaN,35236.25925925926
34.629629629629626,3.6185719261780367,0.06273101074370471,74.22222222222223,34.629629629629626,3.6185719261780367,0.06273101074370471,74.22222222222223
0.0,0.0,NaN,0.0,0.0,0.0,NaN,0.0
0.0,0.0,NaN,0.0,0.0,0.0,NaN,0.0
4.0,1.4432191550625446,NaN,1995.7407407407406,4.0,1.4432191550625446,NaN,1995.7407407407406
3.0,1.584962500721156,NaN,643.0,5.0,1.9219280948873623,NaN,40566.0
51.5,3.8041868360127253,0.06788027186516091,0.0,51.5,3.8041868360127253,0.06788027186516091,0.0
0.0,0.0,NaN,0.0,0.0,0.0,NaN,0.0
0.0,0.0,NaN,0.0,0.0,0.0,NaN,0.0
4.0,1.5,NaN,1997.0,4.0,1.5,NaN,1997.0
3.0,1.3944863102449658,NaN,574.2857142857143,4.571428571428571,1.9411017685070644,NaN,35620.0
72.42857142857143,3.9475170816572436,0.06727377250516084,0.0,72.42857142857143,3.9475170816572436,0.06727377250516084,0.0
8.714285714285714,2.5522305840274515,0.02197802197802198,0.0,8.714285714285714,2.5522305840274515,0.02197802197802198,0.0
0.0,0.0,NaN,0.0,0.0,0.0,NaN,0.0
4.0,1.0080558031850948,NaN,1997.857142857143,4.0,1.0080558031850948,NaN,1997.857142857143
2.857142857142857,0.9775869053800387,NaN,547.4285714285714,5.0,1.8076423806016477,NaN,37090.28571428572
64.71428571428571,3.8736940196735055,0.06524172451737845,0.0,64.71428571428571,3.8736940196735055,0.06524172451737845,0.0
12.0,2.8388104000260674,0.04884004884004884,0.0,12.0,2.8388104000260674,0.04884004884004884,0.0
0.0,0.0,NaN,0.0,0.0,0.0,NaN,0.0
4.0,1.160365178416895,NaN,1998.142857142857,4.0,1.160365178416895,NaN,1998.142857142857
3.0,1.3849625007211563,NaN,389.7,5.0,1.8117325948008236,NaN,28842.3
38.8,3.632937098650744,0.06176793433705348,9.9,38.8,3.632937098650744,0.06176793433705348,9.9
0.0,0.0,NaN,0.0,0.0,0.0,NaN,0.0
0.0,0.0,NaN,0.0,0.0,0.0,NaN,0.0
4.0,1.3122556248918265,NaN,2000.3,4.0,1.3122556248918265,NaN,2000.3
1.5,0.5,NaN,36.666666666666664,4.833333333333333,2.0016067457394686,NaN,35664.666666666664
67.33333333333333,3.9704338858198014,0.0646572499726706,667.0,67.33333333333333,3.9704338858198014,0.0646572499726706,667.0
0.0,0.0,NaN,0.0,0.0,0.0,NaN,0.0
0.0,0.0,NaN,0.0,0.0,0.0,NaN,0.0
4.0,1.0,NaN,2002.0,4.0,1.0,NaN,2002.0
3.642857142857143,1.5535714285714286,NaN,1838.142857142857,4.964285714285714,2.024646555753336,NaN,35000.607142857145
37.892857142857146,3.6203056502089423,0.058165164571374425,142.92857142857142,37.892857142857146,3.6203056502089423,0.058165164571374425,142.92857142857142
0.0,0.0,NaN,0.0,0.0,0.0,NaN,0.0
0.0,0.0,NaN,0.0,0.0,0.0,NaN,0.0
4.0,1.332545647302112,NaN,1999.2857142857142,4.0,1.332545647302112,NaN,1999.2857142857142
4.0,1.7005935854978493,NaN,2070.5263157894738,4.0,1.7105263157894737,NaN,2272.315789473684
57.31578947368421,3.868899848667227,0.07058756477656701,0.0,57.31578947368421,3.868899848667227,0.07058756477656701,0.0
41.26315789473684,3.444654182241116,0.055471442826013476,0.0,41.26315789473684,3.444654182241116,0.055471442826013476,0.0
9.842105263157896,2.9268336074901735,0.015789473684210527,0.0,9.842105263157896,2.9268336074901735,0.015789473684210527,0.0
4.0,1.4736842105263157,NaN,1997.6842105263158,4.0,1.4736842105263157,NaN,1997.6842105263158
3.0,1.4516291673878228,NaN,708.6,4.0,1.7,NaN,4104.6
39.8,3.963270873102072,0.04576240515756645,0.0,39.8,3.963270873102072,0.04576240515756645,0.0
22.2,3.365124376307687,0.04645191409897293,0.0,22.2,3.365124376307687,0.04645191409897293,0.0
16.2,3.4116381712778114,0.049090909090909095,0.0,16.2,3.4116381712778114,0.049090909090909095,0.0
4.0,1.5,NaN,2000.2,4.0,1.5,NaN,2000.2
3.3846153846153846,1.5907461542899421,NaN,868.6153846153846,4.384615384615385,1.9545877288028317,NaN,17977.076923076922
41.15384615384615,3.765827397221421,0.06347696429100379,0.0,41.15384615384615,3.765827397221421,0.06347696429100379,0.0
18.23076923076923,3.2621781943898633,0.045246250732676074,0.0,18.23076923076923,3.2621781943898633,0.045246250732676074,0.0
12.0,2.895275323044066,0.030769230769230767,0.0,12.0,2.895275323044066,0.030769230769230767,0.0
4.0,1.2880855767566561,NaN,1998.8461538461538,4.0,1.2880855767566561,NaN,1998.8461538461538
4.0,2.0,NaN,1757.3333333333333,4.0,2.0,NaN,1294.0
68.66666666666667,3.922382187783993,0.060292938142789264,0.0,68.66666666666667,3.922382187783993,0.060292938142789264,0.0
53.0,3.7118583517048367,0.0674246798277806,0.0,53.0,3.7118583517048367,0.0674246798277806,0.0
8.333333333333334,2.4849407999822026,0.016666666666666666,0.0,8.333333333333334,2.4849407999822026,0.016666666666666666,0.0
4.0,1.5,NaN,1996.0,4.0,1.5,NaN,1996.0
4.0,2.0,NaN,1606.6666666666667,4.0,2.0,NaN,5939.666666666667
61.333333333333336,3.9610405161328295,0.058503883948578285,0.0,61.333333333333336,3.9610405161328295,0.058503883948578285,0.0
39.333333333333336,3.7210802438405413,0.06412526263749846,0.0,39.333333333333336,3.7210802438405413,0.06412526263749846,0.0
8.333333333333334,2.4849407999822026,0.016666666666666666,0.0,8.333333333333334,2.4849407999822026,0.016666666666666666,0.0
4.0,1.2704260414863777,NaN,1997.3333333333333,4.0,1.2704260414863777,NaN,1997.3333333333333
4.0,1.5,NaN,2249.6666666666665,5.0,1.4627801778601175,NaN,26582.666666666668
83.5,4.092104032140696,0.06791210224308815,0.0,83.5,4.092104032140696,0.06791210224308815,0.0
24.0,3.4858597027520175,0.03855778855778856,0.0,24.0,3.4858597027520175,0.03855778855778856,0.0
6.5,2.6727957683813375,0.0,0.0,6.5,2.6727957683813375,0.0,0.0
4.0,0.9260651037159441,NaN,1998.8333333333333,4.0,0.9260651037159441,NaN,1998.8333333333333
3.027027027027027,1.4497393024839758,NaN,600.1351351351351,4.0,1.7972972972972974,NaN,5589.405405405405
54.054054054054056,3.831720733516118,0.0658470507887773,5.405405405405405,54.054054054054056,3.831720733516118,0.0658470507887773,5.405405405405405
29.64864864864865,3.544738819586315,0.05145197879560217,0.0,29.64864864864865,3.544738819586315,0.05145197879560217,0.0
15.891891891891891,3.223380808116108,0.04815724815724818,0.0,15.891891891891891,3.223380808116108,0.04815724815724818,0.0
4.0,1.298821368170153,NaN,1999.8108108108108,4.0,1.298821368170153,NaN,1999.8108108108108
4.0,1.6666666666666667,NaN,2076.0,5.0,1.7797726780043488,NaN,21198.666666666668
66.5,3.935746216248493,0.06757941935261624,0.0,66.5,3.935746216248493,0.06757941935261624,0.0
23.0,3.1726279280556207,0.046360559518454254,0.0,23.0,3.1726279280556207,0.046360559518454254,0.0
6.666666666666667,2.3770295536673687,0.008333333333333333,0.0,6.666666666666667,2.3770295536673687,0.008333333333333333,0.0
4.0,1.5,NaN,2000.0,4.0,1.5,NaN,2000.0
4.0,1.75,NaN,2261.0,5.0,1.6464393446710157,NaN,21234.5
51.0,3.9257283408435852,0.057825926693851226,0.0,51.0,3.9257283408435852,0.057825926693851226,0.0
51.0,3.5825529853477978,0.06588753049733086,0.0,51.0,3.5825529853477978,0.06588753049733086,0.0
15.5,2.6742184093958623,0.05,0.0,15.5,2.6742184093958623,0.05,0.0
4.0,0.9056390622295665,NaN,2000.5,4.0,0.9056390622295665,NaN,2000.5
4.0,2.0,NaN,2073.0,5.0,1.9219280948873623,NaN,52076.5
79.5,4.1174323122741585,0.05418930186987972,0.0,79.5,4.1174323122741585,0.05418930186987972,0.0
17.0,3.1069291388407834,0.026143790849673203,0.0,17.0,3.1069291388407834,0.026143790849673203,0.0
8.5,2.6194506283013155,0.022727272727272728,0.0,8.5,2.6194506283013155,0.022727272727272728,0.0
4.0,1.5,NaN,2000.5,4.0,1.5,NaN,2000.5
3.0,1.584962500721156,NaN,593.8,5.0,2.0819280948873624,NaN,42479.0
46.4,3.8485182436525625,0.06278098457314532,0.4,46.4,3.8485182436525625,0.06278098457314532,0.4
25.0,3.3121865454982595,0.03701332259471794,0.0,25.0,3.3121865454982595,0.03701332259471794,0.0
13.8,3.282085485271426,0.046363636363636364,0.0,13.8,3.282085485271426,0.046363636363636364,0.0
4.0,1.2622556248918264,NaN,1998.6,4.0,1.2622556248918264,NaN,1998.6
3.0,1.4738513896100447,NaN,721.0,5.0,2.1219280948873624,NaN,36752.666666666664
41.333333333333336,3.7264645470801976,0.06766645801733522,0.0,41.333333333333336,3.7264645470801976,0.06766645801733522,0.0
26.833333333333332,3.342455950921226,0.0718029636096863,0.0,26.833333333333332,3.342455950921226,0.0718029636096863,0.0
16.333333333333332,3.4188355427226114,0.04924242424242425,0.0,16.333333333333332,3.4188355427226114,0.04924242424242425,0.0
4.0,1.5,NaN,2000.1666666666667,4.0,1.5,NaN,2000.1666666666667
3.0,1.584962500721156,NaN,693.5,5.0,2.1219280948873624,NaN,36771.5
29.5,3.616757263437614,0.06543478260869566,0.0,29.5,3.616757263437614,0.06543478260869566,0.0
32.5,3.513249907972656,0.07218185040765686,0.0,32.5,3.513249907972656,0.07218185040765686,0.0
15.0,3.346861828274619,0.04772727272727273,0.0,15.0,3.346861828274619,0.04772727272727273,0.0
4.0,1.25,NaN,1998.0,4.0,1.25,NaN,1998.0
3.0,1.584962500721156,NaN,794.0,5.0,2.321928094887362,NaN,20719.0
54.0,3.8727105256730217,0.05975609756097561,0.0,54.0,3.8727105256730217,0.05975609756097561,0.0
60.0,3.697603241124715,0.08973172987974098,0.0,60.0,3.697603241124715,0.08973172987974098,0.0
13.0,3.238901256602631,0.04545454545454546,0.0,13.0,3.238901256602631,0.04545454545454546,0.0
4.0,1.5,NaN,1995.0,4.0,1.5,NaN,1995.0
3.0,1.584962500721156,NaN,601.4,5.0,1.9219280948873625,NaN,22403.4
74.0,3.827999660009109,0.06960210736515625,0.0,74.0,3.827999660009109,0.06960210736515625,0.0
26.2,3.4042321956583996,0.04805194805194805,0.0,26.2,3.4042321956583996,0.04805194805194805,0.0
11.2,2.9911210052821047,0.03636363636363636,0.0,11.2,2.9911210052821047,0.03636363636363636,0.0
4.0,1.5,NaN,1996.4,4.0,1.5,NaN,1996.4
3.0,1.2516291673878228,NaN,511.3333333333333,5.0,2.055261428220696,NaN,35002.333333333336
45.166666666666664,3.885432821317591,0.05909956492979488,0.0,45.166666666666664,3.885432821317591,0.05909956492979488,0.0
31.833333333333332,3.4978264361713,0.05771180086969561,0.0,31.833333333333332,3.4978264361713,0.05771180086969561,0.0
13.0,2.8801769553239325,0.04015151515151515,0.0,13.0,2.8801769553239325,0.04015151515151515,0.0
4.0,1.5,NaN,1997.8333333333333,4.0,1.5,NaN,1997.8333333333333
3.0,1.584962500721156,NaN,309.5,5.0,2.321928094887362,NaN,45525.666666666664
78.83333333333333,3.925689162718579,0.07177091824254946,0.0,78.83333333333333,3.925689162718579,0.07177091824254946,0.0
34.666666666666664,3.4729400227730003,0.05926958135032669,0.0,34.666666666666664,3.4729400227730003,0.05926958135032669,0.0
7.0,2.4129670855342105,0.015151515151515152,0.0,7.0,2.4129670855342105,0.015151515151515152,0.0
4.0,1.5,NaN,1994.6666666666667,4.0,1.5,NaN,1994.6666666666667
3.0,1.4738513896100445,NaN,703.0416666666666,5.0,2.105261428220696,NaN,35044.583333333336
59.333333333333336,3.8029276854020417,0.07196671418458266,0.0,59.333333333333336,3.8029276854020417,0.07196671418458266,0.0
25.041666666666668,3.2483554938670594,0.05967564219375288,0.0,25.041666666666668,3.2483554938670594,0.05967564219375288,0.0
14.833333333333334,3.33786511396862,0.04753787878787879,0.0,14.833333333333334,3.33786511396862,0.04753787878787879,0.0
4.0,1.1635024737104358,NaN,1998.625,4.0,1.1635024737104358,NaN,1998.625
3.0,0.9182958340544896,NaN,608.5,5.0,1.721928094887362,NaN,34360.5
43.0,3.5954844934524344,0.06327338722983006,0.0,43.0,3.5954844934524344,0.06327338722983006,0.0
48.5,3.407340389769262,0.025683060109289616,0.0,48.5,3.407340389769262,0.025683060109289616,0.0
15.0,3.346861828274619,0.04772727272727273,0.0,15.0,3.346861828274619,0.04772727272727273,0.0
4.0,1.25,NaN,1999.0,4.0,1.25,NaN,1999.0
3.0,1.362740278498934,NaN,750.0,5.0,2.09970587266514,NaN,39005.88888888889
55.0,3.9587885423595495,0.060603962076005616,0.0,55.0,3.9587885423595495,0.060603962076005616,0.0
33.77777777777778,3.3696936264897954,0.06841901037679206,0.0,33.77777777777778,3.3696936264897954,0.06841901037679206,0.0
13.777777777777779,3.197210514021884,0.04242424242424243,0.0,13.777777777777779,3.197210514021884,0.04242424242424243,0.0
4.0,1.1939013886485033,NaN,1997.2222222222222,4.0,1.1939013886485033,NaN,1997.2222222222222
3.0,1.084962500721156,NaN,555.5,5.0,2.021928094887362,NaN,31152.5
60.25,3.952192003789842,0.06343384184289436,0.0,60.25,3.952192003789842,0.06343384184289436,0.0
23.0,3.1253880328282366,0.07506923857075987,0.0,23.0,3.1253880328282366,0.07506923857075987,0.0
14.0,3.292881542438625,0.0465909090909091,0.0,14.0,3.292881542438625,0.0465909090909091,0.0
4.0,1.3278195311147831,NaN,1998.5,4.0,1.3278195311147831,NaN,1998.5
3.0,1.584962500721156,NaN,389.3333333333333,4.0,2.0,NaN,6305.0
36.0,3.6967192983830603,0.05859105859105859,0.0,36.0,3.6967192983830603,0.05859105859105859,0.0
32.0,3.6712361530624342,0.04053724053724054,0.0,32.0,3.6712361530624342,0.04053724053724054,0.0
13.0,3.238901256602631,0.04545454545454545,0.0,13.0,3.238901256602631,0.04545454545454545,0.0
4.0,1.5,NaN,1998.3333333333333,4.0,1.5,NaN,1998.3333333333333
3.0,1.362740278498934,NaN,345.9166666666667,5.0,2.0552614282206956,NaN,35191.5
46.5,3.909629691461332,0.05873482278639556,0.0,46.5,3.909629691461332,0.05873482278639556,0.0
17.166666666666668,3.20859962476052,0.05896717661423543,0.0,17.166666666666668,3.20859962476052,0.05896717661423543,0.0
9.5,2.6734309141373096,0.023863636363636365,0.0,9.5,2.6734309141373096,0.023863636363636365,0.0
4.0,1.375,NaN,1996.75,4.0,1.375,NaN,1996.75
3.0,1.584962500721156,NaN,262.4,5.0,2.321928094887362,NaN,45042.8
43.0,3.6740696494776737,0.06448732220160791,0.0,43.0,3.6740696494776737,0.06448732220160791,0.0
21.8,2.904694243924232,0.10652173913043476,0.0,21.8,2.904694243924232,0.10652173913043476,0.0
9.4,2.7433407539615784,0.02727272727272727,0.0,9.4,2.7433407539615784,0.02727272727272727,0.0
4.0,1.5,NaN,1997.2,4.0,1.5,NaN,1997.2
3.0,1.2516291673878228,NaN,778.5,5.0,2.321928094887362,NaN,57325.5
44.0,3.8721397397149837,0.05958363903154806,0.0,44.0,3.8721397397149837,0.05958363903154806,0.0
42.0,3.564503675953959,0.053192640692640694,0.0,42.0,3.564503675953959,0.053192640692640694,0.0
17.0,3.454822399946607,0.05,0.0,17.0,3.454822399946607,0.05,0.0
4.0,1.1556390622295665,NaN,2000.0,4.0,1.1556390622295665,NaN,2000.0
3.0,1.584962500721156,NaN,791.0,5.0,1.9219280948873623,NaN,55794.0
47.0,4.0601456398153495,0.04878048780487806,0.0,47.0,4.0601456398153495,0.04878048780487806,0.0
23.0,3.5883543471732335,0.05228758169934641,0.0,23.0,3.5883543471732335,0.05228758169934641,0.0
17.0,3.454822399946607,0.05000000000000001,0.0,17.0,3.454822399946607,0.05000000000000001,0.0
4.0,0.8112781244591328,NaN,2000.0,4.0,0.8112781244591328,NaN,2000.0
3.0,1.584962500721156,NaN,839.0,5.0,2.321928094887362,NaN,61859.0
63.0,3.960221789262374,0.07003367003367003,0.0,63.0,3.960221789262374,0.07003367003367003,0.0
48.0,3.6687120982886268,0.05161290322580645,0.0,48.0,3.6687120982886268,0.05161290322580645,0.0
17.0,3.454822399946607,0.05,0.0,17.0,3.454822399946607,0.05,0.0
4.0,0.8112781244591328,NaN,2000.0,4.0,0.8112781244591328,NaN,2000.0
3.0,1.584962500721156,NaN,437.0,5.0,2.1219280948873624,NaN,42893.0
79.0,3.9111360673800286,0.06381171762296989,0.0,79.0,3.9111360673800286,0.06381171762296989,0.0
47.0,3.608667182658972,0.07149223325693914,0.0,47.0,3.608667182658972,0.07149223325693914,0.0
13.0,3.238901256602631,0.045454545454545456,0.0,13.0,3.238901256602631,0.045454545454545456,0.0
4.0,1.1556390622295665,NaN,1998.5,4.0,1.1556390622295665,NaN,1998.5
3.0,1.4273867431453986,NaN,419.0181818181818,5.0,2.1328371857964554,NaN,40413.32727272727
51.54545454545455,3.8268244417749577,0.06533006094743946,21.8,51.54545454545455,3.8268244417749577,0.06533006094743946,21.8
35.72727272727273,3.2942100160971903,0.048554546721304936,0.0,35.72727272727273,3.2942100160971903,0.048554546721304936,0.0
13.163636363636364,3.1518880163112333,0.04115702479338841,0.0,13.163636363636364,3.1518880163112333,0.04115702479338841,0.0
4.0,1.302050568083479,NaN,1999.0181818181818,4.0,1.302050568083479,NaN,1999.0181818181818
3.0,0.9182958340544898,NaN,427.3,5.0,1.5219280948873624,NaN,40630.2
50.7,3.906486971920758,0.05910107976320923,0.0,50.7,3.906486971920758,0.05910107976320923,0.0
26.6,3.165229805141339,0.05012056161712428,0.0,26.6,3.165229805141339,0.05012056161712428,0.0
13.0,3.238901256602631,0.04545454545454546,0.0,13.0,3.238901256602631,0.04545454545454546,0.0
4.0,1.017894687121393,NaN,1999.0,4.0,1.017894687121393,NaN,1999.0
3.0,0.9182958340544897,NaN,573.0,5.0,1.9219280948873625,NaN,55663.4
44.8,3.7537252628629387,0.07509834775767113,0.0,44.8,3.7537252628629387,0.07509834775767113,0.0
13.0,3.0354250956425557,0.0665359477124183,0.0,13.0,3.0354250956425557,0.0665359477124183,0.0
13.8,3.282085485271426,0.046363636363636364,0.0,13.8,3.282085485271426,0.046363636363636364,0.0
4.0,1.5,NaN,1997.4,4.0,1.5,NaN,1997.4
3.0,0.9182958340544896,NaN,278.0,5.0,1.9219280948873623,NaN,28349.5
62.0,4.059016199835758,0.05920923201176263,0.0,62.0,4.059016199835758,0.05920923201176263,0.0
23.0,2.8389169170038606,0.12163978494623656,0.0,23.0,2.8389169170038606,0.12163978494623656,0.0
13.0,3.238901256602631,0.045454545454545456,0.0,13.0,3.238901256602631,0.045454545454545456,0.0
4.0,0.9056390622295665,NaN,2000.5,4.0,0.9056390622295665,NaN,2000.5
3.0,1.4516291673878228,NaN,256.4,5.0,1.861537094714285,NaN,27209.2
47.2,3.6801696042156573,0.059183885058170994,0.0,47.2,3.6801696042156573,0.059183885058170994,0.0
17.6,2.889989217699072,0.07592378381852066,0.0,17.6,2.889989217699072,0.07592378381852066,0.0
11.2,2.9911210052821047,0.03636363636363636,0.0,11.2,2.9911210052821047,0.03636363636363636,0.0
4.0,1.224511249783653,NaN,1999.0,4.0,1.224511249783653,NaN,1999.0
3.0,1.584962500721156,NaN,579.6666666666666,5.0,2.0552614282206956,NaN,56781.666666666664
57.0,3.9158040069190885,0.057731149436070966,0.0,57.0,3.9158040069190885,0.057731149436070966,0.0
56.333333333333336,3.7571049087786665,0.059247996354914595,0.0,56.333333333333336,3.7571049087786665,0.059247996354914595,0.0
15.666666666666666,3.3828486854986153,0.048484848484848485,0.0,15.666666666666666,3.3828486854986153,0.048484848484848485,0.0
4.0,1.1666666666666667,NaN,2000.0,4.0,1.1666666666666667,NaN,2000.0
3.0,1.584962500721156,NaN,628.0,5.0,1.9219280948873623,NaN,61810.0
15.0,3.2402239289418517,0.06060606060606061,0.0,15.0,3.2402239289418517,0.06060606060606061,0.0
10.0,3.1219280948873624,0.027777777777777776,0.0,10.0,3.1219280948873624,0.027777777777777776,0.0
13.0,3.238901256602631,0.04545454545454545,0.0,13.0,3.238901256602631,0.04545454545454545,0.0
4.0,1.5,NaN,1997.0,4.0,1.5,NaN,1997.0
3.0,1.584962500721156,NaN,329.0,5.0,2.321928094887362,NaN,26218.0
67.5,3.9489686678019607,0.06294219154443485,0.0,67.5,3.9489686678019607,0.06294219154443485,0.0
37.0,3.7078103664348574,0.0480130249867092,0.0,37.0,3.7078103664348574,0.0480130249867092,0.0
17.0,3.454822399946607,0.049999999999999996,0.0,17.0,3.454822399946607,0.049999999999999996,0.0
4.0,1.5,NaN,2003.0,4.0,1.5,NaN,2003.0
3.0,1.584962500721156,NaN,263.75,5.0,2.321928094887362,NaN,26317.875
53.375,3.9452548377939918,0.06043675162372641,0.0,53.375,3.9452548377939918,0.06043675162372641,0.0
24.875,3.0977106951817945,0.07824463118580766,0.0,24.875,3.0977106951817945,0.07824463118580766,0.0
15.0,3.346861828274619,0.04772727272727273,0.0,15.0,3.346861828274619,0.04772727272727273,0.0
4.0,1.4375,NaN,2001.875,4.0,1.4375,NaN,2001.875
3.0,1.362740278498934,NaN,373.0,5.0,1.8716022614097974,NaN,37162.0
43.666666666666664,3.6920716485317002,0.062063053566452205,0.0,43.666666666666664,3.6920716485317002,0.062063053566452205,0.0
17.0,3.2301018951430414,0.06270655270655272,0.0,17.0,3.2301018951430414,0.06270655270655272,0.0
14.333333333333334,3.310874971050623,0.046969696969696974,0.0,14.333333333333334,3.310874971050623,0.046969696969696974,0.0
4.0,1.0408520829727552,NaN,2000.6666666666667,4.0,1.0408520829727552,NaN,2000.6666666666667
3.0,1.584962500721156,NaN,283.0,5.0,2.321928094887362,NaN,25847.0
37.0,3.8951509201400127,0.046370967741935484,0.0,37.0,3.8951509201400127,0.046370967741935484,0.0
18.0,3.3921472236645345,0.038461538461538464,0.0,18.0,3.3921472236645345,0.038461538461538464,0.0
13.0,3.238901256602631,0.045454545454545456,0.0,13.0,3.238901256602631,0.045454545454545456,0.0
4.0,0.8112781244591328,NaN,2000.0,4.0,0.8112781244591328,NaN,2000.0
3.0,1.4516291673878228,NaN,468.4,5.0,2.0819280948873624,NaN,35612.8
49.6,3.827759220225701,0.06272336250982505,0.0,49.6,3.827759220225701,0.06272336250982505,0.0
24.8,3.448197342301364,0.05118740908214593,0.0,24.8,3.448197342301364,0.05118740908214593,0.0
10.2,2.786524982630374,0.028181818181818186,0.0,10.2,2.786524982630374,0.028181818181818186,0.0
4.0,1.3622556248918265,NaN,1996.4,4.0,1.3622556248918265,NaN,1996.4
1.0,0.0,NaN,4.666666666666667,4.5,1.8776307141103477,NaN,26136.333333333332
40.666666666666664,3.725386088356371,0.061956670780200195,0.6666666666666666,40.666666666666664,3.725386088356371,0.061956670780200195,0.6666666666666666
33.666666666666664,3.144796251435919,0.09786491036491035,0.0,33.666666666666664,3.144796251435919,0.09786491036491035,0.0
7.0,2.4129670855342105,0.015151515151515152,0.0,7.0,2.4129670855342105,0.015151515151515152,0.0
4.0,1.3333333333333333,NaN,1997.3333333333333,4.0,1.3333333333333333,NaN,1997.3333333333333
1.0,0.0,NaN,3.75,5.0,1.8219280948873622,NaN,34152.25
44.25,3.822479823554591,0.0600344966156706,0.0,44.25,3.822479823554591,0.0600344966156706,0.0
35.25,3.42750092271743,0.07648172905525846,0.0,35.25,3.42750092271743,0.07648172905525846,0.0
6.25,2.3097253141506577,0.011363636363636364,0.0,6.25,2.3097253141506577,0.011363636363636364,0.0
4.0,1.375,NaN,1996.75,4.0,1.375,NaN,1996.75
2.0,1.0,NaN,58.333333333333336,5.0,1.9219280948873623,NaN,54886.666666666664
60.333333333333336,3.939121237745004,0.06252737449439362,0.0,60.333333333333336,3.939121237745004,0.06252737449439362,0.0
22.666666666666668,3.6686131001386095,0.03839869281045752,0.0,22.666666666666668,3.6686131001386095,0.03839869281045752,0.0
4.0,2.0,0.0,0.0,4.0,2.0,0.0,0.0
4.0,1.5,NaN,1994.3333333333333,4.0,1.5,NaN,1994.3333333333333
2.0,1.0,NaN,42.75,5.0,1.8719280948873624,NaN,32335.625
59.375,3.8865725702734633,0.06494903948644483,0.0,59.375,3.8865725702734633,0.06494903948644483,0.0
23.5,3.572262180036696,0.05587702472293265,0.0,23.5,3.572262180036696,0.05587702472293265,0.0
4.0,2.0,0.0,0.0,4.0,2.0,0.0,0.0
4.0,1.5,NaN,1994.875,4.0,1.5,NaN,1994.875
2.0,1.0,NaN,40.0,5.0,1.9219280948873623,NaN,14402.0
36.0,3.805496793698874,0.06048387096774194,0.0,36.0,3.805496793698874,0.06048387096774194,0.0
37.0,3.6066704221476944,0.08465608465608465,0.0,37.0,3.6066704221476944,0.08465608465608465,0.0
13.0,3.238901256602631,0.045454545454545456,0.0,13.0,3.238901256602631,0.045454545454545456,0.0
4.0,1.0,NaN,2002.0,4.0,1.0,NaN,2002.0
2.0,1.0,NaN,65.5,5.0,2.321928094887362,NaN,30849.0
67.0,3.9440469961933786,0.06501089535183094,0.0,67.0,3.9440469961933786,0.06501089535183094,0.0
38.0,3.6294843119593416,0.06017740429505135,0.0,38.0,3.6294843119593416,0.06017740429505135,0.0
4.0,2.0,0.0,0.0,4.0,2.0,0.0,0.0
4.0,1.5,NaN,1994.5,4.0,1.5,NaN,1994.5
2.0,0.5,NaN,25.5,5.0,2.1219280948873624,NaN,27260.0
38.5,3.869761862858476,0.057268962510898,0.0,38.5,3.869761862858476,0.057268962510898,0.0
40.0,3.596962862615317,0.08600005658829188,0.0,40.0,3.596962862615317,0.08600005658829188,0.0
8.5,2.6194506283013155,0.022727272727272728,0.0,8.5,2.6194506283013155,0.022727272727272728,0.0
4.0,1.25,NaN,1998.5,4.0,1.25,NaN,1998.5
2.0,0.0,NaN,55.0,5.0,1.5219280948873621,NaN,51054.5
34.5,3.865964810850512,0.05202702702702703,0.0,34.5,3.865964810850512,0.05202702702702703,0.0
42.0,3.557846111659159,0.08213355272178802,0.0,42.0,3.557846111659159,0.08213355272178802,0.0
4.0,2.0,0.0,0.0,4.0,2.0,0.0,0.0
4.0,1.5,NaN,1995.0,4.0,1.5,NaN,1995.0
2.0,1.0,NaN,87.2,5.0,2.321928094887362,NaN,38364.6
62.4,3.889270251434622,0.0644947209653092,0.0,62.4,3.889270251434622,0.0644947209653092,0.0
26.2,3.337087671030887,0.09497326203208556,0.0,26.2,3.337087671030887,0.09497326203208556,0.0
4.0,2.0,0.0,0.0,4.0,2.0,0.0,0.0
4.0,1.5,NaN,1994.2,4.0,1.5,NaN,1994.2
1.3333333333333333,0.3333333333333333,NaN,33.333333333333336,5.0,2.188594761554029,NaN,30346.333333333332
66.66666666666667,3.909634737488815,0.06943787848089868,1.3333333333333333,66.66666666666667,3.909634737488815,0.06943787848089868,1.3333333333333333
53.666666666666664,3.577076469854378,0.07792077792077791,0.0,53.666666666666664,3.577076469854378,0.07792077792077791,0.0
4.0,2.0,0.0,0.0,4.0,2.0,0.0,0.0
4.0,1.5,NaN,1994.6666666666667,4.0,1.5,NaN,1994.6666666666667
1.0,0.0,NaN,4.0,5.0,2.150499523458791,NaN,37257.0
45.142857142857146,3.751289049351681,0.06300222004020181,0.5714285714285714,45.142857142857146,3.751289049351681,0.06300222004020181,0.5714285714285714
36.285714285714285,3.246481159188715,0.09025039172097996,0.0,36.285714285714285,3.246481159188715,0.09025039172097996,0.0
6.571428571428571,2.3539717876007518,0.012987012987012988,0.0,6.571428571428571,2.3539717876007518,0.012987012987012988,0.0
4.0,1.3571428571428572,NaN,1997.0,4.0,1.3571428571428572,NaN,1997.0
1.0,0.0,NaN,2.6666666666666665,5.0,2.188594761554029,NaN,33445.333333333336
37.666666666666664,3.4768709667747655,0.06386928647202621,0.0,37.666666666666664,3.4768709667747655,0.06386928647202621,0.0
12.666666666666666,2.3925331690769664,0.13840155945419103,0.0,12.666666666666666,2.3925331690769664,0.13840155945419103,0.0
10.0,2.8259341710684205,0.030303030303030304,0.0,10.0,2.8259341710684205,0.030303030303030304,0.0
4.0,1.1666666666666667,NaN,1999.6666666666667,4.0,1.1666666666666667,NaN,1999.6666666666667
1.0,0.0,NaN,3.5,5.0,2.1219280948873624,NaN,18286.5
72.5,3.9073025517956843,0.0702657424051461,1.0,72.5,3.9073025517956843,0.0702657424051461,1.0
41.0,3.440230740869068,0.08072546230440966,0.0,41.0,3.440230740869068,0.08072546230440966,0.0
4.0,2.0,0.0,0.0,4.0,2.0,0.0,0.0
4.0,1.5,NaN,1995.0,4.0,1.5,NaN,1995.0
1.5,0.5,NaN,50.0,4.5,1.9609640474436811,NaN,33285.0
62.5,3.861924103712484,0.06840120663650076,1.0,62.5,3.861924103712484,0.06840120663650076,1.0
37.5,3.398089222101789,0.0897897897897898,0.0,37.5,3.398089222101789,0.0897897897897898,0.0
4.0,2.0,0.0,0.0,4.0,2.0,0.0,0.0
4.0,1.5,NaN,1994.5,4.0,1.5,NaN,1994.5
1.0,0.0,NaN,4.5,4.0,1.75,NaN,2880.5
30.0,3.6558591019591677,0.05786713286713287,0.0,30.0,3.6558591019591677,0.05786713286713287,0.0
23.5,2.943835295012899,0.10700757575757575,0.0,23.5,2.943835295012899,0.10700757575757575,0.0
8.5,2.6194506283013155,0.022727272727272728,0.0,8.5,2.6194506283013155,0.022727272727272728,0.0
4.0,1.25,NaN,1998.5,4.0,1.25,NaN,1998.5
2.0,1.0,NaN,18.0,5.0,2.321928094887362,NaN,56148.0
55.0,3.7673433511034418,0.08080808080808081,0.0,55.0,3.7673433511034418,0.08080808080808081,0.0
35.0,3.6431112332020086,0.06769230769230769,0.0,35.0,3.6431112332020086,0.06769230769230769,0.0
13.0,3.238901256602631,0.045454545454545456,0.0,13.0,3.238901256602631,0.045454545454545456,0.0
4.0,1.0,NaN,2002.0,4.0,1.0,NaN,2002.0
2.0,1.0,NaN,24.666666666666668,5.0,2.321928094887362,NaN,38539.666666666664
54.666666666666664,3.795457324552734,0.07279286926994906,0.0,54.666666666666664,3.795457324552734,0.07279286926994906,0.0
24.333333333333332,3.2875480119676816,0.07950074616741283,0.0,24.333333333333332,3.2875480119676816,0.07950074616741283,0.0
7.0,2.4129670855342105,0.015151515151515152,0.0,7.0,2.4129670855342105,0.015151515151515152,0.0
4.0,1.3333333333333333,NaN,1997.3333333333333,4.0,1.3333333333333333,NaN,1997.3333333333333
3.0,1.5849625007211556,NaN,519.6875,4.5625,1.9248345533741418,NaN,24114.0
50.3125,3.736771435836048,0.0655505209726368,6.3125,50.3125,3.736771435836048,0.0655505209726368,6.3125
26.375,3.384230216005454,0.045873809539900084,0.0,26.375,3.384230216005454,0.045873809539900084,0.0
14.5,3.319871685356622,0.047159090909090914,0.0,14.5,3.319871685356622,0.047159090909090914,0.0
4.0,1.210479296672175,NaN,1999.8125,4.0,1.210479296672175,NaN,1999.8125
3.0,1.584962500721156,NaN,475.5,5.0,1.9219280948873623,NaN,45698.5
51.5,3.8267914473708196,0.07502693385046327,0.0,51.5,3.8267914473708196,0.07502693385046327,0.0
18.5,3.542946918855722,0.025974025974025976,0.0,18.5,3.542946918855722,0.025974025974025976,0.0
15.0,3.346861828274619,0.04772727272727273,0.0,15.0,3.346861828274619,0.04772727272727273,0.0
4.0,1.5,NaN,2000.5,4.0,1.5,NaN,2000.5
3.0,1.584962500721156,NaN,316.2857142857143,5.0,1.7860741662541204,NaN,32754.0
49.857142857142854,3.8122405068275875,0.060971968621734825,0.0,49.857142857142854,3.8122405068275875,0.060971968621734825,0.0
18.428571428571427,3.0864194433442154,0.07325596905428837,0.0,18.428571428571427,3.0864194433442154,0.07325596905428837,0.0
14.142857142857142,3.300593011843767,0.04675324675324676,0.0,14.142857142857142,3.300593011843767,0.04675324675324676,0.0
4.0,1.2587540177798762,NaN,2000.857142857143,4.0,1.2587540177798762,NaN,2000.857142857143
3.0,0.9182958340544896,NaN,631.6666666666666,4.666666666666667,1.4139670629697791,NaN,41023.333333333336
59.0,3.970876793576035,0.06404173993088892,0.0,59.0,3.970876793576035,0.06404173993088892,0.0
36.0,3.5948505962523094,0.054963427377220486,0.0,36.0,3.5948505962523094,0.054963427377220486,0.0
15.666666666666666,3.3828486854986153,0.048484848484848485,0.0,15.666666666666666,3.3828486854986153,0.048484848484848485,0.0
4.0,1.103759374819711,NaN,1999.6666666666667,4.0,1.103759374819711,NaN,1999.6666666666667
3.0,0.6887218755408672,NaN,445.0,4.75,1.6787016960573484,NaN,25338.75
38.25,3.6576803532828848,0.06836728592884543,25.0,38.25,3.6576803532828848,0.06836728592884543,25.0
11.0,2.7839146288434207,0.07536764705882353,0.0,11.0,2.7839146288434207,0.07536764705882353,0.0
13.0,3.238901256602631,0.045454545454545456,0.0,13.0,3.238901256602631,0.045454545454545456,0.0
4.0,1.0306390622295665,NaN,1999.0,4.0,1.0306390622295665,NaN,1999.0
3.0,1.584962500721156,NaN,368.0,4.0,1.5,NaN,3871.5
75.0,3.974704823827796,0.06910521381109616,0.0,75.0,3.974704823827796,0.06910521381109616,0.0
29.5,3.645088192369382,0.05759457933370977,0.0,29.5,3.645088192369382,0.05759457933370977,0.0
8.5,2.6194506283013155,0.022727272727272728,0.0,8.5,2.6194506283013155,0.022727272727272728,0.0
4.0,1.5,NaN,1996.0,4.0,1.5,NaN,1996.0
3.0,1.4637503795090347,NaN,354.09090909090907,5.0,2.126384685757117,NaN,34209.90909090909
46.72727272727273,3.663194918074005,0.07901493894810675,0.0,46.72727272727273,3.663194918074005,0.07901493894810675,0.0
84.18181818181819,3.6739371557475717,0.06309296668291811,0.0,84.18181818181819,3.6739371557475717,0.06309296668291811,0.0
13.181818181818182,3.111792456922142,0.03925619834710744,0.0,13.181818181818182,3.111792456922142,0.03925619834710744,0.0
4.0,1.3919343749508302,NaN,1999.2727272727273,4.0,1.3919343749508302,NaN,1999.2727272727273
3.0,1.4516291673878228,NaN,651.0,4.6,2.0331568569324174,NaN,40457.2
44.4,3.708340419869103,0.07597313520002595,0.0,44.4,3.708340419869103,0.07597313520002595,0.0
26.8,3.5543859403560925,0.04465389682780987,0.0,26.8,3.5543859403560925,0.04465389682780987,0.0
14.6,3.3252697139402216,0.04727272727272728,0.0,14.6,3.3252697139402216,0.04727272727272728,0.0
4.0,1.5,NaN,1998.0,4.0,1.5,NaN,1998.0
3.0,1.584962500721156,NaN,279.6666666666667,5.0,1.9219280948873625,NaN,26818.333333333332
53.833333333333336,3.770210493311319,0.0745728542721024,0.0,53.833333333333336,3.770210493311319,0.0745728542721024,0.0
17.833333333333332,3.0671852742083683,0.08882783882783883,0.0,17.833333333333332,3.0671852742083683,0.08882783882783883,0.0
7.666666666666667,2.4489539427582065,0.01590909090909091,0.0,7.666666666666667,2.4489539427582065,0.01590909090909091,0.0
4.0,1.4166666666666667,NaN,1996.0,4.0,1.4166666666666667,NaN,1996.0
3.0,1.3944863102449658,NaN,401.0,5.0,1.9219280948873627,NaN,41222.42857142857
60.714285714285715,3.948231328677555,0.06271167726183337,0.0,60.714285714285715,3.948231328677555,0.06271167726183337,0.0
23.857142857142858,3.307585941608427,0.051868421433638824,0.0,23.857142857142858,3.307585941608427,0.051868421433638824,0.0
9.142857142857142,2.7079435752015035,0.025974025974025976,0.0,9.142857142857142,2.7079435752015035,0.025974025974025976,0.0
4.0,1.5,NaN,1996.142857142857,4.0,1.5,NaN,1996.142857142857
3.0,1.3182958340544897,NaN,426.8,5.0,1.841928094887362,NaN,47102.0
50.4,3.8667667934378955,0.06336282672180807,0.4,50.4,3.8667667934378955,0.06336282672180807,0.4
19.6,3.2940010141110134,0.044105894105894106,0.0,19.6,3.2940010141110134,0.044105894105894106,0.0
11.2,2.9911210052821047,0.03636363636363636,0.0,11.2,2.9911210052821047,0.03636363636363636,0.0
4.0,1.2622556248918264,NaN,1997.6,4.0,1.2622556248918264,NaN,1997.6
3.2222222222222223,1.4549708338942327,NaN,952.6666666666666,3.7777777777777777,1.7411027779380346,NaN,2906.3333333333335
49.44444444444444,3.837530288567307,0.06296010557952177,0.0,49.44444444444444,3.837530288567307,0.06296010557952177,0.0
42.55555555555556,3.329879938210588,0.07995627905135429,0.0,42.55555555555556,3.329879938210588,0.07995627905135429,0.0
13.88888888888889,3.2629582618948345,0.03787878787878787,0.0,13.88888888888889,3.2629582618948345,0.03787878787878787,0.0
4.0,1.1037593748197108,NaN,2000.0,4.0,1.1037593748197108,NaN,2000.0
3.0,1.584962500721156,NaN,370.5,4.0,2.0,NaN,8429.0
49.5,3.944984183467561,0.05798319327731093,0.0,49.5,3.944984183467561,0.05798319327731093,0.0
36.5,3.6176738007753357,0.05369875222816399,0.0,36.5,3.6176738007753357,0.05369875222816399,0.0
8.5,2.6194506283013155,0.022727272727272728,0.0,8.5,2.6194506283013155,0.022727272727272728,0.0
4.0,1.5,NaN,1996.0,4.0,1.5,NaN,1996.0
3.0,0.9182958340544896,NaN,600.5,4.0,1.375,NaN,3823.25
74.0,3.9377089150200377,0.06593865941846508,0.0,74.0,3.9377089150200377,0.06593865941846508,0.0
34.0,3.559736067328412,0.0691198967061036,0.0,34.0,3.559736067328412,0.0691198967061036,0.0
15.0,3.346861828274619,0.04772727272727273,0.0,15.0,3.346861828274619,0.04772727272727273,0.0
4.0,1.5,NaN,1999.0,4.0,1.5,NaN,1999.0
3.0,1.5182958340544894,NaN,589.9,4.6,1.7629613568458786,NaN,27620.8
52.4,3.870689618040494,0.06666627600465162,10.2,52.4,3.870689618040494,0.06666627600465162,10.2
19.0,3.1908109617543046,0.05436112906701142,0.0,19.0,3.1908109617543046,0.05436112906701142,0.0
12.4,3.055897348285298,0.03772727272727273,0.0,12.4,3.055897348285298,0.03772727272727273,0.0
4.0,1.45,NaN,1997.4,4.0,1.45,NaN,1997.4
3.0,1.2516291673878228,NaN,673.0,4.0,1.75,NaN,3818.0
51.0,3.9338025781156842,0.05217096336499322,0.0,51.0,3.9338025781156842,0.05217096336499322,0.0
40.0,3.615553105411105,0.05844155844155844,0.0,40.0,3.615553105411105,0.05844155844155844,0.0
15.0,3.346861828274619,0.04772727272727273,0.0,15.0,3.346861828274619,0.04772727272727273,0.0
4.0,1.5,NaN,1999.5,4.0,1.5,NaN,1999.5
3.0,1.584962500721156,NaN,472.4,4.2,1.9843856189774727,NaN,13794.6
56.2,3.8307005028103154,0.06974241290719185,0.0,56.2,3.8307005028103154,0.06974241290719185,0.0
34.4,3.4500640697805514,0.04263305322128852,0.0,34.4,3.4500640697805514,0.04263305322128852,0.0
11.0,2.829709211299169,0.02909090909090909,0.0,11.0,2.829709211299169,0.02909090909090909,0.0
4.0,1.3,NaN,1997.6,4.0,1.3,NaN,1997.6
3.5,1.4591479170272448,NaN,710.5,3.5,1.792481250360578,NaN,977.0
64.5,3.9314735161333294,0.06853350414575993,0.0,64.5,3.9314735161333294,0.06853350414575993,0.0
25.5,3.5241709210446963,0.05714285714285714,0.0,25.5,3.5241709210446963,0.05714285714285714,0.0
4.0,2.0,0.0,0.0,4.0,2.0,0.0,0.0
4.0,1.5,NaN,1997.5,4.0,1.5,NaN,1997.5
3.0,1.4182958340544896,NaN,488.875,5.0,1.584183719779189,NaN,48849.75
60.375,3.87700967715164,0.06943816918333093,0.0,60.375,3.87700967715164,0.06943816918333093,0.0
40.25,3.2727195979361183,0.06703272309027626,0.0,40.25,3.2727195979361183,0.06703272309027626,0.0
13.875,3.1919991711992903,0.042045454545454546,0.0,13.875,3.1919991711992903,0.042045454545454546,0.0
4.0,1.375,NaN,1998.875,4.0,1.375,NaN,1998.875
3.0,0.9182958340544896,NaN,669.0,5.0,1.9219280948873623,NaN,34693.5
40.5,3.7834832199323305,0.06592198581560284,0.0,40.5,3.7834832199323305,0.06592198581560284,0.0
31.0,3.5501434714448568,0.04751799924213718,0.0,31.0,3.5501434714448568,0.04751799924213718,0.0
17.0,3.454822399946607,0.05,0.0,17.0,3.454822399946607,0.05,0.0
4.0,0.9056390622295665,NaN,2000.5,4.0,0.9056390622295665,NaN,2000.5
3.0,0.9182958340544899,NaN,541.0909090909091,5.0,1.921928094887363,NaN,35651.454545454544
55.0,3.8414938052395518,0.06789089832618833,0.0,55.0,3.8414938052395518,0.06789089832618833,0.0
42.27272727272727,3.6460489561227547,0.049874465793022266,0.0,42.27272727272727,3.6460489561227547,0.049874465793022266,0.0
14.363636363636363,3.24404903873547,0.043801652892561986,0.0,14.363636363636363,3.24404903873547,0.043801652892561986,0.0
4.0,1.2495556816215028,NaN,1999.1818181818182,4.0,1.2495556816215028,NaN,1999.1818181818182
3.0,0.9182958340544896,NaN,602.0,5.0,1.9219280948873623,NaN,16658.5
58.5,3.9642397639588505,0.06054137910606913,0.0,58.5,3.9642397639588505,0.06054137910606913,0.0
38.0,3.762909822549938,0.045214892553723136,0.0,38.0,3.762909822549938,0.045214892553723136,0.0
15.0,3.346861828274619,0.04772727272727273,0.0,15.0,3.346861828274619,0.04772727272727273,0.0
4.0,1.1556390622295665,NaN,2000.0,4.0,1.1556390622295665,NaN,2000.0
3.0,0.9182958340544896,NaN,611.0,5.0,1.9219280948873623,NaN,52107.0
27.0,3.5355174847584534,0.058823529411764705,0.0,27.0,3.5355174847584534,0.058823529411764705,0.0
7.5,2.7786774610288023,0.023809523809523808,0.0,7.5,2.7786774610288023,0.023809523809523808,0.0
13.0,3.238901256602631,0.045454545454545456,0.0,13.0,3.238901256602631,0.045454545454545456,0.0
4.0,1.1556390622295665,NaN,1997.5,4.0,1.1556390622295665,NaN,1997.5
3.0,0.9182958340544896,NaN,665.6666666666666,5.0,1.9219280948873623,NaN,20286.0
62.0,3.9578151701153175,0.060825015403050985,0.0,62.0,3.9578151701153175,0.060825015403050985,0.0
19.0,3.1694702170378903,0.059082892416225746,0.0,19.0,3.1694702170378903,0.059082892416225746,0.0
13.0,3.238901256602631,0.04545454545454545,0.0,13.0,3.238901256602631,0.04545454545454545,0.0
4.0,1.2704260414863777,NaN,1996.3333333333333,4.0,1.2704260414863777,NaN,1996.3333333333333
3.0,0.9182958340544896,NaN,511.75,5.0,1.9219280948873623,NaN,37012.0
41.25,3.6847680629067407,0.06589147286821706,0.0,41.25,3.6847680629067407,0.06589147286821706,0.0
20.75,2.991544712556597,0.0857843137254902,0.0,20.75,2.991544712556597,0.0857843137254902,0.0
16.0,3.400842114110613,0.04886363636363637,0.0,16.0,3.400842114110613,0.04886363636363637,0.0
4.0,1.375,NaN,2001.25,4.0,1.375,NaN,2001.25
3.0,0.9182958340544896,NaN,633.0,5.0,1.9219280948873623,NaN,38811.0
38.5,3.875155119845043,0.05409946236559139,0.0,38.5,3.875155119845043,0.05409946236559139,0.0
92.0,3.6717669058372087,0.09106563726128944,0.0,92.0,3.6717669058372087,0.09106563726128944,0.0
15.0,3.346861828274619,0.04772727272727273,0.0,15.0,3.346861828274619,0.04772727272727273,0.0
4.0,1.5,NaN,1999.0,4.0,1.5,NaN,1999.0
3.0,1.584962500721156,NaN,467.3333333333333,5.0,2.188594761554029,NaN,46602.666666666664
40.666666666666664,3.8623777590842905,0.05837023356123525,0.0,40.666666666666664,3.8623777590842905,0.05837023356123525,0.0
20.0,3.2600306410793123,0.031701631701631705,0.0,20.0,3.2600306410793123,0.031701631701631705,0.0
13.0,3.238901256602631,0.04545454545454545,0.0,13.0,3.238901256602631,0.04545454545454545,0.0
4.0,1.5,NaN,1999.0,4.0,1.5,NaN,1999.0
3.0,1.584962500721156,NaN,598.0,5.0,1.9219280948873623,NaN,50887.0
15.0,3.2402239289418517,0.06060606060606061,0.0,15.0,3.2402239289418517,0.06060606060606061,0.0
10.0,3.1219280948873624,0.027777777777777776,0.0,10.0,3.1219280948873624,0.027777777777777776,0.0
13.0,3.238901256602631,0.04545454545454545,0.0,13.0,3.238901256602631,0.04545454545454545,0.0
4.0,1.5,NaN,1998.0,4.0,1.5,NaN,1998.0
3.0,0.9182958340544896,NaN,422.0,5.0,1.9219280948873623,NaN,52029.0
41.0,4.024112139665472,0.041666666666666664,0.0,41.0,4.024112139665472,0.041666666666666664,0.0
134.0,3.916889698659647,0.08743430482560917,0.0,134.0,3.916889698659647,0.08743430482560917,0.0
17.0,3.454822399946607,0.05,0.0,17.0,3.454822399946607,0.05,0.0
4.0,1.5,NaN,2003.0,4.0,1.5,NaN,2003.0
3.0,1.584962500721156,NaN,341.3333333333333,5.0,1.6049355947431312,NaN,31086.666666666668
59.333333333333336,3.9223444180522193,0.06575840760852471,0.0,59.333333333333336,3.9223444180522193,0.06575840760852471,0.0
34.666666666666664,3.7193983851791663,0.044763416667441436,0.0,34.666666666666664,3.7193983851791663,0.044763416667441436,0.0
14.333333333333334,3.310874971050623,0.046969696969696974,0.0,14.333333333333334,3.310874971050623,0.046969696969696974,0.0
4.0,1.5,NaN,2000.3333333333333,4.0,1.5,NaN,2000.3333333333333
3.0,1.584962500721156,NaN,533.6,5.0,2.321928094887362,NaN,48021.3
56.0,3.8121887648111015,0.07365244279529995,0.0,56.0,3.8121887648111015,0.07365244279529995,0.0
50.0,3.87272959665718,0.04012474012474013,0.0,50.0,3.87272959665718,0.04012474012474013,0.0
12.1,3.115011130942368,0.040909090909090916,0.0,12.1,3.115011130942368,0.040909090909090916,0.0
4.0,1.5,NaN,1996.7,4.0,1.5,NaN,1996.7
3.0,1.584962500721156,NaN,396.0,5.0,2.321928094887362,NaN,35687.0
21.0,3.3446983751597124,0.08187134502923976,0.0,21.0,3.3446983751597124,0.08187134502923976,0.0
8.0,2.5,0.09523809523809523,0.0,8.0,2.5,0.09523809523809523,0.0
13.0,3.238901256602631,0.045454545454545456,0.0,13.0,3.238901256602631,0.045454545454545456,0.0
4.0,1.5,NaN,1998.0,4.0,1.5,NaN,1998.0
3.3333333333333335,1.723308333814104,NaN,1257.3333333333333,3.6666666666666665,1.861654166907052,NaN,4919.333333333333
57.666666666666664,3.8712521868201115,0.0700467384677911,0.0,57.666666666666664,3.8712521868201115,0.0700467384677911,0.0
22.333333333333332,3.292812730432017,0.0567893575958092,0.0,22.333333333333332,3.292812730432017,0.0567893575958092,0.0
17.0,3.2035380469319783,0.05000000000000001,0.0,17.0,3.2035380469319783,0.05000000000000001,0.0
4.0,1.5,NaN,2000.0,4.0,1.5,NaN,2000.0
3.0,1.584962500721156,NaN,358.0,4.0,2.0,NaN,4851.0
61.5,3.908943728309834,0.06969387755102041,0.0,61.5,3.908943728309834,0.06969387755102041,0.0
43.5,3.7241781603628867,0.05606149627888758,0.0,43.5,3.7241781603628867,0.05606149627888758,0.0
8.5,2.6194506283013155,0.022727272727272728,0.0,8.5,2.6194506283013155,0.022727272727272728,0.0
4.0,1.5,NaN,1995.5,4.0,1.5,NaN,1995.5
3.0,1.584962500721156,NaN,609.5,4.0,2.0,NaN,6308.0
60.0,3.9464316908184083,0.0696307335651598,0.0,60.0,3.9464316908184083,0.0696307335651598,0.0
13.0,2.953445297804259,0.04395604395604396,0.0,13.0,2.953445297804259,0.04395604395604396,0.0
13.0,3.238901256602631,0.045454545454545456,0.0,13.0,3.238901256602631,0.045454545454545456,0.0
4.0,1.5,NaN,1996.5,4.0,1.5,NaN,1996.5
3.0,1.4182958340544896,NaN,284.25,4.0,1.75,NaN,6446.75
28.25,3.5236585089347177,0.05881957876638728,0.0,28.25,3.5236585089347177,0.05881957876638728,0.0
18.25,3.1698742672887565,0.05023946360153257,0.0,18.25,3.1698742672887565,0.05023946360153257,0.0
14.0,3.292881542438625,0.0465909090909091,0.0,14.0,3.292881542438625,0.0465909090909091,0.0
4.0,1.0306390622295665,NaN,2000.25,4.0,1.0306390622295665,NaN,2000.25
3.2,1.0346366672435916,NaN,897.6,3.8,1.383659166810898,NaN,4532.0
58.4,3.922576234536135,0.06789645485233721,0.0,58.4,3.922576234536135,0.06789645485233721,0.0
46.6,3.684614437891619,0.05860992718135575,0.0,46.6,3.684614437891619,0.05860992718135575,0.0
10.0,2.9048117383730996,0.02727272727272727,0.0,10.0,2.9048117383730996,0.02727272727272727,0.0
4.0,1.4,NaN,1997.0,4.0,1.4,NaN,1997.0
1.0,0.0,NaN,6.0,4.0,1.2570488277869578,NaN,7440.125
45.0,4.071494274976483,0.05512820512820514,0.0,45.0,4.071494274976483,0.05512820512820514,0.0
42.0,3.9657424951384357,0.047348484848484855,0.0,42.0,3.9657424951384357,0.047348484848484855,0.0
4.0,2.0,0.0,0.0,4.0,2.0,0.0,0.0
4.0,1.5,NaN,1995.0,4.0,1.5,NaN,1995.0
1.0,0.0,NaN,5.642857142857143,5.0,1.9790709520302197,NaN,44230.642857142855
39.785714285714285,3.857043236964075,0.05792826884158154,0.14285714285714285,39.785714285714285,3.857043236964075,0.05792826884158154,0.14285714285714285
26.0,3.289222669013003,0.06913122538122538,0.0,26.0,3.289222669013003,0.06913122538122538,0.0
9.142857142857142,2.7079435752015035,0.02597402597402598,0.0,9.142857142857142,2.7079435752015035,0.02597402597402598,0.0
4.0,1.2142857142857142,NaN,1999.0,4.0,1.2142857142857142,NaN,1999.0
2.0,1.0,NaN,98.0,5.0,1.5219280948873624,NaN,53225.0
45.0,3.96396670739271,0.049206349206349205,0.0,45.0,3.96396670739271,0.049206349206349205,0.0
17.0,3.263933429485633,0.04545454545454546,0.0,17.0,3.263933429485633,0.04545454545454546,0.0
13.0,3.238901256602631,0.04545454545454546,0.0,13.0,3.238901256602631,0.04545454545454546,0.0
4.0,1.0,NaN,2002.0,4.0,1.0,NaN,2002.0
4.0,1.8,NaN,1934.0,5.0,1.7619280948873624,NaN,19314.6
75.2,4.051968714106998,0.0627023180447838,0.0,75.2,4.051968714106998,0.0627023180447838,0.0
23.8,3.6191100532359064,0.04511355311355312,0.0,23.8,3.6191100532359064,0.04511355311355312,0.0
13.2,2.53937472751669,0.04,0.0,13.2,2.53937472751669,0.04,0.0
4.0,1.5,NaN,1997.0,4.0,1.5,NaN,1997.0
4.0,1.75,NaN,1506.5,5.0,2.321928094887362,NaN,15101.5
54.0,3.8843664521920003,0.059524853160340147,0.0,54.0,3.8843664521920003,0.059524853160340147,0.0
28.0,3.369595556745823,0.08496133496133496,0.0,28.0,3.369595556745823,0.08496133496133496,0.0
10.5,2.7274111999733037,0.025,0.0,10.5,2.7274111999733037,0.025,0.0
4.0,1.1556390622295665,NaN,1997.0,4.0,1.1556390622295665,NaN,1997.0
3.0,1.4823983981570532,NaN,582.4615384615385,5.0,1.9294700178977169,NaN,40481.92307692308
50.53846153846154,3.7938791938585505,0.06520413168609035,0.0,50.53846153846154,3.7938791938585505,0.06520413168609035,0.0
23.76923076923077,3.2711827804256144,0.05053012135650859,0.0,23.76923076923077,3.2711827804256144,0.05053012135650859,0.0
15.153846153846153,3.355166487634003,0.04790209790209791,0.0,15.153846153846153,3.355166487634003,0.04790209790209791,0.0
4.0,1.3700983172660872,NaN,1999.6923076923076,4.0,1.3700983172660872,NaN,1999.6923076923076
4.0,1.75,NaN,2182.5,4.0,1.5,NaN,2189.0
58.5,3.8280777693311054,0.07336555100662642,0.0,58.5,3.8280777693311054,0.07336555100662642,0.0
71.5,3.826065069155402,0.05485297944314338,0.0,71.5,3.826065069155402,0.05485297944314338,0.0
5.5,2.4036774610288023,0.0,0.0,5.5,2.4036774610288023,0.0,0.0
4.0,1.5,NaN,1999.0,4.0,1.5,NaN,1999.0
1.0,0.0,NaN,3.5,5.0,2.1219280948873624,NaN,57692.0
38.0,3.972365050676405,0.05217948717948718,0.0,38.0,3.972365050676405,0.05217948717948718,0.0
32.0,3.803496147796957,0.04940953654188948,0.0,32.0,3.803496147796957,0.04940953654188948,0.0
8.5,2.6194506283013155,0.022727272727272728,0.0,8.5,2.6194506283013155,0.022727272727272728,0.0
4.0,1.25,NaN,1998.5,4.0,1.25,NaN,1998.5
1.5,0.5,NaN,20.0,5.0,1.9219280948873623,NaN,37979.5
54.0,3.8561018045112103,0.06487969328397673,0.0,54.0,3.8561018045112103,0.06487969328397673,0.0
44.5,3.7316305139265897,0.06460968225674107,0.0,44.5,3.7316305139265897,0.06460968225674107,0.0
8.5,2.6194506283013155,0.022727272727272728,0.0,8.5,2.6194506283013155,0.022727272727272728,0.0
4.0,1.25,NaN,1998.5,4.0,1.25,NaN,1998.5
3.0,0.9182958340544896,NaN,591.0,5.0,1.5219280948873621,NaN,43602.666666666664
32.0,3.7126325914316176,0.05838491010904804,0.0,32.0,3.7126325914316176,0.05838491010904804,0.0
25.333333333333332,3.3201724636428906,0.06946435207304773,0.0,25.333333333333332,3.3201724636428906,0.06946435207304773,0.0
14.333333333333334,3.310874971050623,0.046969696969696974,0.0,14.333333333333334,3.310874971050623,0.046969696969696974,0.0
4.0,1.103759374819711,NaN,1999.0,4.0,1.103759374819711,NaN,1999.0
3.0,1.584962500721156,NaN,703.0,5.0,1.9219280948873627,NaN,27440.0
49.0,3.936366355186075,0.057082452431289635,0.0,49.0,3.936366355186075,0.057082452431289635,0.0
26.0,3.3771177198116042,0.05147058823529411,0.0,26.0,3.3771177198116042,0.05147058823529411,0.0
17.0,3.454822399946607,0.049999999999999996,0.0,17.0,3.454822399946607,0.049999999999999996,0.0
4.0,1.5,NaN,2001.0,4.0,1.5,NaN,2001.0
3.0,1.584962500721156,NaN,628.5,5.0,2.121928094887362,NaN,36581.5
36.0,3.52659707760797,0.06620728562217923,0.0,36.0,3.52659707760797,0.06620728562217923,0.0
9.5,3.034815437053726,0.031746031746031744,0.0,9.5,3.034815437053726,0.031746031746031744,0.0
13.0,3.238901256602631,0.04545454545454546,0.0,13.0,3.238901256602631,0.04545454545454546,0.0
4.0,1.5,NaN,1997.0,4.0,1.5,NaN,1997.0
3.0,1.584962500721156,NaN,657.0,5.0,2.321928094887362,NaN,59307.0
70.0,4.043979311099181,0.0715846994535519,0.0,70.0,4.043979311099181,0.0715846994535519,0.0
20.0,3.321928094887362,0.08791208791208792,0.0,20.0,3.321928094887362,0.08791208791208792,0.0
13.0,3.238901256602631,0.045454545454545456,0.0,13.0,3.238901256602631,0.045454545454545456,0.0
4.0,1.5,NaN,1996.0,4.0,1.5,NaN,1996.0
3.0,1.2516291673878228,NaN,574.75,5.0,2.321928094887362,NaN,58500.5
29.75,3.5177713975421456,0.05968211527035056,0.0,29.75,3.5177713975421456,0.05968211527035056,0.0
20.0,3.0643171416257307,0.03049719887955182,0.0,20.0,3.0643171416257307,0.03049719887955182,0.0
14.0,3.292881542438625,0.0465909090909091,0.0,14.0,3.292881542438625,0.0465909090909091,0.0
4.0,1.375,NaN,1998.75,4.0,1.375,NaN,1998.75
3.0,1.584962500721156,NaN,195.5,5.0,1.9219280948873625,NaN,22758.5
58.0,3.979483298301723,0.05796440569887923,0.0,58.0,3.979483298301723,0.05796440569887923,0.0
37.5,3.625831639031139,0.06469979296066251,0.0,37.5,3.625831639031139,0.06469979296066251,0.0
8.5,2.6194506283013155,0.022727272727272724,0.0,8.5,2.6194506283013155,0.022727272727272724,0.0
4.0,1.5,NaN,1997.5,4.0,1.5,NaN,1997.5
3.0,1.584962500721156,NaN,368.0,5.0,1.3709505944546687,NaN,31181.0
45.0,4.016155941739304,0.04804804804804805,0.0,45.0,4.016155941739304,0.04804804804804805,0.0
24.0,3.432817315121022,0.02857142857142857,0.0,24.0,3.432817315121022,0.02857142857142857,0.0
17.0,3.454822399946607,0.05,0.0,17.0,3.454822399946607,0.05,0.0
4.0,1.5,NaN,2003.0,4.0,1.5,NaN,2003.0
3.0,1.584962500721156,NaN,649.0,5.0,1.4464393446710155,NaN,31609.5
43.0,4.023021896980891,0.05104268491365266,0.0,43.0,4.023021896980891,0.05104268491365266,0.0
16.5,2.9957329281725587,0.026143790849673203,0.0,16.5,2.9957329281725587,0.026143790849673203,0.0
15.0,3.346861828274619,0.04772727272727273,0.0,15.0,3.346861828274619,0.04772727272727273,0.0
4.0,1.5,NaN,1999.0,4.0,1.5,NaN,1999.0
3.0,1.584962500721156,NaN,720.3333333333334,5.0,2.321928094887362,NaN,38276.0
37.0,3.8618110563166326,0.052537184320130055,0.0,37.0,3.8618110563166326,0.052537184320130055,0.0
46.666666666666664,3.7014959532019787,0.05494363737397793,0.0,46.666666666666664,3.7014959532019787,0.05494363737397793,0.0
14.333333333333334,3.310874971050623,0.046969696969696974,0.0,14.333333333333334,3.310874971050623,0.046969696969696974,0.0
4.0,1.5,NaN,1997.6666666666667,4.0,1.5,NaN,1997.6666666666667
3.0,1.5108884266470821,NaN,478.77777777777777,5.0,2.233039205998473,NaN,42206.555555555555
49.666666666666664,3.7697512950430507,0.06606139939473273,0.0,49.666666666666664,3.7697512950430507,0.06606139939473273,0.0
14.555555555555555,2.9891782779565315,0.03221477143045771,0.0,14.555555555555555,2.9891782779565315,0.03221477143045771,0.0
11.444444444444445,2.9875811043958214,0.03585858585858586,0.0,11.444444444444445,2.9875811043958214,0.03585858585858586,0.0
4.0,1.2704260414863775,NaN,1997.2222222222222,4.0,1.2704260414863775,NaN,1997.2222222222222
4.0,1.5,NaN,2209.5,5.0,1.9219280948873623,NaN,21820.0
42.5,3.868594259486246,0.05885225885225885,0.0,42.5,3.868594259486246,0.05885225885225885,0.0
39.5,3.7080735423036213,0.060692271218587,0.0,39.5,3.7080735423036213,0.060692271218587,0.0
10.0,3.023128089330118,0.022727272727272728,0.0,10.0,3.023128089330118,0.022727272727272728,0.0
4.0,1.25,NaN,2002.5,4.0,1.25,NaN,2002.5
2.0,1.0,NaN,30.5,5.0,2.321928094887362,NaN,62667.5
27.0,3.7445195780660523,0.04690860215053763,0.0,27.0,3.7445195780660523,0.04690860215053763,0.0
22.5,3.053335211073847,0.08994708994708994,0.0,22.5,3.053335211073847,0.08994708994708994,0.0
13.0,3.238901256602631,0.045454545454545456,0.0,13.0,3.238901256602631,0.045454545454545456,0.0
4.0,1.0,NaN,2002.0,4.0,1.0,NaN,2002.0
2.5,1.292481250360578,NaN,245.5,2.5,1.292481250360578,NaN,328.0
42.0,3.6020532607169526,0.0742690058479532,0.0,42.0,3.6020532607169526,0.0742690058479532,0.0
14.5,2.8747301399608087,0.09761904761904762,0.0,14.5,2.8747301399608087,0.09761904761904762,0.0
8.5,2.6194506283013155,0.022727272727272728,0.0,8.5,2.6194506283013155,0.022727272727272728,0.0
4.0,1.5,NaN,1996.0,4.0,1.5,NaN,1996.0
3.0,1.362740278498934,NaN,776.6666666666666,4.666666666666667,1.8646187299249082,NaN,37396.5
80.0,4.061151456828791,0.0642813464485291,0.0,80.0,4.061151456828791,0.0642813464485291,0.0
40.166666666666664,3.771277275132194,0.05487769399059722,0.0,40.166666666666664,3.771277275132194,0.05487769399059722,0.0
21.5,3.1414282791855843,0.07500000000000001,0.0,21.5,3.1414282791855843,0.07500000000000001,0.0
4.0,1.5,NaN,2001.1666666666667,4.0,1.5,NaN,2001.1666666666667
3.0,1.584962500721156,NaN,720.0,5.0,1.5219280948873621,NaN,53354.0
33.0,3.763646770676926,0.06881720430107527,0.0,33.0,3.763646770676926,0.06881720430107527,0.0
11.0,2.8453509366224368,0.08888888888888889,0.0,11.0,2.8453509366224368,0.08888888888888889,0.0
13.0,3.238901256602631,0.045454545454545456,0.0,13.0,3.238901256602631,0.045454545454545456,0.0
4.0,1.5,NaN,1996.0,4.0,1.5,NaN,1996.0
2.0,1.0,NaN,77.5,4.5,1.7109640474436811,NaN,13032.5
57.0,3.998869381794144,0.05772357723577236,0.0,57.0,3.998869381794144,0.05772357723577236,0.0
20.0,3.287910343937156,0.08846153846153847,0.0,20.0,3.287910343937156,0.08846153846153847,0.0
8.5,2.6194506283013155,0.022727272727272728,0.0,8.5,2.6194506283013155,0.022727272727272728,0.0
4.0,1.25,NaN,1998.0,4.0,1.25,NaN,1998.0
3.0,1.4849625007211558,NaN,569.55,3.0,1.3516291673878225,NaN,749.7
62.5,3.8893853261914275,0.06800384192620425,10.0,62.5,3.8893853261914275,0.06800384192620425,10.0
35.75,3.4579419345206643,0.05213616167470123,0.0,35.75,3.4579419345206643,0.05213616167470123,0.0
14.0,3.292881542438625,0.04659090909090908,0.0,14.0,3.292881542438625,0.04659090909090908,0.0
4.0,1.2372556248918265,NaN,1998.35,4.0,1.2372556248918265,NaN,1998.35
3.0,1.584962500721156,NaN,660.5,4.5,2.160964047443681,NaN,29186.5
63.0,3.8844904828061297,0.06927942632030887,0.0,63.0,3.8844904828061297,0.06927942632030887,0.0
15.5,3.1585201084632892,0.05322128851540616,0.0,15.5,3.1585201084632892,0.05322128851540616,0.0
13.0,3.238901256602631,0.045454545454545456,0.0,13.0,3.238901256602631,0.045454545454545456,0.0
4.0,1.5,NaN,1996.5,4.0,1.5,NaN,1996.5
3.75,1.521240625180289,NaN,1571.75,3.25,1.188721875540867,NaN,2325.0
51.5,3.7856973384885295,0.07454441037548623,0.0,51.5,3.7856973384885295,0.07454441037548623,0.0
14.25,3.075797423009866,0.022233201581027668,0.0,14.25,3.075797423009866,0.022233201581027668,0.0
17.75,2.98394372354652,0.06136363636363636,0.0,17.75,2.98394372354652,0.06136363636363636,0.0
4.0,1.3278195311147831,NaN,1996.75,4.0,1.3278195311147831,NaN,1996.75
4.0,2.0,NaN,2607.0,4.0,1.5,NaN,4541.0
63.0,3.955720456257197,0.06599326599326599,0.0,63.0,3.955720456257197,0.06599326599326599,0.0
32.0,3.5619996115311405,0.06719367588932806,0.0,32.0,3.5619996115311405,0.06719367588932806,0.0
13.0,3.238901256602631,0.045454545454545456,0.0,13.0,3.238901256602631,0.045454545454545456,0.0
4.0,1.0,NaN,2002.0,4.0,1.0,NaN,2002.0
3.0,0.9182958340544896,NaN,769.5,3.0,0.396240625180289,NaN,687.75
40.5,3.66509055294719,0.07366766555026735,0.0,40.5,3.66509055294719,0.07366766555026735,0.0
43.0,3.7243147091492137,0.04640947288006111,0.0,43.0,3.7243147091492137,0.04640947288006111,0.0
10.75,2.929175942451973,0.03409090909090909,0.0,10.75,2.929175942451973,0.03409090909090909,0.0
4.0,1.5,NaN,1994.0,4.0,1.5,NaN,1994.0
4.0,1.2704260414863777,NaN,1474.6666666666667,5.0,2.0552614282206956,NaN,37632.0
35.333333333333336,3.691201461259157,0.0667104440275172,0.0,35.333333333333336,3.691201461259157,0.0667104440275172,0.0
17.0,3.2222414901366654,0.05947385947385947,0.0,17.0,3.2222414901366654,0.05947385947385947,0.0
12.666666666666666,2.969881599964405,0.03333333333333333,0.0,12.666666666666666,2.969881599964405,0.03333333333333333,0.0
4.0,1.3333333333333333,NaN,1999.3333333333333,4.0,1.3333333333333333,NaN,1999.3333333333333
4.0,1.5,NaN,1060.0,5.0,1.9219280948873623,NaN,38892.0
38.0,3.889779079905775,0.053475935828877004,0.0,38.0,3.889779079905775,0.053475935828877004,0.0
19.0,3.195295934496218,0.08791208791208792,0.0,19.0,3.195295934496218,0.08791208791208792,0.0
17.0,3.454822399946607,0.05,0.0,17.0,3.454822399946607,0.05,0.0
4.0,0.8112781244591328,NaN,1999.0,4.0,0.8112781244591328,NaN,1999.0
3.5,1.542481250360578,NaN,1305.5,3.5,1.792481250360578,NaN,1348.5
40.0,3.5101087244511917,0.08636401670457398,0.0,40.0,3.5101087244511917,0.08636401670457398,0.0
13.5,3.1728976275004674,0.0404040404040404,0.0,13.5,3.1728976275004674,0.0404040404040404,0.0
8.5,2.6194506283013155,0.022727272727272728,0.0,8.5,2.6194506283013155,0.022727272727272728,0.0
4.0,1.5,NaN,1996.5,4.0,1.5,NaN,1996.5
2.0,1.0,NaN,56.0,5.0,1.5219280948873621,NaN,28772.0
60.0,4.00871867207634,0.05580693815987934,0.0,60.0,4.00871867207634,0.05580693815987934,0.0
47.0,3.6875972354679685,0.07486631016042779,0.0,47.0,3.6875972354679685,0.07486631016042779,0.0
4.0,2.0,0.0,0.0,4.0,2.0,0.0,0.0
4.0,1.5,NaN,1995.0,4.0,1.5,NaN,1995.0
3.0,0.9182958340544896,NaN,515.0,5.0,1.5219280948873621,NaN,48824.0
54.0,3.9058417349048713,0.06560283687943262,0.0,54.0,3.9058417349048713,0.06560283687943262,0.0
46.0,3.727836761836844,0.06628787878787878,0.0,46.0,3.727836761836844,0.06628787878787878,0.0
17.0,3.454822399946607,0.05000000000000001,0.0,17.0,3.454822399946607,0.05000000000000001,0.0
4.0,1.0,NaN,2002.0,4.0,1.0,NaN,2002.0
2.0,0.8571428571428571,NaN,37.285714285714285,5.0,1.8324329162232138,NaN,38966.92857142857
52.0,3.883218562091678,0.0632423595903162,0.0,52.0,3.883218562091678,0.0632423595903162,0.0
35.5,3.617863784538387,0.0725641251061419,0.0,35.5,3.617863784538387,0.0725641251061419,0.0
7.214285714285714,2.44246473450094,0.016233766233766236,0.0,7.214285714285714,2.44246473450094,0.016233766233766236,0.0
4.0,1.3214285714285714,NaN,1997.5,4.0,1.3214285714285714,NaN,1997.5
2.0,0.8,NaN,22.0,5.0,1.9219280948873625,NaN,19736.8
32.8,3.7055667900419196,0.059295659295659296,0.0,32.8,3.7055667900419196,0.059295659295659296,0.0
22.2,3.0515128475470306,0.11080213903743315,0.0,22.2,3.0515128475470306,0.11080213903743315,0.0
5.8,2.2477802513205263,0.00909090909090909,0.0,5.8,2.2477802513205263,0.00909090909090909,0.0
4.0,1.4,NaN,1996.4,4.0,1.4,NaN,1996.4
2.0,1.0,NaN,27.8,5.0,1.9219280948873625,NaN,27018.8
44.8,3.8259445787386794,0.06115549575309057,0.0,44.8,3.8259445787386794,0.06115549575309057,0.0
21.8,3.3981463851207585,0.07830065359477126,0.0,21.8,3.3981463851207585,0.07830065359477126,0.0
4.0,2.0,0.0,0.0,4.0,2.0,0.0,0.0
4.0,1.5,NaN,1995.0,4.0,1.5,NaN,1995.0
2.0,1.0,NaN,36.0,5.0,2.1219280948873624,NaN,30240.5
48.0,3.869412050747221,0.06813513284101519,0.0,48.0,3.869412050747221,0.06813513284101519,0.0
21.0,3.225233077629807,0.033846153846153845,0.0,21.0,3.225233077629807,0.033846153846153845,0.0
13.0,3.238901256602631,0.045454545454545456,0.0,13.0,3.238901256602631,0.045454545454545456,0.0
4.0,1.0,NaN,2002.0,4.0,1.0,NaN,2002.0
2.0,1.0,NaN,56.0,5.0,2.188594761554029,NaN,58247.333333333336
60.0,4.0087186720763395,0.05580693815987934,0.0,60.0,4.0087186720763395,0.05580693815987934,0.0
47.0,3.6875972354679676,0.0748663101604278,0.0,47.0,3.6875972354679676,0.0748663101604278,0.0
4.0,2.0,0.0,0.0,4.0,2.0,0.0,0.0
4.0,1.5,NaN,1995.0,4.0,1.5,NaN,1995.0
2.0,1.0,NaN,26.636363636363637,5.0,1.8080251402239007,NaN,25931.636363636364
53.81818181818182,3.9105621335589875,0.06348679355367746,1.2727272727272727,53.81818181818182,3.9105621335589875,0.06348679355367746,1.2727272727272727
19.454545454545453,3.170447002198732,0.055696928430013753,0.0,19.454545454545453,3.170447002198732,0.055696928430013753,0.0
8.090909090909092,2.5631369348193775,0.02066115702479339,0.0,8.090909090909092,2.5631369348193775,0.02066115702479339,0.0
4.0,1.2727272727272727,NaN,1998.1818181818182,4.0,1.2727272727272727,NaN,1998.1818181818182
2.0,1.0,NaN,76.5,5.0,1.4464393446710155,NaN,58276.0
55.0,3.9022246639573552,0.06323366555924695,0.0,55.0,3.9022246639573552,0.06323366555924695,0.0
23.5,3.3980269221082775,0.08571428571428572,0.0,23.5,3.3980269221082775,0.08571428571428572,0.0
4.0,2.0,0.0,0.0,4.0,2.0,0.0,0.0
4.0,1.5,NaN,1994.5,4.0,1.5,NaN,1994.5
2.0,1.0,NaN,41.0,5.0,2.321928094887362,NaN,47930.0
58.0,3.8880699022218654,0.061979648473635525,0.0,58.0,3.8880699022218654,0.061979648473635525,0.0
23.0,3.6211755429194716,0.0457516339869281,0.0,23.0,3.6211755429194716,0.0457516339869281,0.0
4.0,2.0,0.0,0.0,4.0,2.0,0.0,0.0
4.0,1.5,NaN,1995.0,4.0,1.5,NaN,1995.0
2.0,1.0,NaN,50.0,4.0,1.75,NaN,4932.0
53.0,3.8945822929356653,0.0669821134937414,0.0,53.0,3.8945822929356653,0.0669821134937414,0.0
21.5,3.196555616601004,0.06717948717948719,0.0,21.5,3.196555616601004,0.06717948717948719,0.0
8.5,2.6194506283013155,0.022727272727272728,0.0,8.5,2.6194506283013155,0.022727272727272728,0.0
4.0,1.25,NaN,1998.0,4.0,1.25,NaN,1998.0
3.3333333333333335,1.3333333333333333,NaN,709.6666666666666,2.6666666666666665,1.1666666666666667,NaN,454.0
46.666666666666664,3.880328301689053,0.06078173034694775,0.0,46.666666666666664,3.880328301689053,0.06078173034694775,0.0
37.666666666666664,3.495738334444329,0.0645320197044335,0.0,37.666666666666664,3.495738334444329,0.0645320197044335,0.0
4.0,2.0,0.0,0.0,4.0,2.0,0.0,0.0
4.0,1.5,NaN,1999.0,4.0,1.5,NaN,1999.0
3.0,1.2516291673878228,NaN,616.0,4.0,1.75,NaN,6781.0
79.0,4.030823854493665,0.06343984962406016,0.0,79.0,4.030823854493665,0.06343984962406016,0.0
27.0,3.3893055138264767,0.04406682027649769,0.0,27.0,3.3893055138264767,0.04406682027649769,0.0
20.0,3.2936690376971782,0.07272727272727272,0.0,20.0,3.2936690376971782,0.07272727272727272,0.0
4.0,1.1556390622295665,NaN,2001.5,4.0,1.1556390622295665,NaN,2001.5
3.0,1.013533929292585,NaN,336.57142857142856,5.0,1.8432170233969778,NaN,21432.714285714286
31.714285714285715,3.8530230199936213,0.04742457363425106,0.0,31.714285714285715,3.8530230199936213,0.04742457363425106,0.0
18.571428571428573,3.4916446355832247,0.030854859426287996,0.0,18.571428571428573,3.4916446355832247,0.030854859426287996,0.0
16.428571428571427,3.4239765223260394,0.04935064935064935,0.0,16.428571428571427,3.4239765223260394,0.04935064935064935,0.0
4.0,1.5,NaN,2002.7142857142858,4.0,1.5,NaN,2002.7142857142858
3.0,0.9182958340544896,NaN,740.0,5.0,1.3709505944546687,NaN,37832.0
62.5,3.9655111066152844,0.06183670173495755,0.0,62.5,3.9655111066152844,0.06183670173495755,0.0
30.5,3.655879374964483,0.04365079365079365,0.0,30.5,3.655879374964483,0.04365079365079365,0.0
15.0,3.346861828274619,0.04772727272727273,0.0,15.0,3.346861828274619,0.04772727272727273,0.0
4.0,1.5,NaN,1998.0,4.0,1.5,NaN,1998.0
3.0,1.584962500721156,NaN,640.0,4.0,2.0,NaN,4093.0
64.0,4.01002739943295,0.07111756168359942,2.0,64.0,4.01002739943295,0.07111756168359942,2.0
41.0,3.4373311277107534,0.10317460317460317,0.0,41.0,3.4373311277107534,0.10317460317460317,0.0
13.0,3.238901256602631,0.045454545454545456,0.0,13.0,3.238901256602631,0.045454545454545456,0.0
4.0,1.5,NaN,1998.0,4.0,1.5,NaN,1998.0
3.0,1.584962500721156,NaN,562.0,5.0,1.9219280948873623,NaN,58524.0
50.0,3.8488840705376353,0.06767676767676768,0.0,50.0,3.8488840705376353,0.06767676767676768,0.0
6.0,2.584962500721156,0.0,0.0,6.0,2.584962500721156,0.0,0.0
13.0,3.238901256602631,0.045454545454545456,0.0,13.0,3.238901256602631,0.045454545454545456,0.0
4.0,1.5,NaN,1997.0,4.0,1.5,NaN,1997.0
3.0,1.584962500721156,NaN,106.0,5.0,1.9219280948873625,NaN,61563.0
94.0,4.01526750320481,0.06798623063683305,0.0,94.0,4.01526750320481,0.06798623063683305,0.0
27.0,3.1842811334017393,0.08496732026143793,0.0,27.0,3.1842811334017393,0.08496732026143793,0.0
13.0,3.238901256602631,0.04545454545454546,0.0,13.0,3.238901256602631,0.04545454545454546,0.0
4.0,1.0,NaN,2002.0,4.0,1.0,NaN,2002.0
3.0,1.2516291673878228,NaN,284.5,5.0,1.9219280948873623,NaN,13485.5
55.5,3.9506107655748295,0.06146837005824096,0.0,55.5,3.9506107655748295,0.06146837005824096,0.0
15.5,3.2670649631088553,0.053046953046953046,0.0,15.5,3.2670649631088553,0.053046953046953046,0.0
8.5,2.6194506283013155,0.022727272727272728,0.0,8.5,2.6194506283013155,0.022727272727272728,0.0
4.0,1.1556390622295665,NaN,1997.0,4.0,1.1556390622295665,NaN,1997.0
3.0,1.362740278498934,NaN,226.66666666666666,5.0,1.9219280948873623,NaN,52069.666666666664
28.0,3.6730190587820766,0.06333333333333334,0.0,28.0,3.6730190587820766,0.06333333333333334,0.0
22.333333333333332,3.1962543631190576,0.1062049062049062,0.0,22.333333333333332,3.1962543631190576,0.1062049062049062,0.0
17.0,3.454822399946607,0.05000000000000001,0.0,17.0,3.454822399946607,0.05000000000000001,0.0
4.0,1.5,NaN,2003.0,4.0,1.5,NaN,2003.0
3.0,1.584962500721156,NaN,570.0,5.0,2.321928094887362,NaN,50379.0
59.0,3.8228839402884436,0.07510204081632653,0.0,59.0,3.8228839402884436,0.07510204081632653,0.0
54.0,3.965349699407636,0.036036036036036036,0.0,54.0,3.965349699407636,0.036036036036036036,0.0
13.0,3.238901256602631,0.045454545454545456,0.0,13.0,3.238901256602631,0.045454545454545456,0.0
4.0,1.5,NaN,1997.0,4.0,1.5,NaN,1997.0
3.0,1.584962500721156,NaN,604.0,5.0,2.321928094887362,NaN,50416.0
62.0,3.953307399930242,0.0693815987933635,0.0,62.0,3.953307399930242,0.0693815987933635,0.0
27.0,3.763965742824082,0.05194805194805195,0.0,27.0,3.763965742824082,0.05194805194805195,0.0
13.0,3.238901256602631,0.045454545454545456,0.0,13.0,3.238901256602631,0.045454545454545456,0.0
4.0,1.5,NaN,1998.0,4.0,1.5,NaN,1998.0
3.0,1.584962500721156,NaN,598.3333333333334,5.0,2.2552614282206953,NaN,40976.0
60.0,3.845458433334769,0.06980923599363105,0.0,60.0,3.845458433334769,0.06980923599363105,0.0
21.0,3.3938487552558385,0.05282651072124756,0.0,21.0,3.3938487552558385,0.05282651072124756,0.0
15.666666666666666,3.382848685498615,0.04848484848484849,0.0,15.666666666666666,3.382848685498615,0.04848484848484849,0.0
4.0,1.3852130207431887,NaN,1999.8333333333333,4.0,1.3852130207431887,NaN,1999.8333333333333
3.0,1.584962500721156,NaN,333.0,5.0,2.321928094887362,NaN,57445.5
47.5,3.8804398731025347,0.06204351204351205,0.0,47.5,3.8804398731025347,0.06204351204351205,0.0
8.0,2.6157009226960857,0.05555555555555555,0.0,8.0,2.6157009226960857,0.05555555555555555,0.0
8.5,2.6194506283013155,0.022727272727272728,0.0,8.5,2.6194506283013155,0.022727272727272728,0.0
4.0,1.5,NaN,1996.0,4.0,1.5,NaN,1996.0
3.0,1.584962500721156,NaN,825.6666666666666,5.0,2.188594761554029,NaN,60060.666666666664
39.0,3.5884877413373317,0.06915532132923437,0.0,39.0,3.5884877413373317,0.06915532132923437,0.0
7.666666666666667,2.67388021211444,0.053968253968253964,0.0,7.666666666666667,2.67388021211444,0.053968253968253964,0.0
13.0,3.238901256602631,0.04545454545454546,0.0,13.0,3.238901256602631,0.04545454545454546,0.0
4.0,1.5,NaN,1995.3333333333333,4.0,1.5,NaN,1995.3333333333333
3.0,1.584962500721156,NaN,230.0,5.0,2.321928094887362,NaN,23193.0
86.0,4.045479473276465,0.06708264602630801,0.0,86.0,4.045479473276465,0.06708264602630801,0.0
20.0,3.013105320957341,0.07923960097873141,0.0,20.0,3.013105320957341,0.07923960097873141,0.0
10.5,2.7274111999733037,0.025,0.0,10.5,2.7274111999733037,0.025,0.0
4.0,1.5,NaN,1998.5,4.0,1.5,NaN,1998.5
