0.4616902584383193,0.36879432624113473,0.0,0.0,0.0,0.0,0.0,0.0,1.0,1.0,0.0,0.0,0.0,0.0,0.0,0.0,1.0,1.0,1.0,1.0,1.0,1.0,1.0,1.0,1.0,9.0,1.0,1.0,1.0,1.0,
0.35138211074996695,0.1837837837837838,0.0,0.0,0.0,0.0,0.7071067811865475,0.5142857142857142,1.0,1.0,0.3333333333333333,2.0,0.7777778506278992,0.0,0.0,0.0,0.0,0.0,0.0,0.0,0.0,0.0,0.0,0.0,1.0,1.0,1.0,1.0,1.0,1.0,
0.38844929803367795,0.21428571428571427,1.0,1.0,1.0,1.0,0.0,0.0,1.0,1.0,0.3333333333333333,2.0,0.7777778506278992,0.0,0.0,0.0,0.0,0.0,0.0,0.0,0.0,0.0,0.0,0.0,0.0,0.0,0.0,0.0,0.0,0.0,
0.18569533817705186,0.11403508771929824,0.0,0.0,0.0,0.0,0.9999999999999998,1.0,0.0,0.0,1.0,6.0,1.0,1.0,1.0,1.0,0.0,0.0,1.0,1.0,1.0,1.0,1.0,1.0,1.0,9.0,1.0,1.0,1.0,1.0,
0.30254163376677895,0.11267605633802817,1.0,1.0,1.0,1.0,0.0,0.0,0.0,0.0,1.0,1.0,1.0,1.0,1.0,1.0,1.0,1.0,0.3333333333333333,1.0,0.8666666150093079,0.0,0.0,0.2,1.0,1.0,1.0,1.0,1.0,1.0,
0.38590196633953655,0.17073170731707318,1.0,1.0,1.0,1.0,1.0,1.0,0.20412414523193148,0.2708333333333333,1.0,1.0,1.0,1.0,1.0,1.0,1.0,1.0,0.3333333333333333,1.0,0.8666666150093079,0.0,0.0,0.2,1.0,1.0,1.0,1.0,1.0,1.0,
0.1863603905822167,0.07432432432432433,0.0,0.0,0.0,0.0,0.6324555320336759,0.5,0.0,0.0,0.0,0.0,0.0,0.0,0.0,0.0,0.0,0.0,1.0,1.0,1.0,1.0,1.0,1.0,1.0,1.0,1.0,1.0,1.0,1.0,
0.41403933560541256,0.23863636363636365,1.0,1.0,1.0,1.0,0.7071067811865475,0.5142857142857142,1.0,1.0,0.0,0.0,0.0,0.0,0.0,0.0,0.0,0.0,1.0,1.0,1.0,1.0,1.0,1.0,1.0,1.0,1.0,1.0,1.0,1.0,
0.44844559121019584,0.09144542772861357,0.0,0.0,0.0,0.0,0.0,0.0,0.0,0.0,0.0,0.0,0.0,0.0,0.0,0.0,0.0,0.0,0.3333333333333333,1.0,0.7333333492279053,0.0,0.0,0.0,1.0,1.0,1.0,1.0,1.0,1.0,
0.4616902584383193,0.1518987341772152,1.0,1.0,1.0,1.0,1.0,1.0,1.0,1.0,1.0,1.0,1.0,1.0,1.0,1.0,1.0,1.0,0.3333333333333333,1.0,0.7333333492279053,0.0,0.0,0.0,0.0,0.0,0.0,0.0,0.0,0.0,
0.2326210525996177,0.061068702290076333,0.07142857142857142,0.6087962985038757,0.6666666666666667,0.30434782608695654,0.0,0.0,0.4364357804719848,0.5,1.0,6.0,1.0,1.0,1.0,1.0,0.0,0.0,0.0,0.0,0.0,0.0,0.0,0.0,0.0,0.0,0.0,0.0,0.0,0.0,
0.337099931231621,0.06289308176100629,0.0,0.0,0.0,0.0,1.0,1.0,0.0,0.0,0.0,0.0,0.0,0.0,0.0,0.0,0.0,0.0,0.25,-1.0,0.5999999642372131,0.0,0.0,0.0,0.16666666666666666,-2.0,0.6481481194496155,0.0,0.0,0.0,
0.22487239817113244,0.13636363636363635,1.0,1.0,1.0,1.0,0.0,0.0,0.0,0.0,1.0,1.0,1.0,1.0,1.0,1.0,0.0,0.0,1.0,1.0,1.0,1.0,1.0,1.0,1.0,9.0,1.0,1.0,1.0,1.0,
0.3162277660168379,0.102803738317757,0.125,0.7606837749481201,0.4999999999999999,0.23529411764705882,0.0,0.0,0.0,0.0,0.0,0.0,0.0,0.0,0.0,0.0,0.0,0.021739130434782608,0.0,0.0,0.0,0.0,0.0,0.0,0.14285714285714285,-4.0,0.569444477558136,0.0,0.0,0.0,
0.24748737341529162,0.06315789473684211,0.0,0.0,0.0,0.0,0.0,0.0,0.0,0.0,0.0,0.0,0.0,0.0,0.0,0.0,0.0,0.0,0.0,0.0,0.0,0.0,0.0,0.0,0.0,0.0,0.0,0.0,0.0,0.0,
0.2029530274475215,0.13617021276595745,0.0,0.0,0.0,0.0,0.0,0.0,0.0,0.0,1.0,1.0,1.0,1.0,1.0,1.0,0.0,0.0,0.25,-1.0,0.5999999642372131,0.0,0.0,0.0,1.0,1.0,1.0,1.0,1.0,1.0,
0.6286946134619315,0.28,0.0,0.0,0.0,0.0,1.0,1.0,0.0,0.0,0.0,0.0,0.0,0.0,0.0,0.0,1.0,1.0,0.0,0.0,0.0,0.0,0.0,0.0,0.0,0.0,0.0,0.0,0.0,0.0,
0.5469660342746189,0.2554347826086957,1.0,1.0,1.0,1.0,0.0,0.0,0.0,0.0,1.0,1.0,1.0,1.0,1.0,1.0,1.0,1.0,1.0,1.0,1.0,1.0,1.0,1.0,1.0,1.0,1.0,1.0,1.0,1.0,
0.49071649206571843,0.18497109826589594,0.0,0.0,0.0,0.0,0.0,0.0,0.0,0.0,1.0,1.0,1.0,1.0,1.0,1.0,1.0,1.0,1.0,1.0,1.0,1.0,1.0,1.0,0.0,0.0,0.0,0.0,0.0,0.0,
0.3554093266554554,0.1623931623931624,0.0,0.0,0.0,0.0,0.0,0.0,0.0,0.0,1.0,6.0,1.0,1.0,1.0,1.0,0.0,0.0,0.0,0.0,0.0,0.0,0.0,0.0,1.0,1.0,1.0,1.0,1.0,1.0,
0.6388888888888888,0.484472049689441,0.0,0.0,0.0,0.0,0.7216878364870323,0.47368421052631576,0.0,0.0,1.0,1.0,1.0,1.0,1.0,1.0,1.0,1.0,1.0,1.0,1.0,1.0,1.0,1.0,1.0,9.0,1.0,1.0,1.0,1.0,
0.3735436838188142,0.2631578947368421,1.0,1.0,1.0,1.0,1.0,1.0,0.0,0.0,1.0,6.0,1.0,1.0,1.0,1.0,0.0,0.0,0.0,0.0,0.0,0.0,0.0,0.0,1.0,9.0,1.0,1.0,1.0,1.0,
0.43412157106222965,0.1038961038961039,0.0,0.0,0.0,0.0,1.0,1.0,1.0,1.0,0.0,0.0,0.0,0.0,0.0,0.0,0.9058216273156767,0.7857142857142857,0.0,0.0,0.0,0.0,0.0,0.0,1.0,1.0,1.0,1.0,1.0,1.0,
0.44783429475148007,0.18324607329842932,0.09090909090909091,0.45370373129844666,0.5773502691896258,0.375,1.0,1.0,1.0,1.0,1.0,6.0,1.0,1.0,1.0,1.0,1.0,1.0,0.0,0.0,0.0,0.0,0.0,0.0,1.0,1.0,1.0,1.0,1.0,1.0,
0.35032452487268534,0.1,0.0,0.0,0.0,0.0,0.0,0.0,0.0,0.0,1.0,1.0,1.0,1.0,1.0,1.0,0.8461538461538463,0.8064516129032258,0.25,-1.0,0.5999999642372131,0.0,0.0,0.0,0.0,0.0,0.0,0.0,0.0,0.0,
0.6793662204867575,0.5238095238095238,1.0,1.0,1.0,1.0,0.4082482904638631,0.17857142857142858,0.0,0.0,0.0,0.0,0.0,0.0,0.0,0.0,1.0,1.0,0.0,0.0,0.0,0.0,0.0,0.0,0.0,0.0,0.0,0.0,0.0,0.0,
0.6033815244679472,0.23904382470119523,0.0,0.0,0.0,0.0,1.0,1.0,1.0,1.0,0.0,0.0,0.0,0.0,0.0,0.0,0.0,0.0,0.3333333333333333,1.0,0.7333333492279053,0.0,0.0,0.0,1.0,1.0,1.0,1.0,1.0,1.0,
0.5474489014513588,0.27075812274368233,0.0,0.0,0.0,0.0,1.0,1.0,1.0,1.0,1.0,6.0,1.0,1.0,1.0,1.0,1.0,1.0,0.0,0.0,0.0,0.0,0.0,0.0,1.0,1.0,1.0,1.0,1.0,1.0,
0.222717701593687,0.12,0.0,0.0,0.0,0.0,1.0,1.0,1.0,1.0,1.0,6.0,1.0,1.0,1.0,1.0,0.0,0.0,1.0,1.0,1.0,1.0,1.0,1.0,0.0,0.0,0.0,0.0,0.0,0.0,
0.4763305116224668,0.21641791044776118,1.0,1.0,1.0,1.0,0.0,0.0,1.0,1.0,1.0,6.0,1.0,1.0,1.0,1.0,0.0,0.013888888888888888,0.0,0.0,0.0,0.0,0.0,0.0,0.14285714285714285,-3.0,0.5555555820465088,0.0,0.0,0.0,
0.2811267651158746,0.13533834586466165,1.0,1.0,0.9999999999999998,1.0,0.0,0.0,0.0,0.0,1.0,1.0,1.0,1.0,1.0,1.0,0.18257418583505536,0.17391304347826086,0.0,0.0,0.0,0.0,0.0,0.0,0.14285714285714285,-4.0,0.569444477558136,0.0,0.0,0.0,
0.7204900999586521,0.6824817518248175,0.0,0.0,0.0,0.0,1.0,1.0,1.0,1.0,0.0,0.0,0.0,0.0,0.0,0.0,1.0,1.0,1.0,5.0,1.0,1.0,1.0,1.0,1.0,1.0,1.0,1.0,1.0,1.0,
0.45056355688958294,0.18487394957983194,1.0,1.0,1.0,1.0,0.0,0.0,0.0,0.0,1.0,1.0,1.0,1.0,1.0,1.0,0.0,0.0,0.0,0.0,0.0,0.0,0.0,0.0,0.0,0.0,0.0,0.0,0.0,0.0,
0.3494488471410892,0.18050541516245489,0.0,0.0,0.0,0.0,1.0,1.0,1.0,1.0,1.0,1.0,1.0,1.0,1.0,1.0,0.0,0.0,0.25,-1.0,0.5999999642372131,0.0,0.0,0.0,0.0,0.0,0.0,0.0,0.0,0.0,
0.3217512951749588,0.17201166180758018,1.0,1.0,1.0,1.0,0.0,0.0,1.0,1.0,0.0,0.0,0.0,0.0,0.0,0.0,1.0,1.0,0.25,-1.0,0.5999999642372131,0.0,0.0,0.0,0.0,0.0,0.0,0.0,0.0,0.0,
0.33769081675298523,0.12658227848101267,0.0,0.0,0.0,0.0,0.0,0.0,0.0,0.0,0.0,0.0,0.0,0.0,0.0,0.0,1.0,1.0,0.0,0.0,0.0,0.0,0.0,0.0,0.0,0.0,0.0,0.0,0.0,0.0,
0.3481865296036271,0.08298755186721991,0.0,0.0,0.0,0.0,0.0,0.0,0.3779644730092272,0.06896551724137931,0.0,0.0,0.0,0.0,0.0,0.0,1.0,1.0,0.0,0.0,0.0,0.0,0.0,0.0,0.0,0.0,0.0,0.0,0.0,0.0,
0.269069117598525,0.07784431137724551,0.0,0.0,0.0,0.0,0.0,0.0,0.0,0.0,0.0,0.0,0.0,0.0,0.0,0.0,0.0,0.0,1.0,1.0,1.0,1.0,1.0,1.0,0.0,0.0,0.0,0.0,0.0,0.0,
0.2727723627949905,0.12290502793296089,1.0,1.0,1.0,1.0,0.0,0.0,0.5622535302317492,0.3191489361702128,0.0,0.0,0.0,0.0,0.0,0.0,0.0,0.0,1.0,1.0,1.0,1.0,1.0,1.0,1.0,1.0,1.0,1.0,1.0,1.0,
0.39400626128204935,0.16167664670658682,1.0,1.0,0.9999999999999998,1.0,1.0,1.0,1.0,1.0,1.0,1.0,1.0,1.0,1.0,1.0,0.0,0.0,0.0,0.0,0.0,0.0,0.0,0.0,0.0,0.0,0.0,0.0,0.0,0.0,
0.2842676218074806,0.09734513274336283,1.0,1.0,0.9999999999999998,1.0,0.0,0.0,0.0,0.0,1.0,1.0,1.0,1.0,1.0,1.0,0.0,0.0,1.0,1.0,1.0,1.0,1.0,1.0,1.0,1.0,1.0,1.0,1.0,1.0,
0.25197631533948484,0.07377049180327869,0.0,0.0,0.0,0.0,0.3872983346207417,0.15384615384615385,0.0,0.0,1.0,6.0,1.0,1.0,1.0,1.0,0.0,0.0,0.0,0.0,0.0,0.0,0.0,0.0,0.0,0.0,0.0,0.0,0.0,0.0,
0.4529108136578383,0.22137404580152673,1.0,1.0,1.0,1.0,1.0,1.0,0.0,0.0,0.0,0.0,0.0,0.0,0.0,0.0,0.5345224838248487,0.6153846153846154,0.0,0.0,0.0,0.0,0.0,0.0,0.0,0.0,0.0,0.0,0.0,0.0,
0.2913428162916919,0.15753424657534246,1.0,1.0,1.0,1.0,0.0,0.0,1.0,1.0,1.0,1.0,1.0,1.0,1.0,1.0,0.0,0.0,0.25,-1.0,0.5999999642372131,0.0,0.0,0.0,0.14285714285714285,-3.0,0.5555555820465088,0.0,0.0,0.0,
0.4871987657646902,0.17289719626168223,1.0,1.0,1.0,1.0,0.0,0.0,1.0,1.0,0.0,0.0,0.0,0.0,0.0,0.0,1.0,1.0,0.0,0.0,0.0,0.0,0.0,0.0,0.0,0.0,0.0,0.0,0.0,0.0,
0.7336739820667776,0.45217391304347826,0.0,0.0,0.0,0.0,1.0,1.0,0.5773502691896258,0.38461538461538464,1.0,6.0,1.0,1.0,1.0,1.0,0.0,0.0,1.0,5.0,1.0,1.0,1.0,1.0,0.0,0.0,0.0,0.0,0.0,0.0,
0.6818181818181818,0.4094488188976378,0.0,0.0,0.0,0.0,1.0,1.0,0.5773502691896258,0.38461538461538464,0.0,0.0,0.0,0.0,0.0,0.0,0.0,0.0,0.0,0.0,0.0,0.0,0.0,0.0,0.0,0.0,0.0,0.0,0.0,0.0,
0.48331225268012157,0.36752136752136755,0.0,0.0,0.0,0.0,0.0,0.0,0.0,0.0,0.0,0.0,0.0,0.0,0.0,0.0,0.0,0.0,1.0,1.0,1.0,1.0,1.0,1.0,0.0,0.0,0.0,0.0,0.0,0.0,
0.24806946917841693,0.1683673469387755,0.0,0.0,0.0,0.0,0.5669467095138409,0.6111111111111112,0.0,0.0,0.0,0.0,0.0,0.0,0.0,0.0,0.0,0.0,0.0,0.0,0.0,0.0,0.0,0.0,0.0,0.0,0.0,0.0,0.0,0.0,
0.14907119849998596,0.08860759493670886,1.0,1.0,1.0,1.0,0.0,0.0,0.4082482904638631,0.05263157894736842,0.0,0.0,0.0,0.0,0.0,0.0,1.0,1.0,0.3333333333333333,1.0,0.7333333492279053,0.0,0.0,0.0,0.0,0.0,0.0,0.0,0.0,0.0,
0.6055300708194984,0.25663716814159293,0.0,0.0,0.0,0.0,1.0,1.0,1.0,1.0,1.0,6.0,1.0,1.0,1.0,1.0,0.0,0.0,0.0,0.0,0.0,0.0,0.0,0.0,0.0,0.0,0.0,0.0,0.0,0.0,
0.5091750772173156,0.2543352601156069,1.0,1.0,1.0,1.0,1.0,1.0,0.0,0.0,1.0,6.0,1.0,1.0,1.0,1.0,0.0,0.0,0.3333333333333333,1.0,0.7333333492279053,0.0,0.0,0.2,0.0,0.0,0.0,0.0,0.0,0.0,
0.4221158824088691,0.125,0.0,0.0,0.0,0.0,1.0,1.0,0.0,0.0,0.0,0.0,0.0,0.0,0.0,0.0,0.0,0.0,0.0,0.0,0.0,0.0,0.0,0.0,1.0,9.0,1.0,1.0,1.0,1.0,
0.48420012470625223,0.15254237288135594,0.0,0.0,0.0,0.0,0.0,0.0,0.0,0.0,1.0,1.0,1.0,1.0,1.0,1.0,0.0,0.024096385542168676,0.0,0.0,0.0,0.0,0.0,0.0,0.0,0.0,0.0,0.0,0.0,0.0,
0.3670651741928988,0.20261437908496732,1.0,1.0,1.0,1.0,0.8944271909999159,0.5833333333333334,0.0,0.0,1.0,1.0,1.0,1.0,1.0,1.0,0.0,0.023952095808383235,0.3333333333333333,1.0,0.7333333492279053,0.0,0.0,0.2,1.0,1.0,1.0,1.0,1.0,1.0,
0.7687061147858074,0.43,1.0,1.0,0.9999999999999998,1.0,1.0,1.0,0.0,0.0,1.0,1.0,1.0,1.0,1.0,1.0,0.0,0.0,1.0,1.0,1.0,1.0,1.0,1.0,1.0,9.0,1.0,1.0,1.0,1.0,
0.2923526731023431,0.07804878048780488,0.0,0.0,0.0,0.0,0.0,0.0,0.0,0.0,0.3333333333333333,2.0,0.7777778506278992,0.0,0.0,0.0,1.0,1.0,0.0,0.0,0.0,0.0,0.0,0.0,0.0,0.0,0.0,0.0,0.0,0.0,
0.3675766502760889,0.09236947791164658,0.0,0.0,0.0,0.0,1.0,1.0,1.0,1.0,0.0,0.0,0.0,0.0,0.0,0.0,0.0,0.0,0.0,0.0,0.0,0.0,0.0,0.0,0.0,0.0,0.0,0.0,0.0,0.0,
0.17492785713532988,0.06965174129353234,1.0,1.0,0.9999999999999998,1.0,0.4743416490252569,0.14285714285714285,0.31622776601683794,0.15555555555555556,1.0,1.0,1.0,1.0,1.0,1.0,0.0,0.0,0.25,-1.0,0.7333333492279053,0.0,0.0,0.0,1.0,1.0,1.0,1.0,1.0,1.0,
0.35486043161491804,0.11439114391143912,1.0,1.0,0.9999999999999998,1.0,0.0,0.0,1.0,1.0,1.0,1.0,1.0,1.0,1.0,1.0,0.0,0.0,1.0,1.0,1.0,1.0,1.0,1.0,0.0,0.0,0.0,0.0,0.0,0.0,
0.03849001794597505,0.023923444976076555,0.0,0.0,0.0,0.0,0.0,0.0,0.0,0.0,1.0,6.0,1.0,1.0,1.0,1.0,1.0,1.0,0.25,-1.0,0.5999999642372131,0.0,0.0,0.0,0.0,0.0,0.0,0.0,0.0,0.0,
0.5406548735632486,0.17757009345794392,0.0,0.0,0.0,0.0,0.0,0.0,0.0,0.0,0.0,0.0,0.0,0.0,0.0,0.0,1.0,1.0,0.0,0.0,0.0,0.0,0.0,0.0,1.0,1.0,1.0,1.0,1.0,1.0,
0.06286946134619316,0.04132231404958678,1.0,1.0,0.9999999999999998,1.0,0.0,0.0,0.2773500981126146,0.045454545454545456,0.0,0.0,0.0,0.0,0.0,0.0,0.0,0.0,0.0,0.0,0.0,0.0,0.0,0.0,1.0,1.0,1.0,1.0,1.0,1.0,
0.6666666666666666,0.40816326530612246,1.0,1.0,1.0,1.0,1.0,1.0,0.0,0.0,0.0,0.0,0.0,0.0,0.0,0.0,1.0,1.0,0.0,0.0,0.0,0.0,0.0,0.0,1.0,9.0,1.0,1.0,1.0,1.0,
0.3463816539087802,0.1885245901639344,0.0,0.0,0.0,0.0,0.0,0.0,1.0,1.0,1.0,6.0,1.0,1.0,1.0,1.0,1.0,1.0,0.0,0.0,0.0,0.0,0.0,0.0,0.0,0.0,0.0,0.0,0.0,0.0,
0.23328473740792174,0.12653061224489795,1.0,1.0,0.9999999999999998,1.0,1.0000000000000002,1.0,0.0,0.0,0.0,0.0,0.0,0.0,0.0,0.0,1.0,1.0,0.0,0.0,0.0,0.0,0.0,0.0,0.0,0.0,0.0,0.0,0.0,0.0,
0.45479402682709763,0.08865248226950355,0.0,0.0,0.0,0.0,1.0,1.0,0.0,0.0,0.0,0.0,0.0,0.0,0.0,0.0,0.0,0.0,1.0,1.0,1.0,1.0,1.0,1.0,1.0,1.0,1.0,1.0,1.0,1.0,
0.3698001308168194,0.23636363636363636,1.0,1.0,1.0,1.0,0.0,0.0,0.0,0.0,0.0,0.0,0.0,0.0,0.0,0.0,1.0,1.0,0.0,0.0,0.0,0.0,0.0,0.0,0.0,0.0,0.0,0.0,0.0,0.0,
0.6590820436573077,0.422680412371134,0.0,0.0,0.0,0.0,0.0,0.0,0.14433756729740646,0.017241379310344827,1.0,1.0,1.0,1.0,1.0,1.0,1.0,1.0,1.0,1.0,1.0,1.0,1.0,1.0,0.0,0.0,0.0,0.0,0.0,0.0,
0.48795003647426655,0.17857142857142858,0.0,0.0,0.0,0.0,1.0,1.0,0.0,0.0,1.0,6.0,1.0,1.0,1.0,1.0,0.0,0.0,0.0,0.0,0.0,0.0,0.0,0.0,0.0,0.0,0.0,0.0,0.0,0.0,
0.43768810953240855,0.18120805369127516,0.0,0.0,0.0,0.0,0.0,0.0,0.0,0.0,0.0,0.0,0.0,0.0,0.0,0.0,1.0,1.0,1.0,1.0,1.0,1.0,1.0,1.0,1.0,1.0,1.0,1.0,1.0,1.0,
0.39718697957076543,0.20125786163522014,0.0,0.0,0.0,0.0,1.0,1.0,0.0,0.0,0.0,0.0,0.0,0.0,0.0,0.0,0.10050378152592121,0.04132231404958678,0.0,0.0,0.0,0.0,0.0,0.0,0.0,0.0,0.0,0.0,0.0,0.0,
0.3185110286353031,0.17333333333333334,0.0,0.0,0.0,0.0,1.0,1.0,1.0,1.0,1.0,6.0,1.0,1.0,1.0,1.0,0.7882407813680822,0.8148148148148148,0.25,-1.0,0.5999999642372131,0.0,0.0,0.0,1.0,1.0,1.0,1.0,1.0,1.0,
0.34641016151377546,0.22695035460992907,1.0,1.0,0.9999999999999998,1.0,0.0,0.0,0.33333333333333337,0.17391304347826086,1.0,6.0,1.0,1.0,1.0,1.0,0.07071067811865475,0.12,1.0,1.0,1.0,1.0,1.0,1.0,0.0,0.0,0.0,0.0,0.0,0.0,
0.43546484316145384,0.08152173913043478,0.14285714285714285,0.7361111640930176,0.4999999999999999,0.25,0.0,0.0,0.0,0.0,0.0,0.0,0.0,0.0,0.0,0.0,0.0,0.0,1.0,1.0,1.0,1.0,1.0,1.0,0.0,0.0,0.0,0.0,0.0,0.0,
0.46676002800933664,0.23703703703703705,0.0,0.0,0.0,0.0,0.0,0.0,1.0,1.0,0.0,0.0,0.0,0.0,0.0,0.0,0.0,0.0,0.0,0.0,0.0,0.0,0.0,0.0,0.0,0.0,0.0,0.0,0.0,0.0,
0.2721655269759087,0.043209876543209874,0.125,0.7606837749481201,0.4999999999999999,0.23529411764705882,0.0,0.0,0.0,0.0,0.3333333333333333,2.0,0.7777778506278992,0.0,0.0,0.0,0.0,0.024390243902439025,1.0,1.0,1.0,1.0,1.0,1.0,1.0,1.0,1.0,1.0,1.0,1.0,
0.13725270326150324,0.07984790874524715,1.0,1.0,0.9999999999999998,1.0,0.0,0.0,0.0,0.0,0.0,0.0,0.0,0.0,0.0,0.0,1.0,1.0,1.0,1.0,1.0,1.0,1.0,1.0,0.0,0.0,0.0,0.0,0.0,0.0,
0.46549615967252395,0.18064516129032257,0.0,0.0,0.0,0.0,1.0,1.0,1.0,1.0,0.0,0.0,0.0,0.0,0.0,0.0,0.47140452079103173,0.6,0.0,0.0,0.0,0.0,0.0,0.0,0.0,0.0,0.0,0.0,0.0,0.0,
0.2672612419124244,0.07518796992481203,0.0,0.0,0.0,0.0,0.0,0.0,0.0,0.0,1.0,1.0,1.0,1.0,1.0,1.0,0.8391463916782737,0.847457627118644,0.0,0.0,0.0,0.0,0.0,0.0,0.0,0.0,0.0,0.0,0.0,0.0,
0.45643546458763845,0.18867924528301888,1.0,1.0,1.0,1.0,0.0,0.0,1.0,1.0,1.0,6.0,1.0,1.0,1.0,1.0,0.0,0.013888888888888888,0.25,-1.0,0.5999999642372131,0.0,0.0,0.0,1.0,1.0,1.0,1.0,1.0,1.0,
0.07642227031690015,0.09259259259259259,1.0,1.0,1.0,1.0,0.0,0.0,0.0,0.0,0.0,0.0,0.0,0.0,0.0,0.0,0.0,0.0,1.0,1.0,1.0,1.0,1.0,1.0,0.125,-6.0,0.49074074625968933,0.0,0.0,0.0,
0.3103164454170876,0.14583333333333334,0.0,0.0,0.0,0.0,0.0,0.0,1.0,1.0,1.0,1.0,1.0,1.0,1.0,1.0,0.0,0.0,0.3333333333333333,1.0,0.7333333492279053,0.0,0.0,0.2,0.0,0.0,0.0,0.0,0.0,0.0,
0.3713906763541037,0.19090909090909092,1.0,1.0,1.0,1.0,1.0,1.0,0.0,0.0,1.0,6.0,1.0,1.0,1.0,1.0,0.0,0.0,1.0,5.0,1.0,1.0,1.0,1.0,0.0,0.0,0.0,0.0,0.0,0.0,
0.23122932520643197,0.10176991150442478,0.0,0.0,0.0,0.0,0.0,0.0,0.4082482904638631,0.05263157894736842,1.0,1.0,1.0,1.0,1.0,1.0,0.0,0.0,0.0,0.0,0.0,0.0,0.0,0.0,1.0,9.0,1.0,1.0,1.0,1.0,
0.45542003404264875,0.30612244897959184,0.0,0.0,0.0,0.0,1.0,1.0,0.4082482904638631,0.05263157894736842,1.0,1.0,1.0,1.0,1.0,1.0,0.0,0.0,0.25,-1.0,0.5999999642372131,0.0,0.0,0.0,1.0,9.0,1.0,1.0,1.0,1.0,
0.3542459542160381,0.3409090909090909,0.0,0.0,0.0,0.0,0.0,0.0,0.0,0.0,1.0,6.0,1.0,1.0,1.0,1.0,1.0,1.0,0.0,0.0,0.0,0.0,0.0,0.0,1.0,9.0,1.0,1.0,1.0,1.0,
0.5939441718716427,0.4666666666666667,0.0,0.0,0.0,0.0,1.0000000000000002,1.0,0.0,0.0,0.0,0.0,0.0,0.0,0.0,0.0,0.0,0.0,1.0,1.0,1.0,1.0,1.0,1.0,0.0,0.0,0.0,0.0,0.0,0.0,
0.3459163477751805,0.19852941176470587,0.0,0.0,0.0,0.0,0.0,0.0,0.0,0.0,0.0,0.0,0.0,0.0,0.0,0.0,1.0,1.0,1.0,1.0,1.0,1.0,1.0,1.0,0.0,0.0,0.0,0.0,0.0,0.0,
0.3175536744149779,0.08620689655172414,1.0,1.0,0.9999999999999998,1.0,0.3872983346207417,0.07936507936507936,0.33333333333333337,0.17391304347826086,0.0,0.0,0.0,0.0,0.0,0.0,0.0,0.0,0.0,0.0,0.0,0.0,0.0,0.0,0.16666666666666666,-2.0,0.6481481194496155,0.0,0.0,0.08333333333333333,
0.10241831129983783,0.04198473282442748,1.0,1.0,1.0,1.0,0.0,0.0,0.5773502691896258,0.38461538461538464,0.0,0.0,0.0,0.0,0.0,0.0,1.0,1.0,0.0,0.0,0.0,0.0,0.0,0.0,0.16666666666666666,-1.0,0.6296296119689941,0.0,0.0,0.07692307692307693,
0.4558423058385518,0.2894736842105263,1.0,1.0,1.0,1.0,0.0,0.0,0.34299717028501764,0.046511627906976744,1.0,1.0,1.0,1.0,1.0,1.0,0.0,0.0,0.0,0.0,0.0,0.0,0.0,0.0,1.0,1.0,1.0,1.0,1.0,1.0,
0.33004918099222474,0.14418604651162792,1.0,1.0,1.0,1.0,0.0,0.0,1.0,1.0,0.0,0.0,0.0,0.0,0.0,0.0,0.0,0.0,0.0,0.0,0.0,0.0,0.0,0.0,0.0,0.0,0.0,0.0,0.0,0.0,
0.3120305804954063,0.12738853503184713,0.07692307692307693,0.8399999737739563,0.6324555320336759,0.4782608695652174,1.0,1.0,0.33333333333333337,0.17391304347826086,1.0,1.0,1.0,1.0,1.0,1.0,0.0,0.0,0.0,0.0,0.0,0.0,0.0,0.0,1.0,1.0,1.0,1.0,1.0,1.0,
0.26370481581696126,0.07738095238095238,0.07692307692307693,0.8399999737739563,0.6324555320336759,0.4782608695652174,1.0,1.0,0.0,0.0,0.0,0.0,0.0,0.0,0.0,0.0,0.0,0.0,0.0,0.0,0.0,0.0,0.0,0.0,0.0,0.0,0.0,0.0,0.0,0.0,
0.43082021842766455,0.054878048780487805,0.0,0.0,0.0,0.0,1.0,1.0,1.0,1.0,0.0,0.0,0.0,0.0,0.0,0.0,0.0,0.0,0.25,-1.0,0.7333333492279053,0.0,0.0,0.0,0.0,0.0,0.0,0.0,0.0,0.0,
0.2635231383473649,0.06593406593406594,0.05555555555555555,0.44130435585975647,0.35355339059327373,0.11538461538461539,1.0,1.0,1.0,1.0,0.3333333333333333,2.0,0.7777778506278992,0.0,0.0,0.0,0.0,0.0,0.0,0.0,0.0,0.0,0.0,0.0,1.0,1.0,1.0,1.0,1.0,1.0,
0.23249527748763857,0.08256880733944955,1.0,1.0,0.9999999999999998,1.0,0.0,0.0,0.0,0.0,0.0,0.0,0.0,0.0,0.0,0.0,0.0,0.0,0.5,3.0,0.8666666150093079,0.0,0.0,0.5,0.125,-5.0,0.4814814627170563,0.0,0.0,0.0,
0.3481553119113957,0.21333333333333335,0.0,0.0,0.0,0.0,0.0,0.0,0.0,0.0,1.0,1.0,1.0,1.0,1.0,1.0,0.0,0.0,0.0,0.0,0.0,0.0,0.0,0.0,0.0,0.0,0.0,0.0,0.0,0.0,
0.4789207443461594,0.18468468468468469,1.0,1.0,1.0,1.0,1.0,1.0,0.33333333333333337,0.17391304347826086,0.0,0.0,0.0,0.0,0.0,0.0,0.0,0.0,0.0,0.0,0.0,0.0,0.0,0.0,0.0,0.0,0.0,0.0,0.0,0.0,
0.5400617248673216,0.23756906077348067,0.0,0.0,0.0,0.0,0.5999999999999999,0.3225806451612903,0.0,0.0,1.0,1.0,1.0,1.0,1.0,1.0,1.0,1.0,1.0,1.0,1.0,1.0,1.0,1.0,0.0,0.0,0.0,0.0,0.0,0.0,
0.9128709291752769,0.7058823529411765,1.0,1.0,1.0,1.0,1.0,1.0,0.1690308509457033,0.014925373134328358,1.0,6.0,1.0,1.0,1.0,1.0,0.1091089451179962,0.11428571428571428,1.0,1.0,1.0,1.0,1.0,1.0,0.0,0.0,0.0,0.0,0.0,0.0,
0.2752409412815901,0.16312056737588654,1.0,1.0,1.0,1.0,1.0,1.0,0.0,0.0,0.0,0.0,0.0,0.0,0.0,0.0,0.0,0.0,1.0,1.0,1.0,1.0,1.0,1.0,1.0,9.0,1.0,1.0,1.0,1.0,
0.44008622942335207,0.13392857142857142,1.0,1.0,0.9999999999999998,1.0,0.0,0.0,1.0,1.0,1.0,6.0,1.0,1.0,1.0,1.0,0.0,0.0,1.0,1.0,1.0,1.0,1.0,1.0,1.0,1.0,1.0,1.0,1.0,1.0,
0.36181361349331637,0.09900990099009901,1.0,1.0,1.0,1.0,0.0,0.0,0.0,0.0,0.0,0.0,0.0,0.0,0.0,0.0,0.0,0.13333333333333333,0.3333333333333333,1.0,0.8666666150093079,0.0,0.0,0.2,0.14285714285714285,-4.0,0.569444477558136,0.0,0.0,0.0,
0.30151134457776363,0.0782608695652174,1.0,1.0,1.0,1.0,0.0,0.0,0.0,0.0,1.0,1.0,1.0,1.0,1.0,1.0,0.0,0.13333333333333333,0.3333333333333333,1.0,0.7333333492279053,0.0,0.0,0.2,0.0,0.0,0.0,0.0,0.0,0.0,
0.7893297629345911,0.5584415584415584,1.0,1.0,1.0,1.0,1.0,1.0,0.0,0.0,1.0,1.0,1.0,1.0,1.0,1.0,0.0,0.0,0.0,0.0,0.0,0.0,0.0,0.0,1.0,1.0,1.0,1.0,1.0,1.0,
0.5041841733655161,0.6030534351145038,1.0,1.0,1.0,1.0,0.8660254037844387,0.7142857142857143,1.0,1.0,1.0,1.0,1.0,1.0,1.0,1.0,1.0,1.0,1.0,1.0,1.0,1.0,1.0,1.0,0.0,0.0,0.0,0.0,0.0,0.0,
0.35355339059327373,0.2328767123287671,0.0,0.0,0.0,0.0,0.0,0.0,1.0,1.0,0.0,0.0,0.0,0.0,0.0,0.0,1.0,1.0,0.0,0.0,0.0,0.0,0.0,0.0,0.0,0.0,0.0,0.0,0.0,0.0,
0.1803339269334865,0.04827586206896552,0.0,0.0,0.0,0.0,0.45643546458763845,0.3548387096774194,0.31622776601683794,0.15555555555555556,0.0,0.0,0.0,0.0,0.0,0.0,0.0,0.0,1.0,5.0,1.0,1.0,1.0,1.0,0.0,0.0,0.0,0.0,0.0,0.0,
0.20801257358446093,0.10743801652892562,1.0,1.0,0.9999999999999998,1.0,1.0,1.0,0.0,0.0,0.0,0.0,0.0,0.0,0.0,0.0,0.0,0.0,1.0,1.0,1.0,1.0,1.0,1.0,1.0,1.0,1.0,1.0,1.0,1.0,
0.34503277967117707,0.15384615384615385,1.0,1.0,1.0,1.0,0.0,0.0,1.0,1.0,0.0,0.0,0.0,0.0,0.0,0.0,0.0,0.0,1.0,1.0,1.0,1.0,1.0,1.0,0.14285714285714285,-3.0,0.5555555820465088,0.0,0.0,0.0,
0.20942695414584775,0.06358381502890173,0.0,0.0,0.0,0.0,0.0,0.0,0.0,0.0,0.0,0.0,0.0,0.0,0.0,0.0,0.0,0.0,0.0,0.0,0.0,0.0,0.0,0.0,0.14285714285714285,-3.0,0.5555555820465088,0.0,0.0,0.0,
0.5424508028966484,0.22413793103448276,1.0,1.0,1.0,1.0,1.0,1.0,1.0,1.0,0.0,0.0,0.0,0.0,0.0,0.0,0.0,0.013888888888888888,1.0,1.0,1.0,1.0,1.0,1.0,0.14285714285714285,-3.0,0.5555555820465088,0.0,0.0,0.0,
0.3133397807202561,0.03773584905660377,1.0,1.0,0.9999999999999998,1.0,0.0,0.0,0.0,0.0,0.0,0.0,0.0,0.0,0.0,0.0,0.0,0.0,0.0,0.0,0.0,0.0,0.0,0.0,1.0,9.0,1.0,1.0,1.0,1.0,
0.565685424949238,0.43859649122807015,1.0,1.0,0.9999999999999998,1.0,0.0,0.0,0.0,0.0,1.0,1.0,1.0,1.0,1.0,1.0,1.0,1.0,0.0,0.0,0.0,0.0,0.0,0.0,1.0,1.0,1.0,1.0,1.0,1.0,
0.15214515486254615,0.07851239669421488,0.0,0.0,0.0,0.0,0.0,0.0,0.0,0.0,0.0,0.0,0.0,0.0,0.0,0.0,1.0,1.0,0.25,-1.0,0.5999999642372131,0.0,0.0,0.0,0.0,0.0,0.0,0.0,0.0,0.0,
0.16012815380508716,0.0748663101604278,1.0,1.0,0.9999999999999998,1.0,0.0,0.0,0.1386750490563073,0.012987012987012988,0.0,0.0,0.0,0.0,0.0,0.0,0.0,0.0,0.25,-1.0,0.5999999642372131,0.0,0.0,0.0,1.0,8.0,1.0,1.0,1.0,1.0,
0.4177863742936748,0.13440860215053763,0.0,0.0,0.0,0.0,0.5000000000000001,0.16666666666666666,0.0,0.0,1.0,1.0,1.0,1.0,1.0,1.0,0.0,0.0,0.0,0.0,0.0,0.0,0.0,0.0,0.0,0.0,0.0,0.0,0.0,0.0,
0.4177863742936748,0.13089005235602094,0.0,0.0,0.0,0.0,0.5000000000000001,0.16666666666666666,0.0,0.0,1.0,1.0,1.0,1.0,1.0,1.0,0.0,0.0,0.3333333333333333,1.0,0.7333333492279053,0.0,0.0,0.0,1.0,1.0,1.0,1.0,1.0,1.0,
0.25354627641855493,0.09826589595375723,0.0,0.0,0.0,0.0,0.1091089451179962,0.08196721311475409,1.0,1.0,1.0,1.0,1.0,1.0,1.0,1.0,0.17213259316477408,0.06711409395973154,1.0,1.0,1.0,1.0,1.0,1.0,0.0,0.0,0.0,0.0,0.0,0.0,
0.2545875386086578,0.10967741935483871,0.0,0.0,0.0,0.0,0.0,0.0,1.0,1.0,0.0,0.0,0.0,0.0,0.0,0.0,0.0,0.020833333333333332,1.0,1.0,1.0,1.0,1.0,1.0,1.0,1.0,1.0,1.0,1.0,1.0,
0.29862944958084087,0.09205020920502092,0.0,0.0,0.0,0.0,0.0,0.0,0.0,0.0,0.0,0.0,0.0,0.0,0.0,0.0,1.0,1.0,0.25,-1.0,0.7333333492279053,0.0,0.0,0.0,0.0,0.0,0.0,0.0,0.0,0.0,
0.3998933759810459,0.2072072072072072,1.0,1.0,0.9999999999999998,1.0,1.0,1.0,0.2,0.03333333333333333,0.0,0.0,0.0,0.0,0.0,0.0,0.0,0.0,1.0,5.0,1.0,1.0,1.0,1.0,1.0,1.0,1.0,1.0,1.0,1.0,
0.6625413488689132,0.3983050847457627,1.0,1.0,1.0,1.0,0.7745966692414834,0.7,0.0,0.0,1.0,1.0,1.0,1.0,1.0,1.0,0.0,0.0,0.0,0.0,0.0,0.0,0.0,0.0,0.0,0.0,0.0,0.0,0.0,0.0,
0.3937496154790789,0.14285714285714285,0.0,0.0,0.0,0.0,0.0,0.0,1.0,1.0,1.0,1.0,1.0,1.0,1.0,1.0,0.0,0.05714285714285714,0.0,0.0,0.0,0.0,0.0,0.0,1.0,1.0,1.0,1.0,1.0,1.0,
0.43481317827315213,0.16546762589928057,0.0,0.0,0.0,0.0,0.0,0.0,0.0,0.0,0.0,0.0,0.0,0.0,0.0,0.0,0.0,0.0,0.0,0.0,0.0,0.0,0.0,0.0,0.0,0.0,0.0,0.0,0.0,0.0,
0.3619613829965134,0.18023255813953487,0.0,0.0,0.0,0.0,0.0,0.0,1.0,1.0,0.0,0.0,0.0,0.0,0.0,0.0,0.0,0.0,1.0,1.0,1.0,1.0,1.0,1.0,1.0,1.0,1.0,1.0,1.0,1.0,
0.23570226039551584,0.06220095693779904,0.0,0.0,0.0,0.0,0.0,0.0,0.0,0.0,0.0,0.0,0.0,0.0,0.0,0.0,0.0,0.0,0.3333333333333333,1.0,0.7333333492279053,0.0,0.0,0.0,0.14285714285714285,-3.0,0.5555555820465088,0.0,0.0,0.0,
0.1924500897298753,0.0855614973262032,0.0,0.0,0.0,0.0,0.6123724356957946,0.25,0.0,0.0,0.0,0.0,0.0,0.0,0.0,0.0,0.0,0.0,0.0,0.0,0.0,0.0,0.0,0.0,0.14285714285714285,-3.0,0.5555555820465088,0.0,0.0,0.0,
0.23570226039551587,0.07142857142857142,0.0,0.0,0.0,0.0,0.6123724356957946,0.25,0.0,0.0,0.0,0.0,0.0,0.0,0.0,0.0,0.0,0.013888888888888888,0.0,0.0,0.0,0.0,0.0,0.0,0.14285714285714285,-3.0,0.5555555820465088,0.0,0.0,0.0,
0.29649972666444047,0.168,1.0,1.0,1.0,1.0,1.0000000000000002,1.0,0.0,0.0,0.0,0.0,0.0,0.0,0.0,0.0,0.0,0.0,1.0,1.0,1.0,1.0,1.0,1.0,0.0,0.0,0.0,0.0,0.0,0.0,
0.23819653367016547,0.05976095617529881,0.0,0.0,0.0,0.0,0.0,0.0,0.0,0.0,1.0,1.0,1.0,1.0,1.0,1.0,0.0,0.0,0.0,0.0,0.0,0.0,0.0,0.0,0.0,0.0,0.0,0.0,0.0,0.0,
0.17928429140015903,0.08835341365461848,0.0,0.0,0.0,0.0,0.0,0.0,0.0,0.0,1.0,1.0,1.0,1.0,1.0,1.0,0.0,0.0,0.0,0.0,0.0,0.0,0.0,0.0,0.0,0.0,0.0,0.0,0.0,0.0,
0.4045199174779452,0.0945945945945946,1.0,1.0,0.9999999999999998,1.0,0.22360679774997896,0.23076923076923078,0.0,0.0,0.0,0.0,0.0,0.0,0.0,0.0,0.9999999999999998,1.0,0.25,-1.0,0.5999999642372131,0.0,0.0,0.0,0.0,0.0,0.0,0.0,0.0,0.0,
0.33541019662496846,0.07575757575757576,0.0,0.0,0.0,0.0,0.0,0.0,0.31622776601683794,0.15555555555555556,0.0,0.0,0.0,0.0,0.0,0.0,0.9999999999999998,1.0,1.0,1.0,1.0,1.0,1.0,1.0,1.0,8.0,1.0,1.0,1.0,1.0,
0.1843024451936214,0.07547169811320754,0.0,0.0,0.0,0.0,0.22360679774997896,0.23076923076923078,0.31622776601683794,0.15555555555555556,1.0,1.0,1.0,1.0,1.0,1.0,0.0,0.0,1.0,1.0,1.0,1.0,1.0,1.0,0.0,0.0,0.0,0.0,0.0,0.0,
0.3639126714370254,0.10695187165775401,0.0,0.0,0.0,0.0,0.0,0.0,1.0,1.0,1.0,6.0,1.0,1.0,1.0,1.0,1.0,1.0,0.0,0.0,0.0,0.0,0.0,0.0,0.0,0.0,0.0,0.0,0.0,0.0,
0.4411764705882353,0.10047846889952153,0.0,0.0,0.0,0.0,0.0,0.0,0.0,0.0,1.0,1.0,1.0,1.0,1.0,1.0,1.0,1.0,0.25,-1.0,0.5999999642372131,0.0,0.0,0.0,0.0,0.0,0.0,0.0,0.0,0.0,
0.37532594530273455,0.15469613259668508,1.0,1.0,1.0,1.0,0.0,0.0,0.5163977794943222,0.3103448275862069,1.0,1.0,1.0,1.0,1.0,1.0,0.0,0.0,1.0,1.0,1.0,1.0,1.0,1.0,0.0,0.0,0.0,0.0,0.0,0.0,
0.5011148285857957,0.3526570048309179,1.0,1.0,1.0,1.0,0.0,0.0,1.0,1.0,1.0,6.0,1.0,1.0,1.0,1.0,1.0,1.0,0.0,0.0,0.0,0.0,0.0,0.0,0.0,0.0,0.0,0.0,0.0,0.0,
0.47213368521878024,0.2585034013605442,0.0,0.0,0.0,0.0,0.857142857142857,0.7619047619047619,1.0,1.0,1.0,6.0,1.0,1.0,1.0,1.0,0.0,0.0,0.0,0.0,0.0,0.0,0.0,0.0,1.0,9.0,1.0,1.0,1.0,1.0,
0.4107919181288745,0.125,0.0,0.0,0.0,0.0,0.0,0.0,1.0,1.0,1.0,6.0,1.0,1.0,1.0,1.0,0.0,0.0,0.0,0.0,0.0,0.0,0.0,0.0,1.0,1.0,1.0,1.0,1.0,1.0,
0.49322002520781055,0.0995260663507109,0.14285714285714285,0.7361111640930176,0.4999999999999999,0.25,0.5000000000000001,0.16666666666666666,1.0,1.0,1.0,1.0,1.0,1.0,1.0,1.0,0.0,0.0,0.0,0.0,0.0,0.0,0.0,0.0,1.0,1.0,1.0,1.0,1.0,1.0,
0.11785113019775792,0.06282722513089005,0.0,0.0,0.0,0.0,0.0,0.0,0.0,0.0,1.0,1.0,1.0,1.0,1.0,1.0,0.0,0.0,0.25,-1.0,0.5999999642372131,0.0,0.0,0.0,0.0,0.0,0.0,0.0,0.0,0.0,
0.294174202707276,0.06896551724137931,1.0,1.0,0.9999999999999998,1.0,1.0000000000000002,1.0,0.33333333333333337,0.17391304347826086,1.0,6.0,1.0,1.0,1.0,1.0,0.07071067811865475,0.12,1.0,1.0,1.0,1.0,1.0,1.0,1.0,9.0,1.0,1.0,1.0,1.0,
0.3950918386598358,0.17424242424242425,0.0,0.0,0.0,0.0,1.0,1.0,0.0,0.0,0.0,0.0,0.0,0.0,0.0,0.0,1.0000000000000002,1.0,0.0,0.0,0.0,0.0,0.0,0.0,1.0,9.0,1.0,1.0,1.0,1.0,
0.3679900360969936,0.1319796954314721,1.0,1.0,1.0,1.0,0.0,0.0,0.0,0.0,0.1,-12.0,0.42222222685813904,0.0,0.0,0.0,0.0,0.0,0.0,0.0,0.0,0.0,0.0,0.0,0.0,0.0,0.0,0.0,0.0,0.0,
0.3233808333817773,0.10638297872340426,1.0,1.0,0.9999999999999998,1.0,0.4743416490252569,0.14285714285714285,0.31622776601683794,0.15555555555555556,0.5,4.0,0.8888888359069824,0.0,0.0,0.14285714285714285,0.8889859687484267,0.7364341085271318,0.0,0.0,0.0,0.0,0.0,0.0,1.0,1.0,1.0,1.0,1.0,1.0,
0.22271770159368698,0.08333333333333333,1.0,1.0,0.9999999999999998,1.0,0.22360679774997896,0.23076923076923078,0.0,0.0,0.0,0.0,0.0,0.0,0.0,0.0,0.0,0.0,0.0,0.0,0.0,0.0,0.0,0.0,1.0,1.0,1.0,1.0,1.0,1.0,
0.39629696195060854,0.15384615384615385,1.0,1.0,0.9999999999999998,1.0,0.0,0.0,0.0,0.0,0.0,0.0,0.0,0.0,0.0,0.0,0.4082482904638631,0.32075471698113206,0.0,0.0,0.0,0.0,0.0,0.0,0.0,0.0,0.0,0.0,0.0,0.0,
0.5879747322073337,0.37373737373737376,1.0,1.0,0.9999999999999998,1.0,0.08333333333333333,0.0945945945945946,0.28005601680560194,0.017857142857142856,0.5,4.0,0.8888888359069824,0.0,0.0,0.14285714285714285,1.0,1.0,0.5,3.0,0.8666666150093079,0.0,0.0,0.5,0.0,0.0,0.0,0.0,0.0,0.0,
0.3056890812676006,0.1,0.02040816326530612,0.48000001907348633,0.0,0.0,0.0,0.0,0.0,0.0,1.0,1.0,1.0,1.0,1.0,1.0,0.0,0.0,0.0,0.0,0.0,0.0,0.0,0.0,0.0,0.0,0.0,0.0,0.0,0.0,
0.29462782549439476,0.0759493670886076,0.08333333333333333,0.4305555820465088,0.40824829046386296,0.06666666666666667,1.0,1.0,1.0,1.0,1.0,1.0,1.0,1.0,1.0,1.0,0.0,0.08602150537634409,0.0,0.0,0.0,0.0,0.0,0.0,0.0,0.0,0.0,0.0,0.0,0.0,
0.4866642633922875,0.32673267326732675,1.0,1.0,1.0,1.0,1.0,1.0,0.0,0.0,1.0,1.0,1.0,1.0,1.0,1.0,0.0,0.0,0.0,0.0,0.0,0.0,0.0,0.0,1.0,9.0,1.0,1.0,1.0,1.0,
0.7123292065072802,0.6292682926829268,1.0,1.0,1.0,1.0,1.0,1.0,0.0,0.0,0.0,0.0,0.0,0.0,0.0,0.0,1.0,1.0,0.0,0.0,0.0,0.0,0.0,0.0,1.0,9.0,1.0,1.0,1.0,1.0,
0.2916059217599022,0.12941176470588237,1.0,1.0,1.0,1.0,0.0,0.0,0.5622535302317492,0.3191489361702128,1.0,1.0,1.0,1.0,1.0,1.0,0.0,0.0,0.25,-1.0,0.7333333492279053,0.0,0.0,0.0,1.0,1.0,1.0,1.0,1.0,1.0,
0.22237479499833035,0.09146341463414634,1.0,1.0,0.9999999999999998,1.0,0.0,0.0,0.45184805705753195,0.189873417721519,0.0,0.0,0.0,0.0,0.0,0.0,0.0,0.0,0.0,0.0,0.0,0.0,0.0,0.0,0.1111111111111111,-12.0,0.0,0.0,0.0,0.0,
0.17118419700436519,0.05228758169934641,0.0,0.0,0.0,0.0,0.7905694150420948,0.5892857142857143,0.45184805705753195,0.189873417721519,0.0,0.0,0.0,0.0,0.0,0.0,0.0,0.0,0.0,0.0,0.0,0.0,0.0,0.0,0.0,0.0,0.0,0.0,0.0,0.0,
0.24764219818702876,0.10784313725490197,0.0,0.0,0.0,0.0,1.0,1.0,0.0,0.0,0.5,4.0,0.8888888359069824,0.0,0.0,0.14285714285714285,0.0,0.0,0.0,0.0,0.0,0.0,0.0,0.0,0.0,0.0,0.0,0.0,0.0,0.0,
0.3202563076101743,0.08296943231441048,0.0,0.0,0.0,0.0,0.0,0.0,0.0,0.0,0.0,0.0,0.0,0.0,0.0,0.0,1.0,1.0,0.0,0.0,0.0,0.0,0.0,0.0,0.0,0.0,0.0,0.0,0.0,0.0,
0.4093776101606328,0.10294117647058823,0.0,0.0,0.0,0.0,0.0,0.0,0.0,0.0,1.0,6.0,1.0,1.0,1.0,1.0,0.0,0.0,1.0,1.0,1.0,1.0,1.0,1.0,1.0,1.0,1.0,1.0,1.0,1.0,
0.38949041885226,0.10344827586206896,0.017857142857142856,0.587479293346405,0.35355339059327373,0.15873015873015872,0.0,0.0,0.0,0.0,0.0,0.0,0.0,0.0,0.0,0.0,0.16637806616154058,0.030973451327433628,1.0,1.0,1.0,1.0,1.0,1.0,0.2,0.0,0.7268518805503845,0.0,0.0,0.08333333333333333,
0.2964997266644405,0.16494845360824742,1.0,1.0,1.0,1.0,0.0,0.0,0.18490006540840973,0.11666666666666667,0.0,0.0,0.0,0.0,0.0,0.0,0.7905694150420948,0.8125,1.0,5.0,1.0,1.0,1.0,1.0,1.0,1.0,1.0,1.0,1.0,1.0,
0.4001633653325206,0.2815533980582524,1.0,1.0,0.9999999999999998,1.0,1.0,1.0,0.0,0.0,1.0,6.0,1.0,1.0,1.0,1.0,0.0,0.0,0.0,0.0,0.0,0.0,0.0,0.0,0.0,0.0,0.0,0.0,0.0,0.0,
0.25751310131230243,0.07751937984496124,0.0,0.0,0.0,0.0,0.0,0.0,0.15161960871578067,0.20634920634920634,0.0,0.0,0.0,0.0,0.0,0.0,0.0,0.0,0.0,0.0,0.0,0.0,0.0,0.0,0.0,0.0,0.0,0.0,0.0,0.0,
0.42857142857142855,0.1888111888111888,1.0,1.0,0.9999999999999998,1.0,0.8249579113843055,0.5909090909090909,0.0,0.0,0.0,0.0,0.0,0.0,0.0,0.0,1.0,1.0,0.0,0.0,0.0,0.0,0.0,0.0,1.0,1.0,1.0,1.0,1.0,1.0,
0.3185110286353031,0.07432432432432433,1.0,1.0,0.9999999999999998,1.0,0.0,0.0,0.0,0.0,1.0,6.0,1.0,1.0,1.0,1.0,0.0,0.0,0.0,0.0,0.0,0.0,0.0,0.0,0.0,0.0,0.0,0.0,0.0,0.0,
0.5455447255899809,0.25517241379310346,1.0,1.0,0.9999999999999998,1.0,0.0,0.0,1.0,1.0,0.0,0.0,0.0,0.0,0.0,0.0,1.0,1.0,0.25,-1.0,0.5999999642372131,0.0,0.0,0.0,1.0,1.0,1.0,1.0,1.0,1.0,
0.23094010767585027,0.1076923076923077,0.0,0.0,0.0,0.0,0.0,0.0,0.0,0.0,0.0,0.0,0.0,0.0,0.0,0.0,0.9999999999999998,1.0,0.0,0.0,0.0,0.0,0.0,0.0,1.0,1.0,1.0,1.0,1.0,1.0,
0.4077177531501004,0.20512820512820512,0.0,0.0,0.0,0.0,1.0,1.0,0.23094010767585033,0.15217391304347827,1.0,1.0,1.0,1.0,1.0,1.0,0.0,0.0,1.0,1.0,1.0,1.0,1.0,1.0,1.0,1.0,1.0,1.0,1.0,1.0,
0.300964632714423,0.1065989847715736,0.0,0.0,0.0,0.0,0.0,0.0,0.0,0.0,0.0,0.0,0.0,0.0,0.0,0.0,0.0,0.0,0.0,0.0,0.0,0.0,0.0,0.0,1.0,1.0,1.0,1.0,1.0,1.0,
0.21300321680756457,0.08583690987124463,0.0,0.0,0.0,0.0,0.0,0.0,0.0,0.0,0.0,0.0,0.0,0.0,0.0,0.0,0.0,0.0,0.25,-1.0,0.5999999642372131,0.0,0.0,0.0,1.0,1.0,1.0,1.0,1.0,1.0,
0.4472135954999579,0.3017241379310345,1.0,1.0,1.0,1.0,1.0,1.0,0.31622776601683794,0.15555555555555556,0.5,4.0,0.8888888359069824,0.0,0.0,0.14285714285714285,0.9999999999999998,1.0,0.0,0.0,0.0,0.0,0.0,0.0,0.0,0.0,0.0,0.0,0.0,0.0,
0.24333213169614376,0.13761467889908258,1.0,1.0,1.0,1.0,0.4472135954999579,0.17391304347826086,0.0,0.0,0.0,0.0,0.0,0.0,0.0,0.0,0.7882407813680822,0.8148148148148148,0.5,3.0,0.8666666150093079,0.0,0.0,0.5,0.16666666666666666,-1.0,0.6296296119689941,0.0,0.0,0.0,
0.3081180112566604,0.20994475138121546,1.0,1.0,1.0,1.0,0.0,0.0,1.0,1.0,1.0,1.0,1.0,1.0,1.0,1.0,0.0,0.0,0.0,0.0,0.0,0.0,0.0,0.0,1.0,1.0,1.0,1.0,1.0,1.0,
0.8757605390397141,0.7085427135678392,1.0,1.0,0.9999999999999998,1.0,0.0,0.0,0.27386127875258304,0.14583333333333334,1.0,1.0,1.0,1.0,1.0,1.0,1.0,1.0,0.0,0.0,0.0,0.0,0.0,0.0,1.0,9.0,1.0,1.0,1.0,1.0,
0.3481553119113957,0.10144927536231885,1.0,1.0,0.9999999999999998,1.0,0.3999999999999999,0.26666666666666666,0.0,0.0,0.0,0.0,0.0,0.0,0.0,0.0,1.0,1.0,0.0,0.0,0.0,0.0,0.0,0.0,1.0,1.0,1.0,1.0,1.0,1.0,
0.2222222222222222,0.1079136690647482,1.0,1.0,0.9999999999999998,1.0,0.0,0.0,0.0,0.0,0.0,0.0,0.0,0.0,0.0,0.0,0.0,0.0,0.0,0.0,0.0,0.0,0.0,0.0,1.0,9.0,1.0,1.0,1.0,1.0,
0.24670685574572424,0.136,0.0,0.0,0.0,0.0,1.0,1.0,0.27386127875258304,0.14583333333333334,1.0,1.0,1.0,1.0,1.0,1.0,0.0,0.0,1.0,1.0,1.0,1.0,1.0,1.0,0.0,0.0,0.0,0.0,0.0,0.0,
0.4923659639173309,0.18604651162790697,1.0,1.0,1.0,1.0,1.0,1.0,1.0,1.0,0.0,0.0,0.0,0.0,0.0,0.0,0.0,0.0,0.0,0.0,0.0,0.0,0.0,0.0,1.0,1.0,1.0,1.0,1.0,1.0,
0.2553769592276246,0.10989010989010989,1.0,1.0,0.9999999999999998,1.0,0.0,0.0,0.0,0.0,1.0,1.0,1.0,1.0,1.0,1.0,0.0,0.0,0.0,0.0,0.0,0.0,0.0,0.0,0.0,0.0,0.0,0.0,0.0,0.0,
0.29735051672502627,0.15384615384615385,0.0,0.0,0.0,0.0,1.0,1.0,1.0,1.0,0.0,0.0,0.0,0.0,0.0,0.0,0.0,0.0,0.0,0.0,0.0,0.0,0.0,0.0,1.0,9.0,1.0,1.0,1.0,1.0,
0.8081220356417687,0.44537815126050423,0.0,0.0,0.0,0.0,1.0,1.0,0.2773500981126146,0.04,1.0,1.0,1.0,1.0,1.0,1.0,1.0,1.0,0.3333333333333333,1.0,0.7333333492279053,0.0,0.0,0.2,1.0,1.0,1.0,1.0,1.0,1.0,
0.2519763153394848,0.08737864077669903,1.0,1.0,1.0,1.0,0.0,0.0,0.0,0.0,1.0,6.0,1.0,1.0,1.0,1.0,0.0,0.0,1.0,5.0,1.0,1.0,1.0,1.0,1.0,9.0,1.0,1.0,1.0,1.0,
0.1126872339638022,0.04054054054054054,0.0,0.0,0.0,0.0,0.0,0.0,0.0,0.0,0.0,0.0,0.0,0.0,0.0,0.0,0.0,0.0,1.0,5.0,1.0,1.0,1.0,1.0,0.0,0.0,0.0,0.0,0.0,0.0,
0.30633583242699347,0.04938271604938271,0.0,0.0,0.0,0.0,0.0,0.0,0.0,0.0,0.5,4.0,0.8888888359069824,0.0,0.0,0.14285714285714285,0.0,0.0,0.5,3.0,0.8666666150093079,0.0,0.0,0.2,0.14285714285714285,-3.0,0.5555555820465088,0.0,0.0,0.0,
0.36731544334622646,0.19306930693069307,1.0,1.0,1.0,1.0,1.0,1.0,1.0,1.0,0.0,0.0,0.0,0.0,0.0,0.0,0.8889859687484267,0.7364341085271318,1.0,1.0,1.0,1.0,1.0,1.0,0.0,0.0,0.0,0.0,0.0,0.0,
0.26462806201248157,0.17857142857142858,1.0,1.0,1.0,1.0,0.0,0.0,1.0,1.0,0.0,0.0,0.0,0.0,0.0,0.0,1.0,1.0,0.0,0.0,0.0,0.0,0.0,0.0,0.16666666666666666,-2.0,0.6481481194496155,0.0,0.0,0.08333333333333333,
0.337099931231621,0.08921933085501858,0.0,0.0,0.0,0.0,0.0,0.0,0.0,0.0,0.0,0.0,0.0,0.0,0.0,0.0,0.0,0.0,0.0,0.0,0.0,0.0,0.0,0.0,1.0,1.0,1.0,1.0,1.0,1.0,
0.6069769786668838,0.4523809523809524,1.0,1.0,0.9999999999999998,1.0,0.9999999999999998,1.0,1.0,1.0,0.0,0.0,0.0,0.0,0.0,0.0,1.0,1.0,0.0,0.0,0.0,0.0,0.0,0.0,1.0,1.0,1.0,1.0,1.0,1.0,
0.6457765999379483,0.4475806451612903,1.0,1.0,1.0,1.0,0.43301270189221935,0.15517241379310345,0.0,0.0,1.0,6.0,1.0,1.0,1.0,1.0,1.0,1.0,1.0,1.0,1.0,1.0,1.0,1.0,0.14285714285714285,-3.0,0.5555555820465088,0.0,0.0,0.0,
0.5381220025006315,0.17582417582417584,0.0,0.0,0.0,0.0,0.0,0.0,1.0,1.0,0.0,0.0,0.0,0.0,0.0,0.0,0.0,0.0,0.0,0.0,0.0,0.0,0.0,0.0,0.0,0.0,0.0,0.0,0.0,0.0,
0.4324499820938683,0.15789473684210525,0.3333333333333333,0.6666666865348816,0.0,0.0,0.0,0.0,1.0,1.0,0.0,0.0,0.0,0.0,0.0,0.0,1.0,1.0,0.5,3.0,0.8666666150093079,0.0,0.0,0.5,1.0,1.0,1.0,1.0,1.0,1.0,
0.39999999999999997,0.14814814814814814,0.0,0.0,0.0,0.0,0.0,0.0,0.0,0.0,0.0,0.0,0.0,0.0,0.0,0.0,0.0,0.0,0.0,0.0,0.0,0.0,0.0,0.0,0.0,0.0,0.0,0.0,0.0,0.0,
0.5367450401216932,0.20863309352517986,1.0,1.0,0.9999999999999998,1.0,0.0,0.0,0.7071067811865475,0.3142857142857143,1.0,1.0,1.0,1.0,1.0,1.0,0.0,0.0,0.0,0.0,0.0,0.0,0.0,0.0,1.0,1.0,1.0,1.0,1.0,1.0,
0.22727639589085447,0.10822510822510822,0.0,0.0,0.0,0.0,1.0,1.0,0.0,0.0,0.0,0.0,0.0,0.0,0.0,0.0,0.0,0.0,0.0,0.0,0.0,0.0,0.0,0.0,0.0,0.0,0.0,0.0,0.0,0.0,
0.219942959691286,0.06296296296296296,1.0,1.0,0.9999999999999998,1.0,0.0,0.0,0.0,0.0,1.0,1.0,1.0,1.0,1.0,1.0,0.0,0.0,1.0,1.0,1.0,1.0,1.0,1.0,1.0,1.0,1.0,1.0,1.0,1.0,
0.5270462766947299,0.2911392405063291,0.0,0.0,0.0,0.0,0.0,0.0,0.6324555320336759,0.17857142857142858,1.0,1.0,1.0,1.0,1.0,1.0,0.08574929257125441,0.03669724770642202,0.0,0.0,0.0,0.0,0.0,0.0,1.0,1.0,1.0,1.0,1.0,1.0,
0.29999999999999993,0.12389380530973451,0.0,0.0,0.0,0.0,0.5,0.09090909090909091,0.0,0.0,1.0,6.0,1.0,1.0,1.0,1.0,0.0,0.0,1.0,1.0,1.0,1.0,1.0,1.0,0.0,0.0,0.0,0.0,0.0,0.0,
0.49613893835683387,0.4421052631578947,1.0,1.0,1.0,1.0,0.5,0.09090909090909091,1.0,1.0,0.0,0.0,0.0,0.0,0.0,0.0,0.7071067811865476,0.85,1.0,1.0,1.0,1.0,1.0,1.0,1.0,9.0,1.0,1.0,1.0,1.0,
0.5447047794019221,0.24347826086956523,1.0,1.0,0.9999999999999998,1.0,0.0,0.0,0.0,0.0,1.0,6.0,1.0,1.0,1.0,1.0,0.0,0.0,1.0,1.0,1.0,1.0,1.0,1.0,1.0,1.0,1.0,1.0,1.0,1.0,
0.5444357229372963,0.3228346456692913,1.0,1.0,0.9999999999999998,1.0,1.0,1.0,1.0,1.0,1.0,6.0,1.0,1.0,1.0,1.0,0.0,0.0,1.0,1.0,1.0,1.0,1.0,1.0,0.0,0.0,0.0,0.0,0.0,0.0,
0.6002450479987809,0.5172413793103449,1.0,1.0,0.9999999999999998,1.0,0.4472135954999579,0.20833333333333334,0.0,0.0,1.0,1.0,1.0,1.0,1.0,1.0,1.0,1.0,1.0,1.0,1.0,1.0,1.0,1.0,1.0,1.0,1.0,1.0,1.0,1.0,
0.2993924754260479,0.13186813186813187,0.0,0.0,0.0,0.0,0.4743416490252569,0.14285714285714285,1.0,1.0,1.0,1.0,1.0,1.0,1.0,1.0,0.0,0.0,0.0,0.0,0.0,0.0,0.0,0.0,0.0,0.0,0.0,0.0,0.0,0.0,
0.21216710619787638,0.10305343511450382,0.0,0.0,0.0,0.0,0.0,0.0,1.0,1.0,0.0,0.0,0.0,0.0,0.0,0.0,0.0,0.0,0.0,0.0,0.0,0.0,0.0,0.0,1.0,8.0,1.0,1.0,1.0,1.0,
0.6634888026970371,0.4493927125506073,0.0,0.0,0.0,0.0,0.0,0.0,0.0,0.0,0.0,0.0,0.0,0.0,0.0,0.0,1.0,1.0,1.0,1.0,1.0,1.0,1.0,1.0,0.0,0.0,0.0,0.0,0.0,0.0,
0.37796447300922725,0.2631578947368421,0.0,0.0,0.0,0.0,0.0,0.0,0.0,0.0,1.0,6.0,1.0,1.0,1.0,1.0,0.0,0.0,0.0,0.0,0.0,0.0,0.0,0.0,1.0,9.0,1.0,1.0,1.0,1.0,
0.3509312031717982,0.2826086956521739,1.0,1.0,1.0,1.0,0.0,0.0,0.0,0.0,0.0,0.0,0.0,0.0,0.0,0.0,0.7071067811865476,0.85,0.0,0.0,0.0,0.0,0.0,0.0,1.0,9.0,1.0,1.0,1.0,1.0,
0.29999999999999993,0.17105263157894737,1.0,1.0,0.9999999999999998,1.0,0.0,0.0,0.0,0.0,0.0,0.0,0.0,0.0,0.0,0.0,0.7071067811865476,0.85,0.0,0.0,0.0,0.0,0.0,0.0,0.0,0.0,0.0,0.0,0.0,0.0,
0.5698028822981898,0.4189189189189189,1.0,1.0,1.0,1.0,0.9999999999999998,1.0,0.0,0.0,1.0,6.0,1.0,1.0,1.0,1.0,0.08574929257125441,0.03669724770642202,1.0,1.0,1.0,1.0,1.0,1.0,1.0,9.0,1.0,1.0,1.0,1.0,
0.2572478777137633,0.13978494623655913,1.0,1.0,1.0,1.0,1.0,1.0,0.0,0.0,0.0,0.0,0.0,0.0,0.0,0.0,0.0,0.0,0.0,0.0,0.0,0.0,0.0,0.0,0.0,0.0,0.0,0.0,0.0,0.0,
0.29729729729729737,0.2122905027932961,0.0,0.0,0.0,0.0,0.0,0.0,1.0,1.0,0.0,0.0,0.0,0.0,0.0,0.0,1.0,1.0,0.0,0.0,0.0,0.0,0.0,0.0,0.0,0.0,0.0,0.0,0.0,0.0,
0.16357216402190614,0.07586206896551724,0.0,0.0,0.0,0.0,0.0,0.0,0.0,0.0,0.0,0.0,0.0,0.0,0.0,0.0,1.0,1.0,0.5,3.0,0.8666666150093079,0.0,0.0,0.5,1.0,1.0,1.0,1.0,1.0,1.0,
0.2515773027133138,0.2152777777777778,1.0,1.0,1.0,1.0,1.0,1.0,0.0,0.0,0.0,0.0,0.0,0.0,0.0,0.0,0.0,0.0,0.0,0.0,0.0,0.0,0.0,0.0,0.0,0.0,0.0,0.0,0.0,0.0,
0.4448782605013047,0.13736263736263737,1.0,1.0,1.0,1.0,1.0,1.0,0.0,0.0,0.0,0.0,0.0,0.0,0.0,0.0,0.0,0.0,0.3333333333333333,1.0,0.7333333492279053,0.0,0.0,0.0,1.0,1.0,1.0,1.0,1.0,1.0,
0.4383972994809528,0.21978021978021978,0.0,0.0,0.0,0.0,0.0,0.0,0.0,0.0,0.0,0.0,0.0,0.0,0.0,0.0,0.3307189138830738,0.13812154696132597,1.0,1.0,1.0,1.0,1.0,1.0,1.0,9.0,1.0,1.0,1.0,1.0,
0.19134594929397594,0.08823529411764706,0.0,0.0,0.0,0.0,0.0,0.0,0.25197631533948484,0.34210526315789475,0.0,0.0,0.0,0.0,0.0,0.0,0.0,0.0,0.3333333333333333,1.0,0.7333333492279053,0.0,0.0,0.2,0.0,0.0,0.0,0.0,0.0,0.0,
0.3044295411712823,0.08376963350785341,0.0,0.0,0.0,0.0,0.7071067811865475,0.5142857142857142,0.0,0.0,1.0,1.0,1.0,1.0,1.0,1.0,0.0,0.0,0.3333333333333333,1.0,0.7333333492279053,0.0,0.0,0.2,0.0,0.0,0.0,0.0,0.0,0.0,
0.41275041275061913,0.23170731707317074,1.0,1.0,0.9999999999999998,1.0,1.0,1.0,0.0,0.0,1.0,6.0,1.0,1.0,1.0,1.0,0.0,0.0,1.0,5.0,1.0,1.0,1.0,1.0,1.0,1.0,1.0,1.0,1.0,1.0,
0.5855400437691199,0.3233082706766917,1.0,1.0,1.0,1.0,0.0,0.0,0.0,0.0,1.0,1.0,1.0,1.0,1.0,1.0,0.0,0.0,0.0,0.0,0.0,0.0,0.0,0.0,1.0,1.0,1.0,1.0,1.0,1.0,
0.12309149097933272,0.049586776859504134,0.0,0.0,0.0,0.0,0.6546536707079772,0.3448275862068966,0.0,0.0,0.0,0.0,0.0,0.0,0.0,0.0,0.0,0.0,1.0,1.0,1.0,1.0,1.0,1.0,0.0,0.0,0.0,0.0,0.0,0.0,
0.19720265943665385,0.14427860696517414,1.0,1.0,1.0,1.0,1.0,1.0,0.0,0.0,1.0,1.0,1.0,1.0,1.0,1.0,0.0,0.007874015748031496,1.0,1.0,1.0,1.0,1.0,1.0,1.0,1.0,1.0,1.0,1.0,1.0,
0.6922321755348867,0.5061224489795918,0.0,0.0,0.0,0.0,1.0,1.0,0.0,0.0,0.0,0.0,0.0,0.0,0.0,0.0,1.0,1.0,0.0,0.0,0.0,0.0,0.0,0.0,1.0,1.0,1.0,1.0,1.0,1.0,
0.3273268353539886,0.1320754716981132,0.0,0.0,0.0,0.0,0.0,0.0,0.14433756729740646,0.017241379310344827,1.0,6.0,1.0,1.0,1.0,1.0,0.0,0.0,1.0,1.0,1.0,1.0,1.0,1.0,0.0,0.0,0.0,0.0,0.0,0.0,
0.26215206019559845,0.13366336633663367,0.0,0.0,0.0,0.0,0.0,0.0,1.0,1.0,0.0,0.0,0.0,0.0,0.0,0.0,0.0,0.0,0.0,0.0,0.0,0.0,0.0,0.0,0.0,0.0,0.0,0.0,0.0,0.0,
0.3851024497871596,0.08241758241758242,0.0,0.0,0.0,0.0,0.0,0.0,0.0,0.0,1.0,1.0,1.0,1.0,1.0,1.0,1.0,1.0,1.0,1.0,1.0,1.0,1.0,1.0,0.0,0.0,0.0,0.0,0.0,0.0,
0.4052617961525573,0.13157894736842105,1.0,1.0,1.0,1.0,0.6681531047810609,0.6097560975609756,1.0,1.0,1.0,6.0,1.0,1.0,1.0,1.0,0.0,0.0,0.5,3.0,0.8666666150093079,0.0,0.0,0.2,1.0,1.0,1.0,1.0,1.0,1.0,
0.40824829046386296,0.1065989847715736,1.0,1.0,1.0,1.0,0.37796447300922725,0.08130081300813008,1.0,1.0,0.3333333333333333,2.0,0.7777778506278992,0.0,0.0,0.0,0.15811388300841897,0.014084507042253521,0.0,0.0,0.0,0.0,0.0,0.0,0.14285714285714285,-3.0,0.6296296119689941,0.0,0.0,0.0,
0.6748819059987713,0.5,0.0,0.0,0.0,0.0,0.0,0.0,1.0,1.0,1.0,1.0,1.0,1.0,1.0,1.0,1.0,1.0,1.0,1.0,1.0,1.0,1.0,1.0,0.0,0.0,0.0,0.0,0.0,0.0,
0.2966479394838265,0.14166666666666666,1.0,1.0,1.0,1.0,0.7302967433402214,0.5483870967741935,0.0,0.0,1.0,1.0,1.0,1.0,1.0,1.0,0.0,0.0,0.0,0.0,0.0,0.0,0.0,0.0,0.14285714285714285,-3.0,0.5555555820465088,0.0,0.0,0.0,
0.295084445425327,0.2246376811594203,0.0,0.0,0.0,0.0,0.5669467095138409,0.6111111111111112,0.0,0.0,1.0,6.0,1.0,1.0,1.0,1.0,0.0,0.0,0.0,0.0,0.0,0.0,0.0,0.0,1.0,9.0,1.0,1.0,1.0,1.0,
0.3746343246326776,0.1527777777777778,0.0,0.0,0.0,0.0,0.40824829046386296,0.1794871794871795,0.7071067811865475,0.3142857142857143,1.0,1.0,1.0,1.0,1.0,1.0,0.14907119849998599,0.05263157894736842,1.0,1.0,1.0,1.0,1.0,1.0,0.0,0.0,0.0,0.0,0.0,0.0,
0.691751160994371,0.5358490566037736,0.0,0.0,0.0,0.0,0.0,0.0,0.0,0.0,1.0,1.0,1.0,1.0,1.0,1.0,1.0,1.0,1.0,1.0,1.0,1.0,1.0,1.0,1.0,9.0,1.0,1.0,1.0,1.0,
0.363696483726654,0.1383399209486166,1.0,1.0,0.9999999999999998,1.0,1.0,1.0,0.0,0.0,0.0,0.0,0.0,0.0,0.0,0.0,0.0,0.0,0.0,0.0,0.0,0.0,0.0,0.0,1.0,9.0,1.0,1.0,1.0,1.0,
0.5961318900824133,0.4077669902912621,0.0,0.0,0.0,0.0,0.0,0.0,1.0,1.0,1.0,1.0,1.0,1.0,1.0,1.0,1.0,1.0,0.0,0.0,0.0,0.0,0.0,0.0,0.14285714285714285,-4.0,0.569444477558136,0.0,0.0,0.0,
0.38729833462074165,0.16025641025641027,0.0,0.0,0.0,0.0,0.5345224838248487,0.2916666666666667,1.0,1.0,0.1,-12.0,0.42222222685813904,0.0,0.0,0.0,1.0,1.0,1.0,1.0,1.0,1.0,1.0,1.0,1.0,1.0,1.0,1.0,1.0,1.0,
0.47172817652486326,0.19402985074626866,1.0,1.0,1.0,1.0,0.0,0.0,0.15161960871578067,0.20634920634920634,1.0,6.0,1.0,1.0,1.0,1.0,0.08944271909999159,0.06930693069306931,1.0,1.0,1.0,1.0,1.0,1.0,0.0,0.0,0.0,0.0,0.0,0.0,
0.565685424949238,0.26666666666666666,1.0,1.0,0.9999999999999998,1.0,1.0,1.0,1.0,1.0,1.0,6.0,1.0,1.0,1.0,1.0,0.0,0.06481481481481481,0.25,-1.0,0.5999999642372131,0.0,0.0,0.0,1.0,1.0,1.0,1.0,1.0,1.0,
0.3956282840374722,0.19900497512437812,0.0,0.0,0.0,0.0,0.4629100498862757,0.1875,1.0,1.0,1.0,6.0,1.0,1.0,1.0,1.0,1.0,1.0,0.0,0.0,0.0,0.0,0.0,0.0,0.0,0.0,0.0,0.0,0.0,0.0,
0.12403473458920847,0.07473309608540925,0.1111111111111111,0.8333333134651184,0.5773502691896258,0.42857142857142855,0.0,0.0,1.0,1.0,1.0,6.0,1.0,1.0,1.0,1.0,0.0,0.0,0.0,0.0,0.0,0.0,0.0,0.0,0.25,2.0,0.8055555820465088,0.0,0.0,0.4444444444444444,
0.23866718525271902,0.15270935960591134,0.0,0.0,0.0,0.0,0.0,0.0,1.0,1.0,1.0,6.0,1.0,1.0,1.0,1.0,0.0,0.0,1.0,1.0,1.0,1.0,1.0,1.0,1.0,9.0,1.0,1.0,1.0,1.0,
0.36273812505500586,0.12371134020618557,0.0,0.0,0.0,0.0,0.3721042037676254,0.14754098360655737,0.4364357804719848,0.4230769230769231,1.0,1.0,1.0,1.0,1.0,1.0,0.0,0.0,1.0,1.0,1.0,1.0,1.0,1.0,0.16666666666666666,-2.0,0.6481481194496155,0.0,0.0,0.0,
0.4146442144313646,0.12878787878787878,0.0,0.0,0.0,0.0,0.0,0.0,0.0,0.0,1.0,6.0,1.0,1.0,1.0,1.0,0.0,0.0,0.0,0.0,0.0,0.0,0.0,0.0,0.0,0.0,0.0,0.0,0.0,0.0,
0.34992710611188255,0.09523809523809523,0.0,0.0,0.0,0.0,0.0,0.0,0.2182178902359924,0.28,1.0,1.0,1.0,1.0,1.0,1.0,1.0,1.0,0.0,0.0,0.0,0.0,0.0,0.0,1.0,1.0,1.0,1.0,1.0,1.0,
0.4216370213557839,0.13953488372093023,1.0,1.0,0.9999999999999998,1.0,0.9999999999999998,1.0,0.0,0.0,0.0,0.0,0.0,0.0,0.0,0.0,0.0,0.0,1.0,1.0,1.0,1.0,1.0,1.0,0.0,0.0,0.0,0.0,0.0,0.0,
0.35821893027171603,0.1423487544483986,1.0,1.0,0.9999999999999998,1.0,0.0,0.0,0.0,0.0,1.0,1.0,1.0,1.0,1.0,1.0,1.0,1.0,0.0,0.0,0.0,0.0,0.0,0.0,1.0,1.0,1.0,1.0,1.0,1.0,
0.21688321172034594,0.12301587301587301,0.0,0.0,0.0,0.0,0.0,0.0,0.0,0.0,0.0,0.0,0.0,0.0,0.0,0.0,0.0,0.0,1.0,1.0,1.0,1.0,1.0,1.0,0.0,0.0,0.0,0.0,0.0,0.0,
0.2809757434745082,0.102880658436214,0.0,0.0,0.0,0.0,1.0,1.0,0.0,0.0,0.0,0.0,0.0,0.0,0.0,0.0,0.0,0.0,1.0,1.0,1.0,1.0,1.0,1.0,0.0,0.0,0.0,0.0,0.0,0.0,
0.3282660821493064,0.13962264150943396,0.07692307692307693,0.8399999737739563,0.7071067811865475,0.4782608695652174,0.0,0.0,1.0,1.0,1.0,1.0,1.0,1.0,1.0,1.0,1.0,1.0,1.0,1.0,1.0,1.0,1.0,1.0,1.0,1.0,1.0,1.0,1.0,1.0,
0.20689655172413796,0.1013215859030837,0.0,0.0,0.0,0.0,0.0,0.0,0.0,0.0,0.0,0.0,0.0,0.0,0.0,0.0,0.0,0.0,0.0,0.0,0.0,0.0,0.0,0.0,1.0,1.0,1.0,1.0,1.0,1.0,
0.42289003161103106,0.2828282828282828,1.0,1.0,0.9999999999999998,1.0,0.0,0.0,0.0,0.0,1.0,1.0,1.0,1.0,1.0,1.0,1.0,1.0,0.0,0.0,0.0,0.0,0.0,0.0,0.0,0.0,0.0,0.0,0.0,0.0,
0.33149677206589795,0.10071942446043165,0.0,0.0,0.0,0.0,1.0,1.0,0.4364357804719848,0.5,0.0,0.0,0.0,0.0,0.0,0.0,0.0,0.0,0.0,0.0,0.0,0.0,0.0,0.0,0.0,0.0,0.0,0.0,0.0,0.0,
0.337099931231621,0.08524590163934426,1.0,1.0,1.0,1.0,0.0,0.0,1.0,1.0,0.0,0.0,0.0,0.0,0.0,0.0,0.0,0.0,1.0,1.0,1.0,1.0,1.0,1.0,1.0,1.0,1.0,1.0,1.0,1.0,
0.4767312946227961,0.14330218068535824,0.0,0.0,0.0,0.0,1.0,1.0,0.0,0.0,1.0,6.0,1.0,1.0,1.0,1.0,1.0,1.0,1.0,1.0,1.0,1.0,1.0,1.0,1.0,1.0,1.0,1.0,1.0,1.0,
0.4588314677411235,0.15517241379310345,1.0,1.0,1.0,1.0,0.0,0.0,0.5773502691896258,0.2,0.0,0.0,0.0,0.0,0.0,0.0,0.0,0.0,1.0,1.0,1.0,1.0,1.0,1.0,0.0,0.0,0.0,0.0,0.0,0.0,
0.42796049251091295,0.2,0.0,0.0,0.0,0.0,0.0,0.0,0.0,0.0,0.0,0.0,0.0,0.0,0.0,0.0,1.0,1.0,0.25,-1.0,0.7333333492279053,0.0,0.0,0.0,0.25,3.0,0.8518518805503845,0.0,0.0,0.4,
0.22056438662814232,0.05625,0.0,0.0,0.0,0.0,0.0,0.0,0.0,0.0,0.0,0.0,0.0,0.0,0.0,0.0,0.0,0.0,0.3333333333333333,1.0,0.7333333492279053,0.0,0.0,0.2,0.2,1.0,0.7037037014961243,0.0,0.0,0.07692307692307693,
0.4481738548328317,0.1436950146627566,1.0,1.0,1.0,1.0,0.0,0.0,0.0,0.0,0.0,0.0,0.0,0.0,0.0,0.0,1.0,1.0,0.0,0.0,0.0,0.0,0.0,0.0,0.0,0.0,0.0,0.0,0.0,0.0,
0.2567180154051351,0.14534883720930233,0.0,0.0,0.0,0.0,0.5103103630798288,0.2463768115942029,1.0,1.0,1.0,1.0,1.0,1.0,1.0,1.0,0.0,0.0,0.0,0.0,0.0,0.0,0.0,0.0,0.14285714285714285,-3.0,0.5555555820465088,0.0,0.0,0.0,
0.3255911782966722,0.07394366197183098,0.0,0.0,0.0,0.0,1.0,1.0,0.0,0.0,0.0,0.0,0.0,0.0,0.0,0.0,1.0,1.0,0.25,-1.0,0.7333333492279053,0.0,0.0,0.0,0.0,0.0,0.0,0.0,0.0,0.0,
0.1781741612749496,0.10982658959537572,0.0,0.0,0.0,0.0,1.0000000000000002,1.0,0.0,0.0,0.0,0.0,0.0,0.0,0.0,0.0,1.0,1.0,0.0,0.0,0.0,0.0,0.0,0.0,1.0,1.0,1.0,1.0,1.0,1.0,
0.28867513459481287,0.06,1.0,1.0,1.0,1.0,0.0,0.0,0.0,0.0,1.0,6.0,1.0,1.0,1.0,1.0,0.0,0.0,0.0,0.0,0.0,0.0,0.0,0.0,0.0,0.0,0.0,0.0,0.0,0.0,
0.2567762955065478,0.11229946524064172,0.0,0.0,0.0,0.0,0.0,0.0,0.14433756729740646,0.017241379310344827,1.0,6.0,1.0,1.0,1.0,1.0,0.0,0.0,0.0,0.0,0.0,0.0,0.0,0.0,1.0,1.0,1.0,1.0,1.0,1.0,
0.2645200285064433,0.1948529411764706,1.0,1.0,1.0,1.0,0.0,0.0,1.0,1.0,1.0,1.0,1.0,1.0,1.0,1.0,1.0,1.0,0.0,0.0,0.0,0.0,0.0,0.0,1.0,9.0,1.0,1.0,1.0,1.0,
0.37907125275171766,0.1411042944785276,1.0,1.0,1.0,1.0,0.2182178902359924,0.17142857142857143,0.0,0.0,1.0,1.0,1.0,1.0,1.0,1.0,0.0,0.0,1.0,1.0,1.0,1.0,1.0,1.0,0.16666666666666666,-1.0,0.6296296119689941,0.0,0.0,0.0,
0.7399853698407473,0.6103896103896104,0.0,0.0,0.0,0.0,1.0,1.0,0.09759000729485333,0.21818181818181817,0.0,0.0,0.0,0.0,0.0,0.0,0.0,0.0072992700729927005,1.0,1.0,1.0,1.0,1.0,1.0,0.0,0.0,0.0,0.0,0.0,0.0,
0.4629100498862757,0.15503875968992248,0.0,0.0,0.0,0.0,0.6172133998483676,0.5333333333333333,0.0,0.0,0.0,0.0,0.0,0.0,0.0,0.0,0.0,0.0,0.0,0.0,0.0,0.0,0.0,0.0,0.0,0.0,0.0,0.0,0.0,0.0,
0.5109523080212682,0.18352059925093633,1.0,1.0,1.0,1.0,0.9999999999999998,1.0,0.0,0.0,1.0,1.0,1.0,1.0,1.0,1.0,1.0,1.0,0.3333333333333333,1.0,0.7333333492279053,0.0,0.0,0.2,1.0,1.0,1.0,1.0,1.0,1.0,
0.4134491152973615,0.1895424836601307,1.0,1.0,1.0,1.0,0.0,0.0,0.6475761258027334,0.44642857142857145,0.0,0.0,0.0,0.0,0.0,0.0,0.0,0.0,0.0,0.0,0.0,0.0,0.0,0.0,1.0,1.0,1.0,1.0,1.0,1.0,
0.309855834700385,0.15714285714285714,0.0,0.0,0.0,0.0,1.0,1.0,0.0,0.0,1.0,6.0,1.0,1.0,1.0,1.0,0.08944271909999159,0.06930693069306931,0.0,0.0,0.0,0.0,0.0,0.0,0.14285714285714285,-3.0,0.6296296119689941,0.0,0.0,0.0,
0.3481553119113957,0.06818181818181818,0.0,0.0,0.0,0.0,0.0,0.0,0.0,0.0,0.0,0.0,0.0,0.0,0.0,0.0,0.0,0.0,1.0,1.0,1.0,1.0,1.0,1.0,1.0,8.0,1.0,1.0,1.0,1.0,
0.14187608845979144,0.125,1.0,1.0,1.0,1.0,0.3651483716701107,0.2682926829268293,1.0,1.0,0.0,0.0,0.0,0.0,0.0,0.0,0.8426648406178138,0.8421052631578947,0.0,0.0,0.0,0.0,0.0,0.0,1.0,8.0,1.0,1.0,1.0,1.0,
0.4901085873544205,0.3074074074074074,1.0,1.0,1.0,1.0,0.0,0.0,1.0,1.0,1.0,1.0,1.0,1.0,1.0,1.0,1.0,1.0,1.0,1.0,1.0,1.0,1.0,1.0,0.0,0.0,0.0,0.0,0.0,0.0,
0.30304576336566325,0.13855421686746988,1.0,1.0,1.0,1.0,0.0,0.0,0.15430334996209194,0.19444444444444445,0.0,0.0,0.0,0.0,0.0,0.0,0.0,0.0,0.0,0.0,0.0,0.0,0.0,0.0,1.0,1.0,1.0,1.0,1.0,1.0,
0.783926953715343,0.3241106719367589,0.0,0.0,0.0,0.0,0.0,0.0,0.0,0.0,1.0,1.0,1.0,1.0,1.0,1.0,0.0,0.0,0.25,-1.0,0.5999999642372131,0.0,0.0,0.0,0.0,0.0,0.0,0.0,0.0,0.0,
0.25712973861328997,0.05327868852459016,0.0,0.0,0.0,0.0,0.43301270189221935,0.1509433962264151,1.0,1.0,0.0,0.0,0.0,0.0,0.0,0.0,0.0,0.0,0.0,0.0,0.0,0.0,0.0,0.0,1.0,1.0,1.0,1.0,1.0,1.0,
0.29092868272585615,0.08992805755395683,0.0,0.0,0.0,0.0,1.0,1.0,0.0,0.0,1.0,6.0,1.0,1.0,1.0,1.0,0.0,0.0,0.0,0.0,0.0,0.0,0.0,0.0,0.0,0.0,0.0,0.0,0.0,0.0,
0.39405520311955033,0.3333333333333333,1.0,1.0,1.0,1.0,0.7999999999999998,0.6842105263157895,0.0,0.0,0.0,0.0,0.0,0.0,0.0,0.0,0.0,0.0,0.0,0.0,0.0,0.0,0.0,0.0,1.0,9.0,1.0,1.0,1.0,1.0,
0.17025130615174974,0.03389830508474576,0.058823529411764705,0.8160919547080994,0.6324555320336759,0.4074074074074074,0.0,0.0,0.7921180343813395,0.5384615384615384,1.0,1.0,1.0,1.0,1.0,1.0,0.0,0.0,0.3333333333333333,1.0,0.7333333492279053,0.0,0.0,0.2,0.0,0.0,0.0,0.0,0.0,0.0,
0.3167230329859584,0.09248554913294797,0.05,0.8020833134651184,0.5773502691896258,0.36666666666666664,0.0,0.0,0.0,0.0,1.0,1.0,1.0,1.0,1.0,1.0,0.0,0.0,1.0,1.0,1.0,1.0,1.0,1.0,1.0,1.0,1.0,1.0,1.0,1.0,
0.7954951288348658,0.625,0.0,0.0,0.0,0.0,0.4999999999999999,0.25,0.282842712474619,0.02040816326530612,1.0,1.0,1.0,1.0,1.0,1.0,1.0,1.0,0.0,0.0,0.0,0.0,0.0,0.0,1.0,1.0,1.0,1.0,1.0,1.0,
0.17541160386140586,0.07172995780590717,0.0,0.0,0.0,0.0,0.5,0.38095238095238093,0.0,0.0,1.0,6.0,1.0,1.0,1.0,1.0,0.0,0.0,0.25,-1.0,0.5999999642372131,0.0,0.0,0.0,0.0,0.0,0.0,0.0,0.0,0.0,
0.34918995107766476,0.10328638497652583,0.0,0.0,0.0,0.0,1.0,1.0,0.0,0.0,1.0,6.0,1.0,1.0,1.0,1.0,0.0,0.0,1.0,1.0,1.0,1.0,1.0,1.0,1.0,1.0,1.0,1.0,1.0,1.0,
0.2797514424720941,0.1534090909090909,1.0,1.0,0.9999999999999998,1.0,1.0,1.0,0.5477225575051661,0.09615384615384616,0.0,0.0,0.0,0.0,0.0,0.0,0.0,0.0,1.0,1.0,1.0,1.0,1.0,1.0,0.0,0.0,0.0,0.0,0.0,0.0,
0.2073221072156823,0.0815450643776824,0.0,0.0,0.0,0.0,0.3779644730092272,0.14035087719298245,1.0,1.0,0.0,0.0,0.0,0.0,0.0,0.0,1.0,1.0,0.0,0.0,0.0,0.0,0.0,0.0,1.0,1.0,1.0,1.0,1.0,1.0,
0.46188021535170054,0.09230769230769231,0.5,0.9583333134651184,0.6666666666666667,0.6470588235294118,0.0,0.0,0.09759000729485333,0.21818181818181817,1.0,6.0,1.0,1.0,1.0,1.0,0.0,0.0072992700729927005,0.0,0.0,0.0,0.0,0.0,0.0,1.0,9.0,1.0,1.0,1.0,1.0,
0.3621121744159592,0.10933333333333334,0.0,0.0,0.0,0.0,0.0,0.0,0.0,0.0,1.0,1.0,1.0,1.0,1.0,1.0,1.0,1.0,1.0,1.0,1.0,1.0,1.0,1.0,0.14285714285714285,-3.0,0.5555555820465088,0.0,0.0,0.0,
0.06625386599999376,0.06451612903225806,0.0,0.0,0.0,0.0,0.4999999999999999,0.11702127659574468,0.0,0.0,1.0,6.0,1.0,1.0,1.0,1.0,0.0,0.0,0.0,0.0,0.0,0.0,0.0,0.0,1.0,1.0,1.0,1.0,1.0,1.0,
0.23904572186687872,0.10714285714285714,0.0,0.0,0.0,0.0,0.0,0.0,0.31622776601683794,0.14285714285714285,0.0,0.0,0.0,0.0,0.0,0.0,0.0,0.017857142857142856,1.0,1.0,1.0,1.0,1.0,1.0,0.0,0.0,0.0,0.0,0.0,0.0,
0.28677294281541077,0.09523809523809523,0.5,0.9583333134651184,0.6666666666666667,0.6470588235294118,0.0,0.0,1.0,1.0,0.0,0.0,0.0,0.0,0.0,0.0,1.0,1.0,0.0,0.0,0.0,0.0,0.0,0.0,1.0,1.0,1.0,1.0,1.0,1.0,
0.4891159880445185,0.18232044198895028,0.0,0.0,0.0,0.0,0.0,0.0,0.0,0.0,1.0,1.0,1.0,1.0,1.0,1.0,0.0,0.0,1.0,5.0,1.0,1.0,1.0,1.0,1.0,1.0,1.0,1.0,1.0,1.0,
0.5229763603684908,0.2742857142857143,0.0,0.0,0.0,0.0,0.9999999999999998,1.0,0.0,0.0,1.0,1.0,1.0,1.0,1.0,1.0,0.0,0.0,1.0,1.0,1.0,1.0,1.0,1.0,0.0,0.0,0.0,0.0,0.0,0.0,
0.45226701686664544,0.2847222222222222,1.0,1.0,1.0,1.0,1.0,1.0,0.0,0.0,0.0,0.0,0.0,0.0,0.0,0.0,0.0,0.0,0.3333333333333333,1.0,0.7333333492279053,0.0,0.0,0.2,0.0,0.0,0.0,0.0,0.0,0.0,
0.2721655269759087,0.1,1.0,1.0,1.0,1.0,0.3651483716701107,0.3333333333333333,0.0,0.0,0.0,0.0,0.0,0.0,0.0,0.0,0.0,0.0,1.0,1.0,1.0,1.0,1.0,1.0,1.0,1.0,1.0,1.0,1.0,1.0,
0.32914029430219166,0.16184971098265896,0.07692307692307693,0.8095238208770752,0.6324555320336759,0.3684210526315789,1.0,1.0,0.23094010767585033,0.15217391304347827,0.0,0.0,0.0,0.0,0.0,0.0,0.0,0.0,1.0,1.0,1.0,1.0,1.0,1.0,0.14285714285714285,-3.0,0.5555555820465088,0.0,0.0,0.0,
0.25,0.23684210526315788,1.0,1.0,1.0,1.0,0.0,0.0,0.0,0.0,0.0,0.0,0.0,0.0,0.0,0.0,0.7171371656006361,0.6923076923076923,0.0,0.0,0.0,0.0,0.0,0.0,0.0,0.0,0.0,0.0,0.0,0.0,
0.3535533905932738,0.228310502283105,1.0,1.0,1.0,1.0,1.0,1.0,0.4082482904638631,0.05263157894736842,1.0,1.0,1.0,1.0,1.0,1.0,0.0,0.0,0.3333333333333333,1.0,0.7333333492279053,0.0,0.0,0.2,1.0,1.0,1.0,1.0,1.0,1.0,
0.12403473458920847,0.07051282051282051,0.0,0.0,0.0,0.0,0.0,0.0,0.0,0.0,0.0,0.0,0.0,0.0,0.0,0.0,0.0,0.0,0.0,0.0,0.0,0.0,0.0,0.0,0.0,0.0,0.0,0.0,0.0,0.0,
0.31946092083900124,0.1956521739130435,1.0,1.0,1.0,1.0,0.0,0.0,0.20412414523193148,0.2708333333333333,0.0,0.0,0.0,0.0,0.0,0.0,1.0,1.0,1.0,1.0,1.0,1.0,1.0,1.0,0.0,0.0,0.0,0.0,0.0,0.0,
0.40422604172722165,0.14009661835748793,1.0,1.0,1.0,1.0,0.0,0.0,1.0,1.0,0.1,-12.0,0.42222222685813904,0.0,0.0,0.0,0.0,0.0,0.0,0.0,0.0,0.0,0.0,0.0,1.0,1.0,1.0,1.0,1.0,1.0,
0.320028448237599,0.34615384615384615,0.0,0.0,0.0,0.0,0.0,0.0,1.0,1.0,1.0,1.0,1.0,1.0,1.0,1.0,1.0,1.0,1.0,1.0,1.0,1.0,1.0,1.0,0.0,0.0,0.0,0.0,0.0,0.0,
0.43481317827315213,0.11180124223602485,1.0,1.0,1.0,1.0,0.0,0.0,0.40451991747794525,0.2708333333333333,0.0,0.0,0.0,0.0,0.0,0.0,0.0,0.0,0.0,0.0,0.0,0.0,0.0,0.0,0.14285714285714285,-3.0,0.5555555820465088,0.0,0.0,0.0,
0.23267002029884434,0.20454545454545456,1.0,1.0,1.0,1.0,0.0,0.0,0.18490006540840973,0.11666666666666667,0.0,0.0,0.0,0.0,0.0,0.0,0.0,0.0,0.0,0.0,0.0,0.0,0.0,0.0,0.0,0.0,0.0,0.0,0.0,0.0,
0.5375872022286244,0.2830188679245283,0.0,0.0,0.0,0.0,0.0,0.0,1.0,1.0,0.0,0.0,0.0,0.0,0.0,0.0,0.9999999999999998,1.0,0.25,-1.0,0.5999999642372131,0.0,0.0,0.0,1.0,1.0,1.0,1.0,1.0,1.0,
0.5661385170722979,0.34328358208955223,0.0,0.0,0.0,0.0,0.0,0.0,0.4364357804719848,0.4230769230769231,0.0,0.0,0.0,0.0,0.0,0.0,1.0000000000000002,1.0,0.0,0.0,0.0,0.0,0.0,0.0,0.0,0.0,0.0,0.0,0.0,0.0,
0.5256574830378469,0.3378995433789954,0.0,0.0,0.0,0.0,0.0,0.0,0.1386750490563073,0.012987012987012988,0.0,0.0,0.0,0.0,0.0,0.0,1.0,1.0,1.0,1.0,1.0,1.0,1.0,1.0,0.0,0.0,0.0,0.0,0.0,0.0,
0.41247895569215276,0.16071428571428573,0.0,0.0,0.0,0.0,0.0,0.0,1.0,1.0,1.0,6.0,1.0,1.0,1.0,1.0,0.0,0.0,1.0,5.0,1.0,1.0,1.0,1.0,1.0,1.0,1.0,1.0,1.0,1.0,
0.5163977794943222,0.18333333333333332,1.0,1.0,1.0,1.0,0.0,0.0,0.0,0.3333333333333333,1.0,6.0,1.0,1.0,1.0,1.0,0.5345224838248487,0.6153846153846154,1.0,1.0,1.0,1.0,1.0,1.0,0.0,0.0,0.0,0.0,0.0,0.0,
0.0659380473395787,0.05,0.0,0.0,0.0,0.0,0.6324555320336759,0.4782608695652174,0.0,0.0,0.0,0.0,0.0,0.0,0.0,0.0,0.0,0.0,0.25,-1.0,0.5999999642372131,0.0,0.0,0.0,1.0,1.0,1.0,1.0,1.0,1.0,
0.32357511446471704,0.1390728476821192,0.08333333333333333,0.8253968358039856,0.7071067811865475,0.42105263157894735,1.0,1.0,0.6405126152203486,0.37254901960784315,0.0,0.0,0.0,0.0,0.0,0.0,0.0,0.0,0.0,0.0,0.0,0.0,0.0,0.0,0.0,0.0,0.0,0.0,0.0,0.0,
0.6728384948943098,0.4587628865979381,1.0,1.0,1.0,1.0,1.0,1.0,0.0,0.0,0.0,0.0,0.0,0.0,0.0,0.0,0.0,0.0,1.0,5.0,1.0,1.0,1.0,1.0,0.1111111111111111,-12.0,0.45370373129844666,0.0,0.0,0.0,
0.25155764746872633,0.09090909090909091,1.0,1.0,1.0,1.0,0.0,0.0,0.0,0.0,0.0,0.0,0.0,0.0,0.0,0.0,0.0,0.0,0.25,-1.0,0.5999999642372131,0.0,0.0,0.0,1.0,1.0,1.0,1.0,1.0,1.0,
0.18752289237539815,0.12244897959183673,0.06666666666666667,0.6211110949516296,0.2581988897471611,0.09090909090909091,0.15430334996209194,0.0547945205479452,1.0,1.0,0.0,0.0,0.0,0.0,0.0,0.0,1.0,1.0,0.0,0.0,0.0,0.0,0.0,0.0,0.14285714285714285,-4.0,0.569444477558136,0.0,0.0,0.0,
0.6000415268021398,0.5172413793103449,0.0,0.0,0.0,0.0,0.0,0.0,1.0,1.0,0.0,0.0,0.0,0.0,0.0,0.0,1.0,1.0,1.0,1.0,1.0,1.0,1.0,1.0,1.0,9.0,1.0,1.0,1.0,1.0,
0.41666666666666674,0.3698630136986301,1.0,1.0,1.0,1.0,0.0,0.0,0.5303300858899106,0.38235294117647056,0.0,0.0,0.0,0.0,0.0,0.0,0.7071067811865476,0.85,0.0,0.0,0.0,0.0,0.0,0.0,0.0,0.0,0.0,0.0,0.0,0.0,
0.600099198148979,0.27380952380952384,1.0,1.0,1.0,1.0,0.0,0.0,0.2182178902359924,0.28,0.0,0.0,0.0,0.0,0.0,0.0,0.0,0.008695652173913044,0.0,0.0,0.0,0.0,0.0,0.0,0.0,0.0,0.0,0.0,0.0,0.0,
0.33643155512624445,0.19148936170212766,1.0,1.0,1.0,1.0,0.0,0.0,1.0,1.0,0.0,0.0,0.0,0.0,0.0,0.0,1.0,1.0,0.0,0.0,0.0,0.0,0.0,0.0,0.2,0.0,0.6666666865348816,0.0,0.0,0.09090909090909091,
0.2363515791475006,0.14375,1.0,1.0,1.0,1.0,0.0,0.0,0.33333333333333337,0.17391304347826086,0.0,0.0,0.0,0.0,0.0,0.0,0.0,0.01875,1.0,1.0,1.0,1.0,1.0,1.0,0.0,0.0,0.0,0.0,0.0,0.0,
0.5163977794943222,0.17857142857142858,0.0,0.0,0.0,0.0,0.0,0.0,0.0,0.0,0.0,0.0,0.0,0.0,0.0,0.0,1.0,1.0,0.0,0.0,0.0,0.0,0.0,0.0,0.2,0.0,0.7268518805503845,0.0,0.0,0.3,
0.21067524290009615,0.08032128514056225,1.0,1.0,0.9999999999999998,1.0,0.0,0.0,0.0,0.0,1.0,6.0,1.0,1.0,1.0,1.0,1.0,1.0,0.5,3.0,0.8666666150093079,0.0,0.0,0.2,0.0,0.0,0.0,0.0,0.0,0.0,
0.3167230329859584,0.12643678160919541,0.0,0.0,0.0,0.0,0.0,0.0,1.0,1.0,0.5,4.0,0.8888888359069824,0.0,0.0,0.14285714285714285,0.07216878364870323,0.06666666666666667,0.0,0.0,0.0,0.0,0.0,0.0,1.0,1.0,1.0,1.0,1.0,1.0,
0.6535431462939509,0.42124542124542125,0.0,0.0,0.0,0.0,1.0,1.0,0.0,0.0,1.0,1.0,1.0,1.0,1.0,1.0,0.0,0.0,0.0,0.0,0.0,0.0,0.0,0.0,1.0,1.0,1.0,1.0,1.0,1.0,
0.5012804118276031,0.25773195876288657,1.0,1.0,1.0,1.0,0.0,0.0,0.0,0.3333333333333333,0.0,0.0,0.0,0.0,0.0,0.0,1.0,1.0,0.0,0.0,0.0,0.0,0.0,0.0,1.0,9.0,1.0,1.0,1.0,1.0,
0.14552137502179976,0.09090909090909091,0.0,0.0,0.0,0.0,1.0000000000000002,1.0,0.0,0.0,0.0,0.0,0.0,0.0,0.0,0.0,0.0,0.0,0.25,-1.0,0.5999999642372131,0.0,0.0,0.0,1.0,1.0,1.0,1.0,1.0,1.0,
0.47155311166021946,0.22807017543859648,0.0,0.0,0.0,0.0,1.0,1.0,1.0,1.0,0.0,0.0,0.0,0.0,0.0,0.0,1.0,1.0,1.0,1.0,1.0,1.0,1.0,1.0,1.0,1.0,1.0,1.0,1.0,1.0,
0.3449415373637054,0.15119363395225463,1.0,1.0,0.9999999999999998,1.0,0.0,0.0,0.0,0.0,1.0,6.0,1.0,1.0,1.0,1.0,1.0,1.0,0.0,0.0,0.0,0.0,0.0,0.0,0.0,0.0,0.0,0.0,0.0,0.0,
0.24956709924231088,0.09627329192546584,0.0,0.0,0.0,0.0,0.0,0.0,0.0,0.0,0.0,0.0,0.0,0.0,0.0,0.0,1.0,1.0,0.0,0.0,0.0,0.0,0.0,0.0,0.0,0.0,0.0,0.0,0.0,0.0,
0.20228869496966947,0.08038585209003216,0.0,0.0,0.0,0.0,0.0,0.0,0.0,0.0,0.0,0.0,0.0,0.0,0.0,0.0,1.0,1.0,1.0,1.0,1.0,1.0,1.0,1.0,0.0,0.0,0.0,0.0,0.0,0.0,
0.47280542884465016,0.24489795918367346,1.0,1.0,1.0,1.0,0.0,0.0,1.0,1.0,1.0,1.0,1.0,1.0,1.0,1.0,0.0,0.0,0.25,-1.0,0.5999999642372131,0.0,0.0,0.0,1.0,1.0,1.0,1.0,1.0,1.0,
0.3309718362305159,0.10828025477707007,0.0,0.0,0.0,0.0,1.0,1.0,0.0,0.0,0.0,0.0,0.0,0.0,0.0,0.0,1.0,1.0,0.0,0.0,0.0,0.0,0.0,0.0,0.0,0.0,0.0,0.0,0.0,0.0,
0.43915503282683993,0.30833333333333335,1.0,1.0,1.0,1.0,1.0,1.0,0.0,0.0,1.0,1.0,1.0,1.0,1.0,1.0,0.7071067811865476,0.85,1.0,1.0,1.0,1.0,1.0,1.0,0.0,0.0,0.0,0.0,0.0,0.0,
0.4442616583193193,0.23684210526315788,0.0,0.0,0.0,0.0,0.08574929257125441,0.08955223880597014,1.0,1.0,0.0,0.0,0.0,0.0,0.0,0.0,1.0,1.0,0.3333333333333333,1.0,0.7333333492279053,0.0,0.0,0.0,1.0,1.0,1.0,1.0,1.0,1.0,
0.29095718698132317,0.075,0.0,0.0,0.0,0.0,0.0,0.0,0.0,0.0,0.0,0.0,0.0,0.0,0.0,0.0,1.0000000000000002,1.0,0.0,0.0,0.0,0.0,0.0,0.0,0.0,0.0,0.0,0.0,0.0,0.0,
0.43033148291193524,0.21666666666666667,0.0,0.0,0.0,0.0,0.0,0.0,1.0,1.0,1.0,1.0,1.0,1.0,1.0,1.0,0.0,0.008695652173913044,0.3333333333333333,1.0,0.7333333492279053,0.0,0.0,0.2,1.0,1.0,1.0,1.0,1.0,1.0,
0.43259045634870014,0.13218390804597702,0.0,0.0,0.0,0.0,0.0,0.0,0.0,0.0,0.0,0.0,0.0,0.0,0.0,0.0,0.0,0.0,0.0,0.0,0.0,0.0,0.0,0.0,1.0,1.0,1.0,1.0,1.0,1.0,
0.447213595499958,0.19791666666666666,0.0,0.0,0.0,0.0,0.0,0.0,0.0,0.0,1.0,6.0,1.0,1.0,1.0,1.0,0.0,0.0,0.0,0.0,0.0,0.0,0.0,0.0,0.0,0.0,0.0,0.0,0.0,0.0,
0.20483662259967567,0.18041237113402062,1.0,1.0,0.9999999999999998,1.0,1.0,1.0,0.1386750490563073,0.012987012987012988,0.0,0.0,0.0,0.0,0.0,0.0,0.0,0.0,1.0,1.0,1.0,1.0,1.0,1.0,0.0,0.0,0.0,0.0,0.0,0.0,
0.2842676218074806,0.17204301075268819,0.0,0.0,0.0,0.0,1.0,1.0,0.0,0.0,1.0,6.0,1.0,1.0,1.0,1.0,0.0,0.0,1.0,1.0,1.0,1.0,1.0,1.0,0.0,0.0,0.0,0.0,0.0,0.0,
0.45226701686664544,0.22018348623853212,0.0,0.0,0.0,0.0,0.5345224838248487,0.29411764705882354,0.0,0.0,0.0,0.0,0.0,0.0,0.0,0.0,0.9013878188659974,0.92,0.25,-1.0,0.5999999642372131,0.0,0.0,0.0,1.0,1.0,1.0,1.0,1.0,1.0,
0.3932418788198072,0.23255813953488372,1.0,1.0,1.0,1.0,0.0,0.0,1.0,1.0,0.0,0.0,0.0,0.0,0.0,0.0,1.0,1.0,1.0,1.0,1.0,1.0,1.0,1.0,0.0,0.0,0.0,0.0,0.0,0.0,
0.34050261230349943,0.07329842931937172,0.0,0.0,0.0,0.0,0.0,0.0,1.0,1.0,0.0,0.0,0.0,0.0,0.0,0.0,0.0,0.0,0.0,0.0,0.0,0.0,0.0,0.0,0.0,0.0,0.0,0.0,0.0,0.0,
0.20207259421636903,0.07905138339920949,1.0,1.0,0.9999999999999998,1.0,0.0,0.0,0.0,0.0,0.0,0.0,0.0,0.0,0.0,0.0,1.0,1.0,0.5,3.0,0.8666666150093079,0.0,0.0,0.5,0.0,0.0,0.0,0.0,0.0,0.0,
0.32097036938318463,0.10655737704918032,1.0,1.0,1.0,1.0,0.0,0.0,0.0,0.0,0.0,0.0,0.0,0.0,0.0,0.0,0.0,0.0,0.0,0.0,0.0,0.0,0.0,0.0,0.0,0.0,0.0,0.0,0.0,0.0,
0.20833333333333334,0.17647058823529413,1.0,1.0,0.9999999999999998,1.0,0.75,0.7142857142857143,1.0,1.0,0.0,0.0,0.0,0.0,0.0,0.0,0.0,0.0,1.0,1.0,1.0,1.0,1.0,1.0,0.0,0.0,0.0,0.0,0.0,0.0,
0.19245008972987526,0.14736842105263157,0.0,0.0,0.0,0.0,0.0,0.0,1.0,1.0,0.0,0.0,0.0,0.0,0.0,0.0,0.0,0.0,1.0,1.0,1.0,1.0,1.0,1.0,0.0,0.0,0.0,0.0,0.0,0.0,
0.2988071523335984,0.2696629213483146,1.0,1.0,1.0,1.0,0.7071067811865476,0.5652173913043478,1.0,1.0,1.0,6.0,1.0,1.0,1.0,1.0,0.0,0.0,0.5,3.0,0.8666666150093079,0.0,0.0,0.5,0.0,0.0,0.0,0.0,0.0,0.0,
0.2284160962880643,0.10416666666666667,0.0,0.0,0.0,0.0,1.0,1.0,1.0,1.0,0.0,0.0,0.0,0.0,0.0,0.0,0.0,0.0,0.25,-1.0,0.7333333492279053,0.0,0.0,0.0,1.0,1.0,1.0,1.0,1.0,1.0,
0.47673129462279606,0.18620689655172415,0.0,0.0,0.0,0.0,0.0,0.0,0.2182178902359924,0.28,1.0,1.0,1.0,1.0,1.0,1.0,0.0,0.0,1.0,1.0,1.0,1.0,1.0,1.0,1.0,1.0,1.0,1.0,1.0,1.0,
0.40451991747794525,0.1532258064516129,0.0,0.0,0.0,0.0,0.7905694150420948,0.6428571428571429,0.2182178902359924,0.28,0.0,0.0,0.0,0.0,0.0,0.0,0.0,0.0,1.0,1.0,1.0,1.0,1.0,1.0,1.0,1.0,1.0,1.0,1.0,1.0,
0.5070925528371099,0.17391304347826086,0.0,0.0,0.0,0.0,0.0,0.0,0.0,0.0,1.0,1.0,1.0,1.0,1.0,1.0,0.0,0.0,0.0,0.0,0.0,0.0,0.0,0.0,1.0,1.0,1.0,1.0,1.0,1.0,
0.3855678298825373,0.15384615384615385,1.0,1.0,0.9999999999999998,1.0,0.0,0.0,1.0,1.0,0.0,0.0,0.0,0.0,0.0,0.0,0.2811127713994909,0.19,0.25,-1.0,0.7333333492279053,0.0,0.0,0.0,0.0,0.0,0.0,0.0,0.0,0.0,
0.39223227027636814,0.1826086956521739,0.0,0.0,0.0,0.0,0.0,0.0,0.0,0.0,0.0,0.0,0.0,0.0,0.0,0.0,0.0,0.0,1.0,5.0,1.0,1.0,1.0,1.0,0.14285714285714285,-3.0,0.5555555820465088,0.0,0.0,0.0,
0.31304951684997057,0.14960629921259844,0.0,0.0,0.0,0.0,1.0,1.0,0.0,0.0,0.5,4.0,0.8888888359069824,0.0,0.0,0.14285714285714285,0.9999999999999998,1.0,0.0,0.0,0.0,0.0,0.0,0.0,1.0,8.0,1.0,1.0,1.0,1.0,
0.21926450482675733,0.17482517482517482,1.0,1.0,1.0,1.0,0.0,0.0,0.0,0.0,1.0,1.0,1.0,1.0,1.0,1.0,0.7882407813680822,0.8148148148148148,0.0,0.0,0.0,0.0,0.0,0.0,1.0,1.0,1.0,1.0,1.0,1.0,
0.37509688670876046,0.23369565217391305,1.0,1.0,1.0,1.0,1.0,1.0,0.0,0.0,0.0,0.0,0.0,0.0,0.0,0.0,0.0,0.0,1.0,5.0,1.0,1.0,1.0,1.0,1.0,1.0,1.0,1.0,1.0,1.0,
0.5280200004832999,0.12167300380228137,0.0,0.0,0.0,0.0,1.0,1.0,1.0,1.0,0.0,0.0,0.0,0.0,0.0,0.0,1.0,1.0,0.25,-1.0,0.5999999642372131,0.0,0.0,0.0,0.16666666666666666,-1.0,0.6296296119689941,0.0,0.0,0.0,
0.3681758695505785,0.20812182741116753,1.0,1.0,1.0,1.0,1.0,1.0,1.0,1.0,1.0,1.0,1.0,1.0,1.0,1.0,0.8889859687484267,0.7364341085271318,0.0,0.0,0.0,0.0,0.0,0.0,0.0,0.0,0.0,0.0,0.0,0.0,
0.23968063858108837,0.17307692307692307,1.0,1.0,0.9999999999999998,1.0,1.0,1.0,0.4537426064865151,0.3695652173913043,0.0,0.0,0.0,0.0,0.0,0.0,1.0,1.0,0.3333333333333333,1.0,0.7333333492279053,0.0,0.0,0.2,1.0,9.0,1.0,1.0,1.0,1.0,
0.16666666666666669,0.058823529411764705,0.0,0.0,0.0,0.0,0.0,0.0,0.0,0.0,1.0,6.0,1.0,1.0,1.0,1.0,0.0,0.0,1.0,1.0,1.0,1.0,1.0,1.0,1.0,9.0,1.0,1.0,1.0,1.0,
0.6099942813304187,0.4320388349514563,0.0,0.0,0.0,0.0,1.0,1.0,0.1386750490563073,0.012987012987012988,1.0,6.0,1.0,1.0,1.0,1.0,1.0,1.0,0.25,-1.0,0.5999999642372131,0.0,0.0,0.0,1.0,1.0,1.0,1.0,1.0,1.0,
0.1543033499620919,0.12307692307692308,0.0,0.0,0.0,0.0,0.0,0.0,0.31622776601683794,0.15555555555555556,1.0,6.0,1.0,1.0,1.0,1.0,0.9999999999999998,1.0,1.0,5.0,1.0,1.0,1.0,1.0,1.0,1.0,1.0,1.0,1.0,1.0,
0.28867513459481287,0.17791411042944785,1.0,1.0,1.0,1.0,0.0,0.0,0.0,0.0,1.0,1.0,1.0,1.0,1.0,1.0,0.0,0.0,1.0,1.0,1.0,1.0,1.0,1.0,0.0,0.0,0.0,0.0,0.0,0.0,
0.39333692983327767,0.34024896265560167,0.0,0.0,0.0,0.0,0.0,0.0,0.0,0.0,1.0,1.0,1.0,1.0,1.0,1.0,1.0,1.0,1.0,1.0,1.0,1.0,1.0,1.0,1.0,8.0,1.0,1.0,1.0,1.0,
0.2546267270239763,0.10725552050473186,1.0,1.0,1.0,1.0,0.0,0.0,0.0,0.0,0.0,0.0,0.0,0.0,0.0,0.0,1.0,1.0,0.25,-1.0,0.5999999642372131,0.0,0.0,0.0,1.0,1.0,1.0,1.0,1.0,1.0,
0.5419545609849977,0.3039647577092511,1.0,1.0,0.9999999999999998,1.0,0.0,0.0,1.0,1.0,0.0,0.0,0.0,0.0,0.0,0.0,0.0,0.0,1.0,1.0,1.0,1.0,1.0,1.0,0.0,0.0,0.0,0.0,0.0,0.0,
0.49923017660270624,0.2066115702479339,1.0,1.0,0.9999999999999998,1.0,0.4082482904638631,0.43333333333333335,0.0,0.0,0.3333333333333333,2.0,0.7777778506278992,0.0,0.0,0.0,0.19611613513818402,0.10891089108910891,1.0,1.0,1.0,1.0,1.0,1.0,1.0,1.0,1.0,1.0,1.0,1.0,
0.32665262900407427,0.06698564593301436,0.0,0.0,0.0,0.0,0.0,0.0,0.0,0.0,0.0,0.0,0.0,0.0,0.0,0.0,0.0,0.023952095808383235,0.0,0.0,0.0,0.0,0.0,0.0,0.0,0.0,0.0,0.0,0.0,0.0,
0.4018071877159229,0.2886178861788618,1.0,1.0,1.0,1.0,1.0,1.0,1.0,1.0,0.0,0.0,0.0,0.0,0.0,0.0,1.0,1.0,0.3333333333333333,1.0,0.7333333492279053,0.0,0.0,0.0,1.0,9.0,1.0,1.0,1.0,1.0,
0.3180732125814321,0.2314410480349345,1.0,1.0,1.0,1.0,0.0,0.0,0.0,0.0,1.0,1.0,1.0,1.0,1.0,1.0,1.0,1.0,0.3333333333333333,1.0,0.7333333492279053,0.0,0.0,0.0,0.0,0.0,0.0,0.0,0.0,0.0,
0.25751310131230243,0.08670520231213873,1.0,1.0,0.9999999999999998,1.0,0.75,0.7142857142857143,0.25197631533948484,0.34210526315789475,1.0,1.0,1.0,1.0,1.0,1.0,1.0,1.0,0.0,0.0,0.0,0.0,0.0,0.0,0.0,0.0,0.0,0.0,0.0,0.0,
0.6722139969935249,0.5677966101694916,0.0,0.0,0.0,0.0,1.0,1.0,0.0,0.0,1.0,1.0,1.0,1.0,1.0,1.0,1.0,1.0,1.0,1.0,1.0,1.0,1.0,1.0,1.0,9.0,1.0,1.0,1.0,1.0,
0.2714483570153184,0.08962264150943396,0.0,0.0,0.0,0.0,0.4364357804719848,0.07246376811594203,1.0,1.0,1.0,1.0,1.0,1.0,1.0,1.0,0.0,0.0,0.25,-1.0,0.7333333492279053,0.0,0.0,0.0,0.16666666666666666,-2.0,0.6481481194496155,0.0,0.0,0.0,
0.4210526315789473,0.16666666666666666,0.0,0.0,0.0,0.0,0.8249579113843055,0.5909090909090909,1.0,1.0,1.0,1.0,1.0,1.0,1.0,1.0,1.0000000000000002,1.0,0.3333333333333333,1.0,0.7333333492279053,0.0,0.0,0.2,1.0,8.0,1.0,1.0,1.0,1.0,
0.4999999999999999,0.25925925925925924,0.0,0.0,0.0,0.0,0.5669467095138409,0.42424242424242425,0.0,0.0,0.0,0.0,0.0,0.0,0.0,0.0,0.0,0.0,0.0,0.0,0.0,0.0,0.0,0.0,1.0,9.0,1.0,1.0,1.0,1.0,
0.3670584895244009,0.41916167664670656,0.0,0.0,0.0,0.0,1.0,1.0,0.09622504486493763,0.1206896551724138,1.0,6.0,1.0,1.0,1.0,1.0,1.0,1.0,0.0,0.0,0.0,0.0,0.0,0.0,0.0,0.0,0.0,0.0,0.0,0.0,
0.5911468053322673,0.4533898305084746,0.0,0.0,0.0,0.0,1.0,1.0,1.0,1.0,0.0,0.0,0.0,0.0,0.0,0.0,0.0,0.0,0.0,0.0,0.0,0.0,0.0,0.0,0.0,0.0,0.0,0.0,0.0,0.0,
0.3496029493900505,0.14163090128755365,1.0,1.0,1.0,1.0,1.0,1.0,0.0,0.0,0.0,0.0,0.0,0.0,0.0,0.0,0.0,0.0,0.3333333333333333,1.0,0.7333333492279053,0.0,0.0,0.0,1.0,1.0,1.0,1.0,1.0,1.0,
0.1336306209562122,0.10043668122270742,0.0,0.0,0.0,0.0,1.0,1.0,0.0,0.0,1.0,6.0,1.0,1.0,1.0,1.0,1.0,1.0,1.0,1.0,1.0,1.0,1.0,1.0,0.0,0.0,0.0,0.0,0.0,0.0,
0.5330017908890262,0.1111111111111111,0.0,0.0,0.0,0.0,1.0,1.0,0.0,0.0,1.0,1.0,1.0,1.0,1.0,1.0,0.9058216273156767,0.7857142857142857,0.0,0.0,0.0,0.0,0.0,0.0,0.0,0.0,0.0,0.0,0.0,0.0,
0.28941438070815306,0.09195402298850575,1.0,1.0,1.0,1.0,0.0,0.0,0.0,0.0,0.3333333333333333,2.0,0.7777778506278992,0.0,0.0,0.0,0.0,0.0,1.0,1.0,1.0,1.0,1.0,1.0,1.0,1.0,1.0,1.0,1.0,1.0,
0.5913123959890826,0.42452830188679247,1.0,1.0,1.0,1.0,1.0,1.0,0.0,0.0,0.0,0.0,0.0,0.0,0.0,0.0,1.0,1.0,1.0,1.0,1.0,1.0,1.0,1.0,0.0,0.0,0.0,0.0,0.0,0.0,
0.5128225940683707,0.34285714285714286,0.0,0.0,0.0,0.0,0.5,0.09090909090909091,0.0,0.0,0.0,0.0,0.0,0.0,0.0,0.0,1.0,1.0,0.3333333333333333,1.0,0.7333333492279053,0.0,0.0,0.0,1.0,1.0,1.0,1.0,1.0,1.0,
0.48280787926033486,0.20945945945945946,0.0,0.0,0.0,0.0,1.0,1.0,1.0,1.0,1.0,6.0,1.0,1.0,1.0,1.0,0.0,0.0,0.0,0.0,0.0,0.0,0.0,0.0,0.0,0.0,0.0,0.0,0.0,0.0,
0.4216370213557839,0.24324324324324326,1.0,1.0,0.9999999999999998,1.0,0.0,0.0,0.5477225575051661,0.09615384615384616,0.0,0.0,0.0,0.0,0.0,0.0,0.0,0.0,0.5,3.0,0.8666666150093079,0.0,0.0,0.5,0.0,0.0,0.0,0.0,0.0,0.0,
0.39167472590032015,0.12258064516129032,1.0,1.0,0.9999999999999998,1.0,0.0,0.0,0.0,0.0,1.0,1.0,1.0,1.0,1.0,1.0,0.0,0.0,1.0,1.0,1.0,1.0,1.0,1.0,1.0,1.0,1.0,1.0,1.0,1.0,
0.1307440900921227,0.09042553191489362,0.0,0.0,0.0,0.0,0.0,0.0,1.0,1.0,1.0,1.0,1.0,1.0,1.0,1.0,0.0,0.0,0.3333333333333333,1.0,0.8666666150093079,0.0,0.0,0.2,0.0,0.0,0.0,0.0,0.0,0.0,
0.2623360911485515,0.19387755102040816,1.0,1.0,1.0,1.0,1.0,1.0,1.0,1.0,0.0,0.0,0.0,0.0,0.0,0.0,0.0,0.0,1.0,5.0,1.0,1.0,1.0,1.0,1.0,9.0,1.0,1.0,1.0,1.0,
0.3268602252303068,0.0794392523364486,1.0,1.0,0.9999999999999998,1.0,0.0,0.0,0.15161960871578067,0.20634920634920634,1.0,6.0,1.0,1.0,1.0,1.0,1.0,1.0,0.0,0.0,0.0,0.0,0.0,0.0,0.14285714285714285,-3.0,0.6296296119689941,0.0,0.0,0.0,
0.24140227479263382,0.046153846153846156,1.0,1.0,0.9999999999999998,1.0,0.4743416490252569,0.16326530612244897,0.0,0.0,0.0,0.0,0.0,0.0,0.0,0.0,0.0,0.0,0.0,0.0,0.0,0.0,0.0,0.0,1.0,1.0,1.0,1.0,1.0,1.0,
0.31426968052735443,0.0594059405940594,0.0,0.0,0.0,0.0,1.0,1.0,0.0,0.0,0.0,0.0,0.0,0.0,0.0,0.0,0.0,0.0,0.0,0.0,0.0,0.0,0.0,0.0,1.0,9.0,1.0,1.0,1.0,1.0,
0.2668802563418119,0.07586206896551724,0.0,0.0,0.0,0.0,1.0,1.0,0.4364357804719848,0.5,0.0,0.0,0.0,0.0,0.0,0.0,0.06666666666666665,0.05625,0.0,0.0,0.0,0.0,0.0,0.0,1.0,1.0,1.0,1.0,1.0,1.0,
0.1913897505877382,0.10135135135135136,1.0,1.0,0.9999999999999998,1.0,0.0,0.0,1.0,1.0,0.0,0.0,0.0,0.0,0.0,0.0,1.0,1.0,1.0,1.0,1.0,1.0,1.0,1.0,1.0,1.0,1.0,1.0,1.0,1.0,
0.5873457699318846,0.1956521739130435,1.0,1.0,1.0,1.0,1.0,1.0,1.0,1.0,0.0,0.0,0.0,0.0,0.0,0.0,0.0,0.0,0.0,0.0,0.0,0.0,0.0,0.0,1.0,1.0,1.0,1.0,1.0,1.0,
0.7597371763975863,0.5990566037735849,1.0,1.0,1.0,1.0,0.0,0.0,0.31622776601683794,0.15555555555555556,1.0,1.0,1.0,1.0,1.0,1.0,1.0,1.0,0.0,0.0,0.0,0.0,0.0,0.0,0.0,0.0,0.0,0.0,0.0,0.0,
0.17857142857142858,0.07894736842105263,1.0,1.0,0.9999999999999998,1.0,0.0,0.0,0.0,0.18421052631578946,0.0,0.0,0.0,0.0,0.0,0.0,0.0,0.0,1.0,1.0,1.0,1.0,1.0,1.0,1.0,1.0,1.0,1.0,1.0,1.0,
0.13678822577626598,0.06206896551724138,0.0,0.0,0.0,0.0,0.0,0.0,0.3922322702763681,0.09803921568627451,1.0,6.0,1.0,1.0,1.0,1.0,0.7378647873726218,0.7857142857142857,0.3333333333333333,1.0,0.7333333492279053,0.0,0.0,0.2,1.0,1.0,1.0,1.0,1.0,1.0,
0.2342606428329091,0.05921052631578947,1.0,1.0,1.0000000000000002,1.0,0.0,0.0,0.5303300858899106,0.38235294117647056,1.0,1.0,1.0,1.0,1.0,1.0,0.0,0.0,0.0,0.0,0.0,0.0,0.0,0.0,1.0,9.0,1.0,1.0,1.0,1.0,
0.34918995107766476,0.09745762711864407,0.14285714285714285,0.7361111640930176,0.4999999999999999,0.25,0.5000000000000001,0.16666666666666666,0.0,0.0,0.0,0.0,0.0,0.0,0.0,0.0,1.0,1.0,1.0,1.0,1.0,1.0,1.0,1.0,0.0,0.0,0.0,0.0,0.0,0.0,
0.5031004351487782,0.12554112554112554,1.0,1.0,1.0000000000000002,1.0,0.0,0.0,0.0,0.0,0.0,0.0,0.0,0.0,0.0,0.0,0.0,0.0,0.0,0.0,0.0,0.0,0.0,0.0,0.0,0.0,0.0,0.0,0.0,0.0,
0.24602771043141888,0.16611295681063123,1.0,1.0,0.9999999999999998,1.0,1.0,1.0,1.0,1.0,0.0,0.0,0.0,0.0,0.0,0.0,0.0,0.0,0.0,0.0,0.0,0.0,0.0,0.0,1.0,9.0,1.0,1.0,1.0,1.0,
0.7868894753646336,0.5663716814159292,0.038461538461538464,0.7126436233520508,0.4472135954999579,0.07407407407407407,1.0,1.0,0.8123623944599232,0.45098039215686275,1.0,1.0,1.0,1.0,1.0,1.0,0.0778498944161523,0.04838709677419355,1.0,5.0,1.0,1.0,1.0,1.0,0.0,0.0,0.0,0.0,0.0,0.0,
0.3535533905932738,0.1206896551724138,0.0,0.0,0.0,0.0,0.0,0.0,1.0,1.0,1.0,6.0,1.0,1.0,1.0,1.0,0.0,0.0,0.0,0.0,0.0,0.0,0.0,0.0,0.0,0.0,0.0,0.0,0.0,0.0,
0.18938850476964256,0.06698564593301436,0.0,0.0,0.0,0.0,0.294174202707276,0.1095890410958904,0.0,0.0,1.0,1.0,1.0,1.0,1.0,1.0,0.0,0.0,0.0,0.0,0.0,0.0,0.0,0.0,0.0,0.0,0.0,0.0,0.0,0.0,
0.8741733835330447,0.5652173913043478,1.0,1.0,0.9999999999999998,1.0,0.0,0.0,0.33333333333333337,0.17391304347826086,1.0,1.0,1.0,1.0,1.0,1.0,0.09901475429766744,0.02158273381294964,0.3333333333333333,1.0,0.7333333492279053,0.0,0.0,0.2,0.0,0.0,0.0,0.0,0.0,0.0,
0.1237684428720843,0.06748466257668712,0.0,0.0,0.0,0.0,0.0,0.0,0.0,0.0,1.0,1.0,1.0,1.0,1.0,1.0,0.0,0.0,1.0,1.0,1.0,1.0,1.0,1.0,0.0,0.0,0.0,0.0,0.0,0.0,
0.2820380374088831,0.1647940074906367,0.0,0.0,0.0,0.0,0.0,0.0,1.0,1.0,0.0,0.0,0.0,0.0,0.0,0.0,1.0,1.0,0.0,0.0,0.0,0.0,0.0,0.0,1.0,9.0,1.0,1.0,1.0,1.0,
0.32714432804381227,0.1774193548387097,1.0,1.0,0.9999999999999998,1.0,0.0,0.0,0.5477225575051661,0.09615384615384616,1.0,1.0,1.0,1.0,1.0,1.0,0.0,0.0,1.0,1.0,1.0,1.0,1.0,1.0,0.0,0.0,0.0,0.0,0.0,0.0,
0.5,0.2601626016260163,1.0,1.0,0.9999999999999998,1.0,0.0,0.0,1.0,1.0,0.1,-12.0,0.42222222685813904,0.0,0.0,0.0,0.0,0.0,0.0,0.0,0.0,0.0,0.0,0.0,0.0,0.0,0.0,0.0,0.0,0.0,
0.31426968052735443,0.11683848797250859,1.0,1.0,1.0,1.0,0.0,0.0,0.0,0.0,1.0,6.0,1.0,1.0,1.0,1.0,0.0,0.0,1.0,1.0,1.0,1.0,1.0,1.0,0.0,0.0,0.0,0.0,0.0,0.0,
0.7244616763479587,0.5107296137339056,0.0,0.0,0.0,0.0,1.0,1.0,0.0,0.0,0.0,0.0,0.0,0.0,0.0,0.0,1.0,1.0,0.0,0.0,0.0,0.0,0.0,0.0,0.0,0.0,0.0,0.0,0.0,0.0,
0.3408993085853566,0.11538461538461539,0.0,0.0,0.0,0.0,0.0,0.0,0.0,0.0,0.0,0.0,0.0,0.0,0.0,0.0,0.0,0.0,0.0,0.0,0.0,0.0,0.0,0.0,0.0,0.0,0.0,0.0,0.0,0.0,
0.3061862178478973,0.17560975609756097,1.0,1.0,0.9999999999999998,1.0,0.0,0.0,0.0,0.0,0.0,0.0,0.0,0.0,0.0,0.0,0.0,0.0,1.0,1.0,1.0,1.0,1.0,1.0,0.0,0.0,0.0,0.0,0.0,0.0,
0.2539166875385041,0.11038961038961038,0.0,0.0,0.0,0.0,0.0,0.0,0.0,0.0,1.0,1.0,1.0,1.0,1.0,1.0,0.0,0.0,0.25,-1.0,0.5999999642372131,0.0,0.0,0.0,0.14285714285714285,-3.0,0.5555555820465088,0.0,0.0,0.0,
0.40089186286863654,0.26229508196721313,1.0,1.0,1.0,1.0,0.0,0.0,0.0,0.0,0.0,0.0,0.0,0.0,0.0,0.0,1.0000000000000002,1.0,1.0,5.0,1.0,1.0,1.0,1.0,1.0,8.0,1.0,1.0,1.0,1.0,
0.7715167498104596,0.6360153256704981,1.0,1.0,0.9999999999999998,1.0,1.0,1.0,0.0,0.0,1.0,1.0,1.0,1.0,1.0,1.0,1.0,1.0,1.0,1.0,1.0,1.0,1.0,1.0,1.0,9.0,1.0,1.0,1.0,1.0,
0.3478505426185217,0.1712707182320442,1.0,1.0,1.0,1.0,1.0,1.0,1.0,1.0,1.0,1.0,1.0,1.0,1.0,1.0,1.0,1.0,0.3333333333333333,1.0,0.8666666150093079,0.0,0.0,0.2,1.0,1.0,1.0,1.0,1.0,1.0,
0.50709255283711,0.3058823529411765,1.0,1.0,1.0,1.0,0.4472135954999579,0.08,1.0,1.0,0.0,0.0,0.0,0.0,0.0,0.0,0.6708203932499369,0.725,1.0,1.0,1.0,1.0,1.0,1.0,0.0,0.0,0.0,0.0,0.0,0.0,
0.3086066999241839,0.17307692307692307,1.0,1.0,1.0,1.0,0.0,0.0,0.0,0.0,1.0,6.0,1.0,1.0,1.0,1.0,0.9074852129730302,0.9178082191780822,1.0,1.0,1.0,1.0,1.0,1.0,0.0,0.0,0.0,0.0,0.0,0.0,
0.3223291856101521,0.12,0.0,0.0,0.0,0.0,0.0,0.0,0.0,0.0,1.0,1.0,1.0,1.0,1.0,1.0,0.0,0.0,0.0,0.0,0.0,0.0,0.0,0.0,0.0,0.0,0.0,0.0,0.0,0.0,
0.17407765595569785,0.06711409395973154,1.0,1.0,1.0,1.0,0.0,0.0,0.0,0.0,0.0,0.0,0.0,0.0,0.0,0.0,0.0,0.0,0.0,0.0,0.0,0.0,0.0,0.0,0.14285714285714285,-4.0,0.569444477558136,0.0,0.0,0.0,
0.3580733220904645,0.14965986394557823,0.0,0.0,0.0,0.0,1.0,1.0,1.0,1.0,1.0,1.0,1.0,1.0,1.0,1.0,1.0,1.0,1.0,1.0,1.0,1.0,1.0,1.0,0.0,0.0,0.0,0.0,0.0,0.0,
0.3913118960624632,0.21774193548387097,0.0,0.0,0.0,0.0,0.0,0.0,0.0,0.0,0.0,0.0,0.0,0.0,0.0,0.0,0.7559289460184544,0.8235294117647058,0.0,0.0,0.0,0.0,0.0,0.0,1.0,1.0,1.0,1.0,1.0,1.0,
0.39086797998528583,0.19047619047619047,0.0,0.0,0.0,0.0,0.0,0.0,1.0,1.0,0.0,0.0,0.0,0.0,0.0,0.0,0.0,0.024096385542168676,0.0,0.0,0.0,0.0,0.0,0.0,1.0,1.0,1.0,1.0,1.0,1.0,
0.2990668717675361,0.13953488372093023,0.1,0.8584724068641663,0.7378647873726218,0.6818181818181818,0.0,0.0,0.0,0.0,0.0,0.0,0.0,0.0,0.0,0.0,1.0,1.0,0.0,0.0,0.0,0.0,0.0,0.0,1.0,1.0,1.0,1.0,1.0,1.0,
0.3611575592573077,0.15789473684210525,0.0,0.0,0.0,0.0,0.6324555320336759,0.5769230769230769,0.0,0.0,0.0,0.0,0.0,0.0,0.0,0.0,0.0,0.0,0.0,0.0,0.0,0.0,0.0,0.0,0.0,0.0,0.0,0.0,0.0,0.0,
0.28931878117892235,0.1461794019933555,1.0,1.0,1.0,1.0,0.0,0.0,1.0,1.0,0.0,0.0,0.0,0.0,0.0,0.0,1.0,1.0,0.0,0.0,0.0,0.0,0.0,0.0,1.0,9.0,1.0,1.0,1.0,1.0,
0.7462988847080342,0.6462264150943396,1.0,1.0,0.9999999999999998,1.0,0.0,0.0,0.0,0.0,1.0,6.0,1.0,1.0,1.0,1.0,1.0,1.0,0.25,-1.0,0.5999999642372131,0.0,0.0,0.0,0.2,0.0,0.7268518805503845,0.0,0.0,0.08333333333333333,
0.3501338577435767,0.16292134831460675,1.0,1.0,1.0,1.0,0.0,0.0,0.0,0.0,1.0,1.0,1.0,1.0,1.0,1.0,0.4866642633922875,0.14204545454545456,0.3333333333333333,1.0,0.7333333492279053,0.0,0.0,0.0,1.0,1.0,1.0,1.0,1.0,1.0,
0.26352313834736496,0.18705035971223022,1.0,1.0,1.0,1.0,0.0,0.0,0.0,0.0,0.0,0.0,0.0,0.0,0.0,0.0,0.0,0.0,1.0,1.0,1.0,1.0,1.0,1.0,1.0,9.0,1.0,1.0,1.0,1.0,
0.25,0.10833333333333334,0.0,0.0,0.0,0.0,0.0,0.0,0.0,0.0,0.0,0.0,0.0,0.0,0.0,0.0,0.0,0.0,1.0,5.0,1.0,1.0,1.0,1.0,0.0,0.0,0.0,0.0,0.0,0.0,
0.2739983121755955,0.1452991452991453,1.0,1.0,1.0,1.0,0.4743416490252569,0.14285714285714285,1.0,1.0,1.0,1.0,1.0,1.0,1.0,1.0,0.0,0.0,0.25,-1.0,0.5999999642372131,0.0,0.0,0.0,0.14285714285714285,-4.0,0.569444477558136,0.0,0.0,0.0,
0.2819419372173005,0.15283842794759825,1.0,1.0,1.0,1.0,0.22360679774997896,0.23076923076923078,1.0,1.0,1.0,1.0,1.0,1.0,1.0,1.0,0.0,0.0,0.0,0.0,0.0,0.0,0.0,0.0,1.0,8.0,1.0,1.0,1.0,1.0,
0.3834824944236852,0.13,0.0,0.0,0.0,0.0,0.22360679774997896,0.23076923076923078,0.0,0.0,1.0,1.0,1.0,1.0,1.0,1.0,0.9999999999999998,1.0,0.0,0.0,0.0,0.0,0.0,0.0,1.0,8.0,1.0,1.0,1.0,1.0,
0.3429971702850177,0.13529411764705881,0.0,0.0,0.0,0.0,0.0,0.0,1.0,1.0,1.0,1.0,1.0,1.0,1.0,1.0,0.9999999999999998,1.0,0.0,0.0,0.0,0.0,0.0,0.0,0.0,0.0,0.0,0.0,0.0,0.0,
0.2804296287823901,0.04180064308681672,0.5,0.9583333134651184,0.6666666666666667,0.6470588235294118,0.0,0.0,0.0,0.0,0.0,0.0,0.0,0.0,0.0,0.0,0.0,0.0,0.0,0.0,0.0,0.0,0.0,0.0,0.0,0.0,0.0,0.0,0.0,0.0,
0.4573295603800235,0.5333333333333333,0.0,0.0,0.0,0.0,1.0,1.0,1.0,1.0,1.0,6.0,1.0,1.0,1.0,1.0,0.8179128813519699,0.7662337662337663,1.0,1.0,1.0,1.0,1.0,1.0,1.0,9.0,1.0,1.0,1.0,1.0,
0.25715142542972574,0.06741573033707865,0.0,0.0,0.0,0.0,0.0,0.0,0.0,0.0,1.0,1.0,1.0,1.0,1.0,1.0,0.0,0.0,0.0,0.0,0.0,0.0,0.0,0.0,0.0,0.0,0.0,0.0,0.0,0.0,
0.13917780012784423,0.058823529411764705,0.0,0.0,0.0,0.0,0.0,0.0,0.31622776601683794,0.15555555555555556,0.0,0.0,0.0,0.0,0.0,0.0,0.0,0.0,0.0,0.0,0.0,0.0,0.0,0.0,1.0,1.0,1.0,1.0,1.0,1.0,
0.6465935219596193,0.3548387096774194,1.0,1.0,1.0,1.0,1.0,1.0,0.20412414523193148,0.2708333333333333,0.0,0.0,0.0,0.0,0.0,0.0,0.0,0.0,0.0,0.0,0.0,0.0,0.0,0.0,1.0,1.0,1.0,1.0,1.0,1.0,
0.12838814775327384,0.04861111111111111,0.08333333333333333,0.8405796885490417,0.6324555320336759,0.5263157894736842,0.0,0.0,0.0,0.0,1.0,6.0,1.0,1.0,1.0,1.0,0.22360679774997896,0.25806451612903225,0.0,0.0,0.0,0.0,0.0,0.0,0.0,0.0,0.0,0.0,0.0,0.0,
0.14907119849998599,0.06666666666666667,1.0,1.0,1.0,1.0,0.0,0.0,0.4082482904638631,0.05555555555555555,0.0,0.0,0.0,0.0,0.0,0.0,0.0,0.018018018018018018,0.3333333333333333,1.0,0.7333333492279053,0.0,0.0,0.0,1.0,8.0,1.0,1.0,1.0,1.0,
0.3396831102433787,0.10599078341013825,0.0,0.0,0.0,0.0,1.0,1.0,0.0,0.0,0.0,0.0,0.0,0.0,0.0,0.0,0.0,0.0,1.0,1.0,1.0,1.0,1.0,1.0,0.0,0.0,0.0,0.0,0.0,0.0,
0.3708099243547831,0.14012738853503184,0.0,0.0,0.0,0.0,0.0,0.0,0.0,0.0,1.0,1.0,1.0,1.0,1.0,1.0,0.0,0.0,0.0,0.0,0.0,0.0,0.0,0.0,1.0,1.0,1.0,1.0,1.0,1.0,
0.4844813951249545,0.2023121387283237,1.0,1.0,1.0,1.0,0.0,0.0,1.0,1.0,0.3333333333333333,2.0,0.7777778506278992,0.0,0.0,0.0,0.0,0.0,0.5,3.0,0.8666666150093079,0.0,0.0,0.5,1.0,1.0,1.0,1.0,1.0,1.0,
0.2795084971874737,0.1111111111111111,0.0,0.0,0.0,0.0,0.6708203932499369,0.25806451612903225,1.0,1.0,1.0,6.0,1.0,1.0,1.0,1.0,0.7349684152591671,0.8024691358024691,0.0,0.0,0.0,0.0,0.0,0.0,1.0,1.0,1.0,1.0,1.0,1.0,
0.3143092785468561,0.10362694300518134,0.0,0.0,0.0,0.0,0.0,0.0,0.0,0.0,0.0,0.0,0.0,0.0,0.0,0.0,0.0,0.0,1.0,1.0,1.0,1.0,1.0,1.0,0.0,0.0,0.0,0.0,0.0,0.0,
0.44444444444444453,0.17073170731707318,0.0,0.0,0.0,0.0,1.0,1.0,0.31622776601683794,0.14285714285714285,1.0,6.0,1.0,1.0,1.0,1.0,0.0,0.017857142857142856,1.0,1.0,1.0,1.0,1.0,1.0,0.2,0.0,0.6666666865348816,0.0,0.0,0.09090909090909091,
0.35564337957950964,0.19727891156462585,0.0,0.0,0.0,0.0,0.5477225575051661,0.3111111111111111,0.0,0.0,0.0,0.0,0.0,0.0,0.0,0.0,0.0,0.0,1.0,5.0,1.0,1.0,1.0,1.0,1.0,9.0,1.0,1.0,1.0,1.0,
0.42592170096430154,0.17834394904458598,1.0,1.0,0.9999999999999998,1.0,1.0000000000000002,1.0,0.0,0.0,0.0,0.0,0.0,0.0,0.0,0.0,0.0,0.0,0.0,0.0,0.0,0.0,0.0,0.0,0.0,0.0,0.0,0.0,0.0,0.0,
0.5004345937369794,0.15492957746478872,0.0,0.0,0.0,0.0,0.0,0.0,0.20412414523193148,0.2708333333333333,1.0,1.0,1.0,1.0,1.0,1.0,0.2811127713994909,0.19,0.3333333333333333,1.0,0.7333333492279053,0.0,0.0,0.2,0.0,0.0,0.0,0.0,0.0,0.0,
0.2474873734152916,0.06132075471698113,0.0,0.0,0.0,0.0,0.0,0.0,0.0,0.0,1.0,6.0,1.0,1.0,1.0,1.0,0.0,0.0,0.25,-1.0,0.5999999642372131,0.0,0.0,0.0,1.0,1.0,1.0,1.0,1.0,1.0,
0.5773502691896257,0.38461538461538464,1.0,1.0,1.0,1.0,0.4472135954999579,0.17391304347826086,0.5163977794943222,0.3103448275862069,0.0,0.0,0.0,0.0,0.0,0.0,0.7882407813680822,0.8148148148148148,1.0,1.0,1.0,1.0,1.0,1.0,0.0,0.0,0.0,0.0,0.0,0.0,
0.2350255370339657,0.09446254071661238,0.0,0.0,0.0,0.0,0.0,0.0,0.0,0.0,1.0,1.0,1.0,1.0,1.0,1.0,1.0,1.0,0.0,0.0,0.0,0.0,0.0,0.0,0.0,0.0,0.0,0.0,0.0,0.0,
0.8704353265221132,0.576271186440678,0.0,0.0,0.0,0.0,1.0,1.0,0.0,0.0,0.0,0.0,0.0,0.0,0.0,0.0,0.0,0.0,1.0,1.0,1.0,1.0,1.0,1.0,0.0,0.0,0.0,0.0,0.0,0.0,
0.7082005278281702,0.2764227642276423,0.0,0.0,0.0,0.0,0.0,0.0,0.2773500981126146,0.045454545454545456,0.0,0.0,0.0,0.0,0.0,0.0,0.0,0.0,0.0,0.0,0.0,0.0,0.0,0.0,0.0,0.0,0.0,0.0,0.0,0.0,
0.1336306209562122,0.04411764705882353,1.0,1.0,1.0,1.0,0.5000000000000001,0.3157894736842105,0.0,0.0,0.0,0.0,0.0,0.0,0.0,0.0,0.7035264706814485,0.65625,1.0,1.0,1.0,1.0,1.0,1.0,0.5,7.0,0.9259259104728699,0.0,0.0,0.5555555555555556,
0.3785166493051126,0.2116788321167883,0.0,0.0,0.0,0.0,1.0,1.0,0.46829290579084704,0.13725490196078433,0.0,0.0,0.0,0.0,0.0,0.0,1.0,1.0,1.0,1.0,1.0,1.0,1.0,1.0,1.0,1.0,1.0,1.0,1.0,1.0,
0.5,0.3,1.0,1.0,0.9999999999999998,1.0,0.5962847939999439,0.40476190476190477,0.48507125007266594,0.1282051282051282,0.0,0.0,0.0,0.0,0.0,0.0,0.0,0.0,1.0,1.0,1.0,1.0,1.0,1.0,0.14285714285714285,-4.0,0.5833333134651184,0.0,0.0,0.0,
0.23756554836659946,0.1282051282051282,0.0,0.0,0.0,0.0,0.0,0.0,1.0,1.0,1.0,6.0,1.0,1.0,1.0,1.0,0.9999999999999998,1.0,0.0,0.0,0.0,0.0,0.0,0.0,0.0,0.0,0.0,0.0,0.0,0.0,
0.14638501094227999,0.0410958904109589,1.0,1.0,0.9999999999999998,1.0,0.5669467095138409,0.4838709677419355,0.0,0.0,0.0,0.0,0.0,0.0,0.0,0.0,0.0,0.0,0.3333333333333333,1.0,0.7333333492279053,0.0,0.0,0.2,0.0,0.0,0.0,0.0,0.0,0.0,
0.5763539780776888,0.13253012048192772,0.0,0.0,0.0,0.0,0.0,0.0,0.0,0.0,0.3333333333333333,2.0,0.7777778506278992,0.0,0.0,0.0,0.0,0.009615384615384616,0.25,-1.0,0.5999999642372131,0.0,0.0,0.0,1.0,1.0,1.0,1.0,1.0,1.0,
0.25,0.0625,0.0,0.0,0.0,0.0,1.0000000000000002,1.0,0.0,0.0,0.0,0.0,0.0,0.0,0.0,0.0,0.0,0.0,0.25,-1.0,0.5999999642372131,0.0,0.0,0.0,1.0,9.0,1.0,1.0,1.0,1.0,
0.3550234734023465,0.10884353741496598,1.0,1.0,1.0000000000000002,1.0,0.9999999999999998,1.0,0.0,0.0,0.0,0.0,0.0,0.0,0.0,0.0,0.0,0.0,0.5,3.0,0.8666666150093079,0.0,0.0,0.5,1.0,9.0,1.0,1.0,1.0,1.0,
0.6428571428571428,0.3979591836734694,1.0,1.0,1.0000000000000002,1.0,0.5714285714285714,0.4772727272727273,0.43301270189221935,0.34210526315789475,1.0,6.0,1.0,1.0,1.0,1.0,0.0,0.0,0.0,0.0,0.0,0.0,0.0,0.0,0.0,0.0,0.0,0.0,0.0,0.0,
0.5770175983068111,0.3352601156069364,0.0,0.0,0.0,0.0,0.06286946134619316,0.06,0.0,0.0,0.0,0.0,0.0,0.0,0.0,0.0,0.0,0.0,0.3333333333333333,1.0,0.8666666150093079,0.0,0.0,0.2,0.0,0.0,0.0,0.0,0.0,0.0,
0.5850457084815325,0.2994011976047904,1.0,1.0,1.0,1.0,1.0,1.0,1.0,1.0,1.0,6.0,1.0,1.0,1.0,1.0,1.0,1.0,1.0,5.0,1.0,1.0,1.0,1.0,1.0,1.0,1.0,1.0,1.0,1.0,
0.6240896334821995,0.1925925925925926,0.0,0.0,0.0,0.0,0.9999999999999998,1.0,0.0,0.0,0.0,0.0,0.0,0.0,0.0,0.0,1.0,1.0,1.0,5.0,1.0,1.0,1.0,1.0,0.0,0.0,0.0,0.0,0.0,0.0,
0.24174688920761409,0.0776255707762557,0.0,0.0,0.0,0.0,0.0,0.0,0.0,0.0,0.0,0.0,0.0,0.0,0.0,0.0,1.0,1.0,0.0,0.0,0.0,0.0,0.0,0.0,0.25,3.0,0.8518518805503845,0.0,0.0,0.4,
0.32444284226152503,0.1595744680851064,0.0,0.0,0.0,0.0,0.3779644730092272,0.39285714285714285,0.0,0.0,0.0,0.0,0.0,0.0,0.0,0.0,0.0,0.0,0.0,0.0,0.0,0.0,0.0,0.0,0.0,0.0,0.0,0.0,0.0,0.0,
0.37219368415938836,0.09734513274336283,0.0,0.0,0.0,0.0,0.0,0.0,1.0,1.0,0.0,0.0,0.0,0.0,0.0,0.0,0.8153742483272114,0.8875,0.25,-1.0,0.5999999642372131,0.0,0.0,0.0,0.0,0.0,0.0,0.0,0.0,0.0,
0.3528251645047713,0.147239263803681,0.0,0.0,0.0,0.0,0.0,0.0,0.0,0.0,1.0,1.0,1.0,1.0,1.0,1.0,0.0,0.0,1.0,1.0,1.0,1.0,1.0,1.0,1.0,1.0,1.0,1.0,1.0,1.0,
0.44095855184409843,0.20967741935483872,0.0,0.0,0.0,0.0,0.7071067811865476,0.3076923076923077,1.0,1.0,1.0,6.0,1.0,1.0,1.0,1.0,0.0,0.0,0.0,0.0,0.0,0.0,0.0,0.0,0.0,0.0,0.0,0.0,0.0,0.0,
0.3273268353539886,0.1,0.0,0.0,0.0,0.0,0.8249579113843055,0.5909090909090909,0.0,0.0,0.0,0.0,0.0,0.0,0.0,0.0,0.0,0.0,0.0,0.0,0.0,0.0,0.0,0.0,1.0,1.0,1.0,1.0,1.0,1.0,
0.8864052604279183,0.8656716417910447,1.0,1.0,1.0,1.0,1.0,1.0,0.25197631533948484,0.3611111111111111,1.0,6.0,1.0,1.0,1.0,1.0,0.0,0.0,0.0,0.0,0.0,0.0,0.0,0.0,1.0,9.0,1.0,1.0,1.0,1.0,
0.2704813730373557,0.1652542372881356,1.0,1.0,1.0,1.0,0.22360679774997896,0.23076923076923078,1.0,1.0,0.0,0.0,0.0,0.0,0.0,0.0,0.0,0.0,0.0,0.0,0.0,0.0,0.0,0.0,0.0,0.0,0.0,0.0,0.0,0.0,
0.5078333750770082,0.20408163265306123,1.0,1.0,1.0,1.0,0.0,0.0,0.0,0.0,0.0,0.0,0.0,0.0,0.0,0.0,0.0,0.0,1.0,1.0,1.0,1.0,1.0,1.0,0.0,0.0,0.0,0.0,0.0,0.0,
0.17701588297094847,0.12727272727272726,0.03571428571428571,0.7388212084770203,0.3849001794597505,0.23255813953488372,0.0,0.0,1.0,1.0,0.0,0.0,0.0,0.0,0.0,0.0,0.0,0.0,0.0,0.0,0.0,0.0,0.0,0.0,0.0,0.0,0.0,0.0,0.0,0.0,
0.33601075251612356,0.10666666666666667,1.0,1.0,1.0,1.0,0.5393598899705937,0.2916666666666667,0.0,0.0,0.3333333333333333,2.0,0.7777778506278992,0.0,0.0,0.0,0.0,0.0,0.25,-1.0,0.7333333492279053,0.0,0.0,0.0,0.0,0.0,0.0,0.0,0.0,0.0,
0.5144538430201883,0.2689075630252101,1.0,1.0,1.0,1.0,1.0,1.0,0.0,0.0,0.0,0.0,0.0,0.0,0.0,0.0,0.0,0.0,0.25,-1.0,0.5999999642372131,0.0,0.0,0.0,1.0,9.0,1.0,1.0,1.0,1.0,
0.28867513459481287,0.12550607287449392,0.0,0.0,0.0,0.0,0.7071067811865476,0.5454545454545454,0.0,0.0,0.0,0.0,0.0,0.0,0.0,0.0,1.0,1.0,0.0,0.0,0.0,0.0,0.0,0.0,1.0,1.0,1.0,1.0,1.0,1.0,
0.6381792281739724,0.42567567567567566,1.0,1.0,1.0,1.0,0.0,0.0,1.0,1.0,1.0,6.0,1.0,1.0,1.0,1.0,1.0,1.0,0.5,3.0,0.8666666150093079,0.0,0.0,0.5,1.0,1.0,1.0,1.0,1.0,1.0,
0.5691103932244722,0.18848167539267016,0.0,0.0,0.0,0.0,1.0,1.0,0.0,0.0,0.1,-12.0,0.42222222685813904,0.0,0.0,0.0,1.0,1.0,0.0,0.0,0.0,0.0,0.0,0.0,0.0,0.0,0.0,0.0,0.0,0.0,
0.2869368599152862,0.1383399209486166,0.0,0.0,0.0,0.0,0.0,0.0,1.0,1.0,0.0,0.0,0.0,0.0,0.0,0.0,0.0,0.0,0.0,0.0,0.0,0.0,0.0,0.0,1.0,9.0,1.0,1.0,1.0,1.0,
0.4595037486404902,0.18543046357615894,1.0,1.0,1.0,1.0,1.0,1.0,0.0,0.0,0.0,0.0,0.0,0.0,0.0,0.0,0.0,0.0,1.0,1.0,1.0,1.0,1.0,1.0,1.0,1.0,1.0,1.0,1.0,1.0,
0.3230291412348993,0.09090909090909091,1.0,1.0,0.9999999999999998,1.0,0.0,0.0,0.0,0.0,1.0,1.0,1.0,1.0,1.0,1.0,0.0,0.0,0.0,0.0,0.0,0.0,0.0,0.0,0.0,0.0,0.0,0.0,0.0,0.0,
0.42905816516051654,0.192090395480226,1.0,1.0,1.0000000000000002,1.0,0.0,0.0,0.43301270189221935,0.34210526315789475,1.0,1.0,1.0,1.0,1.0,1.0,0.0,0.0,0.0,0.0,0.0,0.0,0.0,0.0,0.0,0.0,0.0,0.0,0.0,0.0,
0.38235955645093633,0.19808306709265175,1.0,1.0,1.0,1.0,0.8944271909999159,0.5833333333333334,1.0,1.0,1.0,6.0,1.0,1.0,1.0,1.0,1.0,1.0,0.5,3.0,0.8666666150093079,0.0,0.0,0.5,1.0,1.0,1.0,1.0,1.0,1.0,
0.3721042037676254,0.11764705882352941,0.0,0.0,0.0,0.0,1.0,1.0,0.0,0.0,1.0,1.0,1.0,1.0,1.0,1.0,0.8889859687484267,0.7364341085271318,1.0,1.0,1.0,1.0,1.0,1.0,0.0,0.0,0.0,0.0,0.0,0.0,
0.4359594087304528,0.11343283582089553,1.0,1.0,1.0,1.0,0.0,0.0,0.0,0.0,0.0,0.0,0.0,0.0,0.0,0.0,0.0,0.0,0.25,-1.0,0.7333333492279053,0.0,0.0,0.0,1.0,1.0,1.0,1.0,1.0,1.0,
0.3204275219007316,0.13043478260869565,1.0,1.0,0.9999999999999998,1.0,1.0,1.0,1.0,1.0,1.0,6.0,1.0,1.0,1.0,1.0,0.0,0.0,1.0,1.0,1.0,1.0,1.0,1.0,0.0,0.0,0.0,0.0,0.0,0.0,
0.1632993161855452,0.14736842105263157,0.0,0.0,0.0,0.0,0.0,0.0,0.0,0.0,0.0,0.0,0.0,0.0,0.0,0.0,0.0,0.0,0.5,3.0,0.8666666150093079,0.0,0.0,0.5,1.0,9.0,1.0,1.0,1.0,1.0,
0.2773500981126146,0.1044776119402985,0.0,0.0,0.0,0.0,0.0,0.0,0.0,0.0,0.3333333333333333,2.0,0.7777778506278992,0.0,0.0,0.0,0.0,0.0,0.25,-1.0,0.7333333492279053,0.0,0.0,0.0,1.0,1.0,1.0,1.0,1.0,1.0,
0.39936153191543583,0.14814814814814814,0.5,0.9583333134651184,0.6666666666666667,0.6470588235294118,0.5443310539518174,0.5294117647058824,0.09759000729485333,0.21818181818181817,1.0,1.0,1.0,1.0,1.0,1.0,0.0,0.0,0.0,0.0,0.0,0.0,0.0,0.0,0.0,0.0,0.0,0.0,0.0,0.0,
0.4225771273642583,0.23776223776223776,0.0,0.0,0.0,0.0,0.0,0.0,1.0,1.0,1.0,1.0,1.0,1.0,1.0,1.0,0.4866642633922875,0.14204545454545456,0.25,-1.0,0.7333333492279053,0.0,0.0,0.0,1.0,9.0,1.0,1.0,1.0,1.0,
0.2631174057921088,0.08247422680412371,0.0,0.0,0.0,0.0,0.1543033499620919,0.09090909090909091,0.4082482904638631,0.05263157894736842,0.0,0.0,0.0,0.0,0.0,0.0,0.9539590550898286,0.9313725490196079,0.0,0.0,0.0,0.0,0.0,0.0,0.0,0.0,0.0,0.0,0.0,0.0,
0.21926450482675733,0.10638297872340426,1.0,1.0,1.0,1.0,0.0,0.0,0.0,0.0,1.0,6.0,1.0,1.0,1.0,1.0,0.0,0.0,0.3333333333333333,1.0,0.7333333492279053,0.0,0.0,0.0,0.16666666666666666,-1.0,0.6296296119689941,0.0,0.0,0.0,
0.6068350455470511,0.4330708661417323,1.0,1.0,1.0,1.0,1.0,1.0,1.0,1.0,1.0,1.0,1.0,1.0,1.0,1.0,0.0,0.05714285714285714,1.0,1.0,1.0,1.0,1.0,1.0,1.0,1.0,1.0,1.0,1.0,1.0,
0.4290639352898922,0.1388888888888889,1.0,1.0,0.9999999999999998,1.0,1.0,1.0,0.0,0.0,0.0,0.0,0.0,0.0,0.0,0.0,0.0,0.0,0.3333333333333333,1.0,0.7333333492279053,0.0,0.0,0.2,1.0,1.0,1.0,1.0,1.0,1.0,
0.326033995706936,0.2518796992481203,0.0,0.0,0.0,0.0,1.0,1.0,1.0,1.0,1.0,6.0,1.0,1.0,1.0,1.0,0.0,0.0,1.0,5.0,1.0,1.0,1.0,1.0,1.0,1.0,1.0,1.0,1.0,1.0,
0.29957234475763905,0.21666666666666667,0.0,0.0,0.0,0.0,1.0,1.0,0.47628967220784024,0.375,0.0,0.0,0.0,0.0,0.0,0.0,1.0,1.0,1.0,1.0,1.0,1.0,1.0,1.0,1.0,9.0,1.0,1.0,1.0,1.0,
0.3698977214370539,0.12299465240641712,1.0,1.0,1.0,1.0,0.4082482904638631,0.14285714285714285,0.0,0.0,0.0,0.0,0.0,0.0,0.0,0.0,0.0,0.0,0.0,0.0,0.0,0.0,0.0,0.0,0.16666666666666666,-1.0,0.7037037014961243,0.0,0.0,0.0,
0.3611575592573077,0.18452380952380953,0.0,0.0,0.0,0.0,0.0,0.0,0.0,0.0,1.0,6.0,1.0,1.0,1.0,1.0,1.0,1.0,0.0,0.0,0.0,0.0,0.0,0.0,0.0,0.0,0.0,0.0,0.0,0.0,
0.30860669992418377,0.12413793103448276,0.0,0.0,0.0,0.0,1.0,1.0,0.3202563076101743,0.41935483870967744,0.0,0.0,0.0,0.0,0.0,0.0,0.0,0.0,1.0,1.0,1.0,1.0,1.0,1.0,1.0,1.0,1.0,1.0,1.0,1.0,
0.16724840200141816,0.15476190476190477,1.0,1.0,1.0,1.0,0.6324555320336759,0.35,0.0,0.0,1.0,6.0,1.0,1.0,1.0,1.0,1.0,1.0,0.0,0.0,0.0,0.0,0.0,0.0,1.0,8.0,1.0,1.0,1.0,1.0,
0.4568321925761286,0.12883435582822086,0.0,0.0,0.0,0.0,1.0,1.0,0.0,0.0,0.0,0.0,0.0,0.0,0.0,0.0,0.08944271909999159,0.06930693069306931,1.0,1.0,1.0,1.0,1.0,1.0,0.0,0.0,0.0,0.0,0.0,0.0,
0.5381382351970501,0.41284403669724773,0.0,0.0,0.0,0.0,0.5,0.07142857142857142,0.5303300858899106,0.38235294117647056,0.0,0.0,0.0,0.0,0.0,0.0,1.0,1.0,0.3333333333333333,1.0,0.7333333492279053,0.0,0.0,0.0,0.0,0.0,0.0,0.0,0.0,0.0,
0.4193139346887673,0.22549019607843138,1.0,1.0,1.0,1.0,1.0,1.0,0.0,0.0,1.0,6.0,1.0,1.0,1.0,1.0,0.0,0.0,0.0,0.0,0.0,0.0,0.0,0.0,0.0,0.0,0.0,0.0,0.0,0.0,
0.12403473458920847,0.021505376344086023,0.0,0.0,0.0,0.0,0.6761234037828131,0.5217391304347826,0.0,0.0,0.0,0.0,0.0,0.0,0.0,0.0,0.0,0.0,1.0,1.0,1.0,1.0,1.0,1.0,0.0,0.0,0.0,0.0,0.0,0.0,
0.3464101615137755,0.08270676691729323,1.0,1.0,0.9999999999999998,1.0,0.0,0.0,0.0,0.0,0.0,0.0,0.0,0.0,0.0,0.0,0.0,0.013888888888888888,0.3333333333333333,1.0,0.7333333492279053,0.0,0.0,0.0,0.0,0.0,0.0,0.0,0.0,0.0,
0.5352643613280604,0.35064935064935066,1.0,1.0,1.0,1.0,1.0,1.0,0.0,0.0,1.0,1.0,1.0,1.0,1.0,1.0,0.0,0.0,0.0,0.0,0.0,0.0,0.0,0.0,0.0,0.0,0.0,0.0,0.0,0.0,
0.5103103630798288,0.1411764705882353,0.14285714285714285,0.7361111640930176,0.4999999999999999,0.25,0.0,0.0,1.0,1.0,0.0,0.0,0.0,0.0,0.0,0.0,0.0,0.009615384615384616,0.25,-1.0,0.7333333492279053,0.0,0.0,0.0,1.0,1.0,1.0,1.0,1.0,1.0,
0.5459208336840117,0.3014705882352941,1.0,1.0,1.0,1.0,0.0,0.0,0.0,0.0,0.0,0.0,0.0,0.0,0.0,0.0,0.0,0.0,1.0,1.0,1.0,1.0,1.0,1.0,1.0,1.0,1.0,1.0,1.0,1.0,
0.2993924754260479,0.06701030927835051,0.0,0.0,0.0,0.0,1.0000000000000002,1.0,0.0,0.0,1.0,6.0,1.0,1.0,1.0,1.0,0.0,0.0,0.25,-1.0,0.7833333015441895,0.0,0.0,0.0,1.0,9.0,1.0,1.0,1.0,1.0,
0.3079201435678004,0.12380952380952381,1.0,1.0,1.0,1.0,0.0,0.0,0.33333333333333337,0.17391304347826086,0.0,0.0,0.0,0.0,0.0,0.0,0.0,0.0,1.0,1.0,1.0,1.0,1.0,1.0,0.0,0.0,0.0,0.0,0.0,0.0,
0.3380617018914066,0.09278350515463918,1.0,1.0,0.9999999999999998,1.0,0.7071067811865475,0.5142857142857142,0.0,0.0,0.3333333333333333,2.0,0.7777778506278992,0.0,0.0,0.0,0.0,0.014492753623188406,0.0,0.0,0.0,0.0,0.0,0.0,1.0,9.0,1.0,1.0,1.0,1.0,
0.3875851160999635,0.2017167381974249,1.0,1.0,1.0,1.0,0.30618621784789724,0.1232876712328767,1.0,1.0,1.0,6.0,1.0,1.0,1.0,1.0,1.0,1.0,0.0,0.0,0.0,0.0,0.0,0.0,0.2,0.0,0.7268518805503845,0.0,0.0,0.08333333333333333,
0.41736500618415145,0.15384615384615385,0.0,0.0,0.0,0.0,1.0,1.0,0.0,0.0,1.0,1.0,1.0,1.0,1.0,1.0,0.0,0.0,0.0,0.0,0.0,0.0,0.0,0.0,0.16666666666666666,-1.0,0.6296296119689941,0.0,0.0,0.0,
0.50709255283711,0.22058823529411764,1.0,1.0,1.0,1.0,0.0,0.0,0.0,0.0,1.0,1.0,1.0,1.0,1.0,1.0,1.0,1.0,0.0,0.0,0.0,0.0,0.0,0.0,0.0,0.0,0.0,0.0,0.0,0.0,
0.20203050891044216,0.0660377358490566,1.0,1.0,0.9999999999999998,1.0,0.0,0.0,0.0,0.0,0.0,0.0,0.0,0.0,0.0,0.0,0.0,0.0,1.0,1.0,1.0,1.0,1.0,1.0,1.0,8.0,1.0,1.0,1.0,1.0,
0.31778324891958293,0.1422924901185771,0.0,0.0,0.0,0.0,1.0,1.0,0.0,0.0,1.0,1.0,1.0,1.0,1.0,1.0,1.0,1.0,0.0,0.0,0.0,0.0,0.0,0.0,0.0,0.0,0.0,0.0,0.0,0.0,
0.320844473959874,0.13538461538461538,1.0,1.0,0.9999999999999998,1.0,1.0,1.0,1.0,1.0,1.0,1.0,1.0,1.0,1.0,1.0,0.0,0.0,1.0,1.0,1.0,1.0,1.0,1.0,0.0,0.0,0.0,0.0,0.0,0.0,
0.21281413268968719,0.05232558139534884,1.0,1.0,1.0,1.0,1.0,1.0,0.0,0.0,0.3333333333333333,2.0,0.7777778506278992,0.0,0.0,0.0,0.0,0.0,0.3333333333333333,1.0,0.8666666150093079,0.0,0.0,0.2,1.0,1.0,1.0,1.0,1.0,1.0,
0.35337091141177956,0.2289855072463768,1.0,1.0,1.0,1.0,0.7302967433402214,0.5483870967741935,0.0,0.0,1.0,6.0,1.0,1.0,1.0,1.0,1.0,1.0,0.0,0.0,0.0,0.0,0.0,0.0,0.14285714285714285,-3.0,0.5555555820465088,0.0,0.0,0.0,
0.5361109642475097,0.2922077922077922,1.0,1.0,1.0,1.0,0.7715167498104595,0.7037037037037037,0.0,0.0,0.1,-12.0,0.42222222685813904,0.0,0.0,0.0,1.0,1.0,0.0,0.0,0.0,0.0,0.0,0.0,1.0,1.0,1.0,1.0,1.0,1.0,
0.52,0.20408163265306123,0.0,0.0,0.0,0.0,1.0,1.0,0.0,0.0,0.3333333333333333,2.0,0.7777778506278992,0.0,0.0,0.0,0.3651483716701107,0.45161290322580644,1.0,1.0,1.0,1.0,1.0,1.0,0.0,0.0,0.0,0.0,0.0,0.0,
0.3217447260438935,0.11666666666666667,0.0,0.0,0.0,0.0,0.0,0.0,0.0,0.0,0.3333333333333333,2.0,0.7777778506278992,0.0,0.0,0.0,0.0,0.0,0.0,0.0,0.0,0.0,0.0,0.0,0.0,0.0,0.0,0.0,0.0,0.0,
0.23354968324845687,0.1125,0.1111111111111111,0.8333333134651184,0.5773502691896258,0.42857142857142855,0.0,0.0,0.0,0.0,0.0,0.0,0.0,0.0,0.0,0.0,0.7352146220938077,0.4666666666666667,1.0,1.0,1.0,1.0,1.0,1.0,0.0,0.0,0.0,0.0,0.0,0.0,
0.43164102394005155,0.08583690987124463,0.0,0.0,0.0,0.0,0.0,0.0,0.0,0.0,0.0,0.0,0.0,0.0,0.0,0.0,1.0,1.0,0.0,0.0,0.0,0.0,0.0,0.0,0.16666666666666666,-1.0,0.6296296119689941,0.0,0.0,0.0,
0.33333333333333337,0.09740259740259741,0.0,0.0,0.0,0.0,0.23570226039551587,0.1,0.0,0.0,1.0,1.0,1.0,1.0,1.0,1.0,0.0,0.0,1.0,1.0,1.0,1.0,1.0,1.0,0.2,0.0,0.6666666865348816,0.0,0.0,0.09090909090909091,
0.32780503405359296,0.10160427807486631,0.0,0.0,0.0,0.0,0.7905694150420948,0.6428571428571429,0.0,0.0,0.1,-12.0,0.42222222685813904,0.0,0.0,0.0,1.0,1.0,0.3333333333333333,1.0,0.7333333492279053,0.0,0.0,0.0,0.0,0.0,0.0,0.0,0.0,0.0,
0.4178554470186725,0.19411764705882353,1.0,1.0,1.0,1.0,0.3535533905932738,0.16363636363636364,0.0,0.0,0.0,0.0,0.0,0.0,0.0,0.0,1.0,1.0,0.0,0.0,0.0,0.0,0.0,0.0,0.0,0.0,0.0,0.0,0.0,0.0,
0.5009794328681195,0.2857142857142857,0.0,0.0,0.0,0.0,1.0,1.0,0.1690308509457033,0.015151515151515152,0.0,0.0,0.0,0.0,0.0,0.0,0.0,0.0,1.0,1.0,1.0,1.0,1.0,1.0,0.0,0.0,0.0,0.0,0.0,0.0,
0.1460871774476944,0.1,1.0,1.0,0.9999999999999998,1.0,0.0,0.0,1.0,1.0,0.0,0.0,0.0,0.0,0.0,0.0,0.0,0.0,0.25,-1.0,0.5999999642372131,0.0,0.0,0.0,0.0,0.0,0.0,0.0,0.0,0.0,
0.5826856325833838,0.3779527559055118,1.0,1.0,1.0,1.0,0.0,0.0,0.0,0.0,0.0,0.0,0.0,0.0,0.0,0.0,0.0,0.0,0.0,0.0,0.0,0.0,0.0,0.0,0.0,0.0,0.0,0.0,0.0,0.0,
0.5085133809309825,0.25280898876404495,0.0,0.0,0.0,0.0,1.0,1.0,0.0,0.0,1.0,1.0,1.0,1.0,1.0,1.0,0.0,0.0072992700729927005,0.0,0.0,0.0,0.0,0.0,0.0,0.0,0.0,0.0,0.0,0.0,0.0,
0.42931511634415537,0.12345679012345678,1.0,1.0,0.9999999999999998,1.0,1.0,1.0,0.0,0.0,0.0,0.0,0.0,0.0,0.0,0.0,0.0,0.0,0.0,0.0,0.0,0.0,0.0,0.0,1.0,1.0,1.0,1.0,1.0,1.0,
0.25660011963983365,0.125,0.0,0.0,0.0,0.0,0.0,0.0,0.34299717028501764,0.030303030303030304,0.0,0.0,0.0,0.0,0.0,0.0,0.0,0.0,1.0,1.0,1.0,1.0,1.0,1.0,0.0,0.0,0.0,0.0,0.0,0.0,
0.22360679774997896,0.11842105263157894,0.125,0.7606837749481201,0.4999999999999999,0.23529411764705882,0.0,0.0,0.8436614877321075,0.2692307692307692,0.5,4.0,0.8888888359069824,0.0,0.0,0.14285714285714285,0.0,0.021739130434782608,1.0,1.0,1.0,1.0,1.0,1.0,0.0,0.0,0.0,0.0,0.0,0.0,
