3.6,1.4839850002884625,NaN,1420.8,5.0,1.8917325948008237,NaN,16904.5
51.0,4.0675487370327215,0.053711012386388826,851.8,51.0,4.0675487370327215,0.053711012386388826,851.8
15.7,3.269131029257499,0.049255802452733394,0.0,15.7,3.269131029257499,0.049255802452733394,0.0
6.1,2.0964708777384002,NaN,0.0,6.1,2.0964708777384002,NaN,0.0
8.7,2.7896289015108877,NaN,22184.35,8.7,2.7896289015108877,NaN,22184.35
4.4,1.6543251548668045,NaN,103.1,4.4,1.6543251548668045,NaN,103.1
2.0,1.0,NaN,66.78571428571429,5.0,2.036213809173077,NaN,15984.42857142857
60.92857142857143,4.172188875747875,0.060914495863475436,613.3714285714284,60.92857142857143,4.172188875747875,0.060914495863475436,613.3714285714284
21.285714285714285,3.327988667590009,0.05505135387488329,0.0,21.285714285714285,3.327988667590009,0.05505135387488329,0.0
7.857142857142857,2.7581935602939436,0.030612244897959173,0.0,7.857142857142857,2.7581935602939436,0.030612244897959173,0.0
8.142857142857142,2.4370914963481165,NaN,71157.92857142857,8.142857142857142,2.4370914963481165,NaN,71157.92857142857
4.571428571428571,1.5377080568262198,NaN,62.82142857142857,4.571428571428571,1.5377080568262198,NaN,62.82142857142857
3.9,1.8501629167387823,NaN,2039.4,5.0,2.1192814698224582,NaN,16484.35
51.7,4.065704607769729,0.055439262072058106,339.7875,51.7,4.065704607769729,0.055439262072058106,339.7875
14.15,3.0755858278400128,0.040636500754147806,0.15,14.15,3.0755858278400128,0.040636500754147806,0.15
7.3,2.6777966370448083,0.02538961038961039,0.0,7.3,2.6777966370448083,0.02538961038961039,0.0
8.3,2.5089248415984087,NaN,1.36518629525E8,8.3,2.5089248415984087,NaN,1.36518629525E8
4.85,1.8051992716747847,NaN,423.9,4.85,1.8051992716747847,NaN,423.9
3.526315789473684,1.4689091560148877,NaN,1049.842105263158,4.684210526315789,1.880741459637001,NaN,11649.894736842105
55.31578947368421,4.037344029740653,0.057485876033013986,2868.3070175438593,55.31578947368421,4.037344029740653,0.057485876033013986,2868.3070175438593
19.210526315789473,3.466600814761592,0.053649243773082785,0.47368421052631576,19.210526315789473,3.466600814761592,0.053649243773082785,0.47368421052631576
7.315789473684211,2.436425285588379,NaN,0.0,7.315789473684211,2.436425285588379,NaN,0.0
7.578947368421052,2.3948361932356104,NaN,23673.350877192985,7.578947368421052,2.3948361932356104,NaN,23673.350877192985
4.947368421052632,1.7722683422947074,NaN,718.1315789473684,4.947368421052632,1.7722683422947074,NaN,718.1315789473684
2.057142857142857,0.8575152382600738,NaN,133.11428571428573,4.6571428571428575,1.9326461460138802,NaN,12628.6
53.285714285714285,4.046267537106586,0.057657150088874176,6715.521428571427,53.285714285714285,4.046267537106586,0.057657150088874176,6715.521428571427
18.885714285714286,3.3663270270624452,0.05401436472024708,0.08571428571428572,18.885714285714286,3.3663270270624452,0.05401436472024708,0.08571428571428572
6.171428571428572,2.3410487963803566,0.017759383473669187,0.0,6.171428571428572,2.3410487963803566,0.017759383473669187,0.0
6.942857142857143,2.4215255270419913,NaN,21821.342857142856,6.942857142857143,2.4215255270419913,NaN,21821.342857142856
5.314285714285714,2.02250836125432,NaN,453.8,5.314285714285714,2.02250836125432,NaN,453.8
3.8947368421052633,1.8241524945792218,NaN,1613.8157894736842,4.7368421052631575,1.9965901132892179,NaN,13355.631578947368
60.10526315789474,4.096487093690369,0.05493580613084012,236.66848370927323,60.10526315789474,4.096487093690369,0.05493580613084012,236.66848370927323
17.07894736842105,3.2354223264338433,0.05031519220373709,0.23684210526315788,17.07894736842105,3.2354223264338433,0.05031519220373709,0.23684210526315788
7.105263157894737,2.5028084358618625,NaN,0.0,7.105263157894737,2.5028084358618625,NaN,0.0
7.157894736842105,2.3603837876929448,NaN,4.79289834122807E7,7.157894736842105,2.3603837876929448,NaN,4.79289834122807E7
5.0,1.794375467344618,NaN,403.2631578947368,5.0,1.794375467344618,NaN,403.2631578947368
3.5040214477211795,1.519022524846973,NaN,1267.161126005362,4.131099195710456,1.7043722412068527,NaN,7572.593565683646
55.4597855227882,4.062468035798454,0.05796690850823871,72138.98857950568,55.4597855227882,4.062468035798454,0.05796690850823871,72138.98857950568
16.288739946380698,3.2516424829312665,0.04945831384029884,0.19463806970509384,16.288739946380698,3.2516424829312665,0.04945831384029884,0.19463806970509384
6.88230563002681,2.4199865763594937,NaN,0.1777479892761394,6.88230563002681,2.4199865763594937,NaN,0.1777479892761394
8.057372654155497,2.4639823943274735,NaN,4509384.253538874,8.057372654155497,2.4639823943274735,NaN,4509384.253538874
4.915817694369974,1.8565690247491815,NaN,407.18002680965145,4.915817694369974,1.8565690247491815,NaN,407.18002680965145
4.0,1.6014097655573916,NaN,1954.0,4.0,1.75,NaN,5645.25
46.5,3.9526504272745853,0.05896277689866787,825.7604166666666,46.5,3.9526504272745853,0.05896277689866787,825.7604166666666
17.25,3.3633716439247334,0.057977357609710546,0.375,17.25,3.3633716439247334,0.057977357609710546,0.375
5.5,1.9113619616162352,0.1064484126984127,0.0,5.5,1.9113619616162352,0.1064484126984127,0.0
7.25,2.692428993416141,NaN,16173.541666666666,7.25,2.692428993416141,NaN,16173.541666666666
4.875,1.8969084871957884,NaN,523.625,4.875,1.8969084871957884,NaN,523.625
3.0,1.362740278498934,NaN,652.3333333333334,5.0,2.188594761554029,NaN,16046.333333333334
50.666666666666664,4.158013746869924,0.04691079704922452,138.33333333333334,50.666666666666664,4.158013746869924,0.04691079704922452,138.33333333333334
15.666666666666666,3.3847406486880836,0.015555555555555557,0.0,15.666666666666666,3.3847406486880836,0.015555555555555557,0.0
0.0,0.0,NaN,0.0,0.0,0.0,NaN,0.0
2.3333333333333335,0.7453087835430109,NaN,5104.333333333333,2.3333333333333335,0.7453087835430109,NaN,5104.333333333333
4.0,1.7479520632582417,NaN,49.166666666666664,4.0,1.7479520632582417,NaN,49.166666666666664
3.0,1.481514224859089,NaN,618.8189655172414,5.0,2.00455188793113,NaN,15350.706896551725
56.44827586206897,4.061071251851829,0.05755212788363159,896.856609195402,56.44827586206897,4.061071251851829,0.05755212788363159,896.856609195402
15.620689655172415,3.2072812340393577,0.05545607986784453,0.28448275862068967,15.620689655172415,3.2072812340393577,0.05545607986784453,0.28448275862068967
8.474137931034482,2.714114796979517,NaN,0.3017241379310345,8.474137931034482,2.714114796979517,NaN,0.3017241379310345
8.10344827586207,2.522785884319481,NaN,236777.64655172417,8.10344827586207,2.522785884319481,NaN,236777.64655172417
4.905172413793103,1.8425396716512632,NaN,463.61206896551727,4.905172413793103,1.8425396716512632,NaN,463.61206896551727
3.678832116788321,1.5023782316253453,NaN,1469.7810218978102,4.824817518248175,1.9112531422857268,NaN,14271.83211678832
56.306569343065696,4.078025870336531,0.0578794364017048,230.76936044490787,56.306569343065696,4.078025870336531,0.0578794364017048,230.76936044490787
16.138686131386862,3.2757869773821495,0.03713627587092528,0.021897810218978103,16.138686131386862,3.2757869773821495,0.03713627587092528,0.021897810218978103
4.91970802919708,1.637200540381434,NaN,0.2846715328467153,4.91970802919708,1.637200540381434,NaN,0.2846715328467153
0.0,0.0,NaN,0.0,0.0,0.0,NaN,0.0
4.255474452554744,1.582326148707258,NaN,102.17518248175182,4.255474452554744,1.582326148707258,NaN,102.17518248175182
3.4782608695652173,1.4335730980926014,NaN,1187.2173913043478,4.739130434782608,1.7399082656922478,NaN,14542.347826086956
57.17391304347826,4.071049022600822,0.05898941074303545,33822.35144927537,57.17391304347826,4.071049022600822,0.05898941074303545,33822.35144927537
19.0,3.34990130474672,0.05528085078927305,0.13043478260869565,19.0,3.34990130474672,0.05528085078927305,0.13043478260869565
7.217391304347826,2.5570568082652168,0.028759497109880742,0.0,7.217391304347826,2.5570568082652168,0.028759497109880742,0.0
8.08695652173913,2.620850701297401,NaN,88005.15942028986,8.08695652173913,2.620850701297401,NaN,88005.15942028986
5.0,1.808724384306176,NaN,749.5217391304348,5.0,1.808724384306176,NaN,749.5217391304348
4.0,1.5696645432484284,NaN,2211.8076923076924,5.0,2.0238135756399513,NaN,14227.038461538461
64.26923076923077,4.100159892948224,0.05897671751485756,757.2019230769233,64.26923076923077,4.100159892948224,0.05897671751485756,757.2019230769233
16.346153846153847,3.3087963468490127,0.04948842258797011,0.0,16.346153846153847,3.3087963468490127,0.04948842258797011,0.0
8.038461538461538,2.544276306388968,0.04168552036199095,0.0,8.038461538461538,2.544276306388968,0.04168552036199095,0.0
7.346153846153846,2.650141915285306,NaN,63692.25,7.346153846153846,2.650141915285306,NaN,63692.25
5.1923076923076925,1.9889098003153154,NaN,235.90384615384616,5.1923076923076925,1.9889098003153154,NaN,235.90384615384616
4.0,1.75,NaN,2377.8214285714284,5.0,1.8968582734278847,NaN,17119.64285714286
49.357142857142854,4.06389136699472,0.05378168989926966,26.357142857142858,49.357142857142854,4.06389136699472,0.05378168989926966,26.357142857142858
18.857142857142858,3.411648803949252,0.05858076563958916,0.0,18.857142857142858,3.411648803949252,0.05858076563958916,0.0
8.214285714285714,2.677122794311891,0.007878151260504203,0.0,8.214285714285714,2.677122794311891,0.007878151260504203,0.0
7.357142857142857,2.7417434129866507,NaN,11823.107142857143,7.357142857142857,2.7417434129866507,NaN,11823.107142857143
5.535714285714286,1.9370673939562804,NaN,1301.267857142857,5.535714285714286,1.9370673939562804,NaN,1301.267857142857
4.0,1.0408520829727552,NaN,1617.0,5.0,1.7885947615540287,NaN,17889.333333333332
44.666666666666664,4.032860551138491,0.04424557287302385,113.77777777777777,44.666666666666664,4.032860551138491,0.04424557287302385,113.77777777777777
19.0,3.392794524233352,0.05829059829059829,0.0,19.0,3.392794524233352,0.05829059829059829,0.0
3.6666666666666665,1.8306176987765579,0.0,0.0,3.6666666666666665,1.8306176987765579,0.0,0.0
4.666666666666667,2.2146187299249083,NaN,60956.333333333336,4.666666666666667,2.2146187299249083,NaN,60956.333333333336
5.0,1.7885947615540287,NaN,55.666666666666664,5.0,1.7885947615540287,NaN,55.666666666666664
4.0,1.65625,NaN,1907.4375,5.0,2.037492001110319,NaN,16914.6875
43.9375,3.942822167221304,0.054046433906280764,7982.25,43.9375,3.942822167221304,0.054046433906280764,7982.25
8.875,2.7488323144228772,0.02964519140989729,0.0,8.875,2.7488323144228772,0.02964519140989729,0.0
8.5,2.7396045970004814,0.03149350649350649,0.0,8.5,2.7396045970004814,0.03149350649350649,0.0
7.25,2.695100652929775,NaN,38254.0625,7.25,2.695100652929775,NaN,38254.0625
4.9375,1.9611214951798588,NaN,64.8125,4.9375,1.9611214951798588,NaN,64.8125
4.0,2.0,NaN,2213.4545454545455,5.0,2.321928094887362,NaN,15472.272727272728
62.54545454545455,4.131085625191414,0.05638316824905352,11.963636363636363,62.54545454545455,4.131085625191414,0.05638316824905352,11.963636363636363
16.181818181818183,3.2917293156647136,0.04821812174753351,0.2727272727272727,16.181818181818183,3.2917293156647136,0.04821812174753351,0.2727272727272727
5.818181818181818,2.503774585596014,0.004329004329004329,0.0,5.818181818181818,2.503774585596014,0.004329004329004329,0.0
10.454545454545455,2.897754163733241,NaN,9325.515151515154,10.454545454545455,2.897754163733241,NaN,9325.515151515154
4.0,1.8076688963285887,NaN,74.54545454545455,4.0,1.8076688963285887,NaN,74.54545454545455
4.0,1.8571428571428572,NaN,1900.7142857142858,5.0,1.9219280948873627,NaN,18748.0
38.142857142857146,4.0789763194273245,0.04398865268430486,438.61904761904765,38.142857142857146,4.0789763194273245,0.04398865268430486,438.61904761904765
9.714285714285714,2.9995453405200148,0.034353741496598644,0.0,9.714285714285714,2.9995453405200148,0.034353741496598644,0.0
7.571428571428571,2.303138889575704,0.01050420168067227,0.0,7.571428571428571,2.303138889575704,0.01050420168067227,0.0
8.428571428571429,2.6860851936653654,NaN,2545.5714285714284,8.428571428571429,2.6860851936653654,NaN,2545.5714285714284
4.428571428571429,1.986000289530548,NaN,250.28571428571428,4.428571428571429,1.986000289530548,NaN,250.28571428571428
4.0,1.7857142857142858,NaN,2257.0,5.0,1.9219280948873627,NaN,17341.428571428572
40.714285714285715,4.049159558065584,0.048242440789024635,1892.0,40.714285714285715,4.049159558065584,0.048242440789024635,1892.0
12.285714285714286,3.143868578770809,0.05162218733647305,1.2857142857142858,12.285714285714286,3.143868578770809,0.05162218733647305,1.2857142857142858
5.714285714285714,1.9209218771355854,0.05272108843537415,0.0,5.714285714285714,1.9209218771355854,0.05272108843537415,0.0
7.142857142857143,2.3888292412645953,0.0,98978.42857142857,7.142857142857143,2.3888292412645953,0.0,98978.42857142857
5.0,2.0146455948255486,NaN,74.78571428571429,5.0,2.0146455948255486,NaN,74.78571428571429
4.0,2.0,NaN,2390.0,5.0,1.9219280948873625,NaN,17124.666666666668
67.83333333333333,4.169561625777383,0.05786021096527938,71.08333333333333,67.83333333333333,4.169561625777383,0.05786021096527938,71.08333333333333
20.0,3.522072931718411,0.0617922382628265,0.0,20.0,3.522072931718411,0.0617922382628265,0.0
6.666666666666667,2.7264504508625644,0.0,0.0,6.666666666666667,2.7264504508625644,0.0,0.0
5.666666666666667,2.4262238756094834,NaN,23043.333333333332,5.666666666666667,2.4262238756094834,NaN,23043.333333333332
6.333333333333333,2.0375648158630217,NaN,2127.0833333333335,6.333333333333333,2.0375648158630217,NaN,2127.0833333333335
4.0,1.84375,NaN,2335.0,5.0,1.9219280948873627,NaN,13774.625
46.5625,3.976407905813657,0.0608584295285423,104.73749999999998,46.5625,3.976407905813657,0.0608584295285423,104.73749999999998
18.375,3.3816036834766314,0.06233894781688899,0.0,18.375,3.3816036834766314,0.06233894781688899,0.0
5.4375,2.235558877246963,0.041666666666666664,0.0,5.4375,2.235558877246963,0.041666666666666664,0.0
9.5,2.882449274352762,0.019642857142857142,109.375,9.5,2.882449274352762,0.019642857142857142,109.375
4.5,1.725978043002547,NaN,72.71875,4.5,1.725978043002547,NaN,72.71875
4.0,1.454675395936315,NaN,2026.4507042253522,5.0,1.801271510276718,NaN,13708.070422535211
65.12676056338029,4.1241196817478265,0.05629573294740142,51.827073552425674,65.12676056338029,4.1241196817478265,0.05629573294740142,51.827073552425674
16.225352112676056,3.263738811403065,0.05126358958173378,0.1267605633802817,16.225352112676056,3.263738811403065,0.05126358958173378,0.1267605633802817
8.309859154929578,2.794162135559805,0.019480128635058214,0.0,8.309859154929578,2.794162135559805,0.019480128635058214,0.0
7.23943661971831,2.4463056236532195,NaN,6.4123980802816905E7,7.23943661971831,2.4463056236532195,NaN,6.4123980802816905E7
5.549295774647887,1.9493474315894506,NaN,714.1760563380282,5.549295774647887,1.9493474315894506,NaN,714.1760563380282
4.0,1.5714285714285714,NaN,2312.4285714285716,5.0,1.921928094887362,NaN,13391.142857142857
62.857142857142854,4.26549928583004,0.05275969471071112,2580.657142857143,62.857142857142854,4.26549928583004,0.05275969471071112,2580.657142857143
13.285714285714286,3.0324931131135817,0.04218354008269975,0.0,13.285714285714286,3.0324931131135817,0.04218354008269975,0.0
7.428571428571429,2.767493342286051,0.010317460317460317,0.0,7.428571428571429,2.767493342286051,0.010317460317460317,0.0
9.0,2.6649675365557677,NaN,3422.9285714285716,9.0,2.6649675365557677,NaN,3422.9285714285716
5.571428571428571,1.972898877341706,NaN,841.7142857142857,5.571428571428571,1.972898877341706,NaN,841.7142857142857
4.0,1.2704260414863777,NaN,1880.5555555555557,5.0,1.5546097612655667,NaN,14380.111111111111
56.77777777777778,4.131745976116797,0.055731665707035166,171.38888888888889,56.77777777777778,4.131745976116797,0.055731665707035166,171.38888888888889
15.333333333333334,3.0234497104239346,0.04357298474945534,0.0,15.333333333333334,3.0234497104239346,0.04357298474945534,0.0
7.333333333333333,2.8398239162923717,0.005291005291005291,0.0,7.333333333333333,2.8398239162923717,0.005291005291005291,0.0
6.444444444444445,1.9762313494922685,NaN,3.033728995555556E8,6.444444444444445,1.9762313494922685,NaN,3.033728995555556E8
6.111111111111111,2.2995461734740044,NaN,2121.0,6.111111111111111,2.2995461734740044,NaN,2121.0
4.0,1.251294878276909,NaN,1628.0277777777778,5.0,1.5649021920735275,NaN,15864.638888888889
76.61111111111111,4.234191862959456,0.05531610406033715,125.89219576719577,76.61111111111111,4.234191862959456,0.05531610406033715,125.89219576719577
19.75,3.4622572104844216,0.05677274613549123,0.0,19.75,3.4622572104844216,0.05677274613549123,0.0
9.777777777777779,2.843323623292425,0.04021258334983826,0.0,9.777777777777779,2.843323623292425,0.04021258334983826,0.0
8.0,2.5523385839434636,NaN,14181.14814814815,8.0,2.5523385839434636,NaN,14181.14814814815
5.972222222222222,2.1250953090880085,NaN,899.0416666666666,5.972222222222222,2.1250953090880085,NaN,899.0416666666666
4.0,1.7083333333333333,NaN,1886.25,5.0,2.0175170531125217,NaN,16066.5
68.83333333333333,4.128027523347211,0.0594627072548104,305.2916666666667,68.83333333333333,4.128027523347211,0.0594627072548104,305.2916666666667
20.0,3.5109618206073008,0.06347111494170317,0.25,20.0,3.5109618206073008,0.06347111494170317,0.25
8.0,2.79081115150991,0.028505291005291006,0.0,8.0,2.79081115150991,0.028505291005291006,0.0
6.416666666666667,2.3508344444802356,NaN,73599.16666666667,6.416666666666667,2.3508344444802356,NaN,73599.16666666667
5.333333333333333,1.8295381285404921,NaN,418.75,5.333333333333333,1.8295381285404921,NaN,418.75
4.0,1.625,NaN,2338.5,5.0,1.7841837197791892,NaN,13246.75
52.375,4.174954400526708,0.05353418955392639,6833.125,52.375,4.174954400526708,0.05353418955392639,6833.125
16.75,3.325656284407292,0.05055810202869026,0.0,16.75,3.325656284407292,0.05055810202869026,0.0
9.5,2.9521110923417613,0.025396825396825397,0.0,9.5,2.9521110923417613,0.025396825396825397,0.0
6.125,2.177614824861993,NaN,15202.625,6.125,2.177614824861993,NaN,15202.625
4.375,1.5647263613789204,NaN,154.75,4.375,1.5647263613789204,NaN,154.75
4.0,1.06172244283763,NaN,1701.090909090909,5.0,1.635120140145229,NaN,16633.727272727272
68.0,4.150387952072035,0.05299799708155803,83.14015151515152,68.0,4.150387952072035,0.05299799708155803,83.14015151515152
29.0,3.8143719431796272,0.046666666666666676,0.0,29.0,3.8143719431796272,0.046666666666666676,0.0
0.0,0.0,NaN,0.0,0.0,0.0,NaN,0.0
5.7272727272727275,2.2320810930095325,NaN,29581.909090909092,5.7272727272727275,2.2320810930095325,NaN,29581.909090909092
5.0,2.2492008221600894,NaN,34.63636363636363,5.0,2.2492008221600894,NaN,34.63636363636363
4.0,1.8333333333333333,NaN,1779.6666666666667,5.0,1.7382689280764643,NaN,20957.666666666668
83.0,4.11384484919065,0.0647274599163409,21.5,83.0,4.11384484919065,0.0647274599163409,21.5
29.0,3.8143719431796277,0.04666666666666667,0.0,29.0,3.8143719431796277,0.04666666666666667,0.0
0.0,0.0,NaN,0.0,0.0,0.0,NaN,0.0
6.333333333333333,2.2490381748501234,NaN,26905.0,6.333333333333333,2.2490381748501234,NaN,26905.0
5.0,2.0552614282206956,NaN,50.666666666666664,5.0,2.0552614282206956,NaN,50.666666666666664
4.0,1.8770426041486379,NaN,2331.3,5.0,2.026830344844093,NaN,15736.5
52.4,4.087142651200712,0.054140379010043906,123.66111111111111,52.4,4.087142651200712,0.054140379010043906,123.66111111111111
15.566666666666666,3.1222772249027377,0.04853719265483971,0.0,15.566666666666666,3.1222772249027377,0.04853719265483971,0.0
6.633333333333334,2.408013308525996,0.009123093681917212,0.0,6.633333333333334,2.408013308525996,0.009123093681917212,0.0
6.9,2.335492139085792,NaN,27676.49444444444,6.9,2.335492139085792,NaN,27676.49444444444
5.6,2.075942873419062,NaN,626.3166666666667,5.6,2.075942873419062,NaN,626.3166666666667
4.0,1.9375,NaN,2158.75,5.0,2.021928094887363,NaN,12765.375
41.125,4.030260878228342,0.04597268845794254,235.33333333333334,41.125,4.030260878228342,0.04597268845794254,235.33333333333334
21.0,3.5351745656359026,0.06535947712418301,0.0,21.0,3.5351745656359026,0.06535947712418301,0.0
6.25,2.5430161915432037,0.020833333333333332,0.0,6.25,2.5430161915432037,0.020833333333333332,0.0
8.875,2.683894232324205,0.012121212121212121,3826.5,8.875,2.683894232324205,0.012121212121212121,3826.5
5.0,1.4971665917644796,NaN,67.875,5.0,1.4971665917644796,NaN,67.875
4.0,1.0,NaN,2020.0,5.0,1.9219280948873623,NaN,16608.0
65.0,4.0869469858459215,0.061979648473635525,96.0,65.0,4.0869469858459215,0.061979648473635525,96.0
21.0,3.535174565635903,0.06535947712418301,0.0,21.0,3.535174565635903,0.06535947712418301,0.0
7.0,2.8073549220576046,0.0,0.0,7.0,2.8073549220576046,0.0,0.0
5.0,1.5219280948873621,NaN,27557.0,5.0,1.5219280948873621,NaN,27557.0
7.0,2.2359263506290326,NaN,3262.5,7.0,2.2359263506290326,NaN,3262.5
4.0,0.8878027772970069,NaN,2165.8888888888887,5.0,1.877483650442918,NaN,15496.444444444445
66.88888888888889,4.217581951382021,0.05905139833711262,72.0,66.88888888888889,4.217581951382021,0.05905139833711262,72.0
21.0,3.5351745656359026,0.06535947712418301,0.0,21.0,3.5351745656359026,0.06535947712418301,0.0
7.0,2.807354922057605,0.0,0.0,7.0,2.807354922057605,0.0,0.0
5.0,1.966372539331807,NaN,34591.0,5.0,1.966372539331807,NaN,34591.0
6.666666666666667,2.0582980256812395,NaN,2107.1666666666665,6.666666666666667,2.0582980256812395,NaN,2107.1666666666665
4.0,1.1556390622295665,NaN,1699.5,5.0,1.6464393446710155,NaN,20800.5
58.5,4.113120615145018,0.04930156400744636,18.0,58.5,4.113120615145018,0.04930156400744636,18.0
29.0,3.8143719431796272,0.04666666666666667,0.0,29.0,3.8143719431796272,0.04666666666666667,0.0
0.0,0.0,NaN,0.0,0.0,0.0,NaN,0.0
5.0,2.1219280948873624,NaN,48663.5,5.0,2.1219280948873624,NaN,48663.5
5.0,2.1219280948873624,NaN,42.5,5.0,2.1219280948873624,NaN,42.5
4.0,1.5,NaN,1762.75,5.0,1.9219280948873627,NaN,16442.0
49.25,4.057853264841364,0.05342194570135747,389.4375,49.25,4.057853264841364,0.05342194570135747,389.4375
11.25,2.9462936414089755,0.04312558356676003,0.0,11.25,2.9462936414089755,0.04312558356676003,0.0
5.25,2.3876866963458103,0.0,0.0,5.25,2.3876866963458103,0.0,0.0
9.75,2.778371765970544,0.0,36.5,9.75,2.778371765970544,0.0,36.5
5.5,2.4387218755408666,NaN,152.0,5.5,2.4387218755408666,NaN,152.0
4.0,1.5482038192641552,NaN,2402.6666666666665,5.0,1.7491628168691993,NaN,14550.444444444445
55.666666666666664,4.059595442278383,0.06116319156388842,279.22222222222223,55.666666666666664,4.059595442278383,0.06116319156388842,279.22222222222223
14.666666666666666,3.129988404454148,0.04681294740118269,0.0,14.666666666666666,3.129988404454148,0.04681294740118269,0.0
7.0,2.616878731581414,0.031746031746031744,0.0,7.0,2.616878731581414,0.031746031746031744,0.0
4.888888888888889,2.1528249732332108,NaN,9442.555555555555,4.888888888888889,2.1528249732332108,NaN,9442.555555555555
5.666666666666667,1.6845485448705435,NaN,832.2777777777778,5.666666666666667,1.6845485448705435,NaN,832.2777777777778
4.0,1.8176065103715944,NaN,1420.4166666666667,5.0,1.6552614282206954,NaN,15889.416666666666
47.083333333333336,3.8686189275719083,0.059508970272972896,95.85416666666667,47.083333333333336,3.8686189275719083,0.059508970272972896,95.85416666666667
18.25,3.2656947770390006,0.060021786492374725,0.0,18.25,3.2656947770390006,0.060021786492374725,0.0
9.583333333333334,2.898052989244269,0.040013227513227514,0.0,9.583333333333334,2.898052989244269,0.040013227513227514,0.0
12.416666666666666,2.881247960530169,0.2777777777777778,16550.25,12.416666666666666,2.881247960530169,0.2777777777777778,16550.25
5.083333333333333,1.899403184262401,NaN,75.41666666666667,5.083333333333333,1.899403184262401,NaN,75.41666666666667
4.0,1.875,NaN,1900.1666666666667,5.0,2.055261428220696,NaN,14418.0
71.91666666666667,4.048609641578526,0.06626237338932801,76.64583333333333,71.91666666666667,4.048609641578526,0.06626237338932801,76.64583333333333
19.666666666666668,3.4442942173284607,0.055519524048935814,0.0,19.666666666666668,3.4442942173284607,0.055519524048935814,0.0
5.75,2.311599736162724,NaN,0.0,5.75,2.311599736162724,NaN,0.0
5.75,2.11292715263328,NaN,34362.0,5.75,2.11292715263328,NaN,34362.0
5.833333333333333,2.194096868923849,NaN,412.625,5.833333333333333,2.194096868923849,NaN,412.625
4.0,2.0,NaN,1547.9,5.0,2.041928094887363,NaN,14075.3
58.0,3.9248973530923523,0.06536693137084525,40.06666666666666,58.0,3.9248973530923523,0.06536693137084525,40.06666666666666
20.5,3.4894390621837905,0.06779788838612369,0.0,20.5,3.4894390621837905,0.06779788838612369,0.0
6.8,2.718812239340581,0.016666666666666666,0.0,6.8,2.718812239340581,0.016666666666666666,0.0
6.8,2.3809605175904744,NaN,10683.9,6.8,2.3809605175904744,NaN,10683.9
5.7,2.168145297907529,NaN,333.35,5.7,2.168145297907529,NaN,333.35
4.0,2.0,NaN,1724.0,5.0,1.9219280948873623,NaN,15246.0
61.0,4.103386522472676,0.05698672911787666,27.75,61.0,4.103386522472676,0.05698672911787666,27.75
29.0,3.8143719431796272,0.04666666666666667,0.0,29.0,3.8143719431796272,0.04666666666666667,0.0
0.0,0.0,NaN,0.0,0.0,0.0,NaN,0.0
5.0,2.321928094887362,NaN,19042.5,5.0,2.321928094887362,NaN,19042.5
5.0,1.9219280948873623,NaN,37.0,5.0,1.9219280948873623,NaN,37.0
4.0,2.0,NaN,1866.3333333333333,5.0,2.321928094887362,NaN,18804.0
67.0,4.143255644712311,0.06241965426318538,56.0,67.0,4.143255644712311,0.06241965426318538,56.0
21.0,3.5351745656359035,0.06535947712418301,0.0,21.0,3.5351745656359035,0.06535947712418301,0.0
7.0,2.807354922057604,0.0,0.0,7.0,2.807354922057604,0.0,0.0
5.0,2.0552614282206956,NaN,27589.333333333332,5.0,2.0552614282206956,NaN,27589.333333333332
7.0,2.3904555171926773,NaN,1419.1666666666667,7.0,2.3904555171926773,NaN,1419.1666666666667
4.0,1.75,NaN,1523.0,5.0,1.9219280948873623,NaN,15145.5
71.0,4.207263601822683,0.05164398488670954,53.75,71.0,4.207263601822683,0.05164398488670954,53.75
29.0,3.8143719431796272,0.04666666666666667,0.0,29.0,3.8143719431796272,0.04666666666666667,0.0
0.0,0.0,NaN,0.0,0.0,0.0,NaN,0.0
5.0,1.9219280948873623,NaN,45907.0,5.0,1.9219280948873623,NaN,45907.0
5.0,2.1219280948873624,NaN,64.5,5.0,2.1219280948873624,NaN,64.5
4.0,1.64,NaN,1750.68,5.0,1.8099280948873626,NaN,12863.44
76.96,4.298395698770078,0.0513414699767641,755.3066666666666,76.96,4.298395698770078,0.0513414699767641,755.3066666666666
21.0,3.5351745656359026,0.06535947712418301,0.0,21.0,3.5351745656359026,0.06535947712418301,0.0
6.48,2.265270823255191,NaN,1.96,6.48,2.265270823255191,NaN,1.96
10.0,3.0057175950892856,NaN,26815.92,10.0,3.0057175950892856,NaN,26815.92
4.12,1.7592782504182702,NaN,143.42,4.12,1.7592782504182702,NaN,143.42
4.0,1.5,NaN,1594.9375,5.0,2.321928094887362,NaN,11929.5
44.1875,4.098075394603932,0.05411994386971732,642.28125,44.1875,4.098075394603932,0.05411994386971732,642.28125
24.875,3.6289759419927266,0.048802521008403356,0.0,24.875,3.6289759419927266,0.048802521008403356,0.0
6.25,2.4174420573427353,0.06845238095238095,0.0,6.25,2.4174420573427353,0.06845238095238095,0.0
8.5,2.5381993651938917,0.22916666666666669,341.09375,8.5,2.5381993651938917,0.22916666666666669,341.09375
5.8125,2.14814354962732,NaN,155.03125,5.8125,2.14814354962732,NaN,155.03125
4.0,2.0,NaN,2439.0,5.0,1.9219280948873625,NaN,12866.0
58.0,4.185675504443245,0.042283298097251586,2.75,58.0,4.185675504443245,0.042283298097251586,2.75
6.0,2.2516291673878226,0.06666666666666667,0.0,6.0,2.2516291673878226,0.06666666666666667,0.0
8.0,2.75,0.035714285714285705,0.0,8.0,2.75,0.035714285714285705,0.0
17.0,3.734521664779752,0.07142857142857141,323.59999999999997,17.0,3.734521664779752,0.07142857142857141,323.59999999999997
5.0,1.370950594454669,NaN,74.0,5.0,1.370950594454669,NaN,74.0
4.0,1.5,NaN,2149.4736842105262,5.0,1.4424662525543657,NaN,17310.63157894737
42.63157894736842,4.132013981772591,0.04872337788746459,257216.80701754385,42.63157894736842,4.132013981772591,0.04872337788746459,257216.80701754385
22.05263157894737,3.52269219821912,0.05542090520418693,0.0,22.05263157894737,3.52269219821912,0.05542090520418693,0.0
6.473684210526316,2.602069441540263,0.002506265664160401,0.0,6.473684210526316,2.602069441540263,0.002506265664160401,0.0
7.052631578947368,2.6456513911772808,NaN,516496.7368421053,7.052631578947368,2.6456513911772808,NaN,516496.7368421053
4.894736842105263,1.8326774055157595,NaN,101.34210526315789,4.894736842105263,1.8326774055157595,NaN,101.34210526315789
4.0,1.631659335681619,NaN,1746.698113207547,5.0,2.0332365540014155,NaN,16427.8427672956
60.924528301886795,4.1279382932243,0.05604947074028961,710.940880503145,60.924528301886795,4.1279382932243,0.05604947074028961,710.940880503145
16.20125786163522,3.1225694086142917,0.042139135990412344,0.05660377358490566,16.20125786163522,3.1225694086142917,0.042139135990412344,0.05660377358490566
8.10062893081761,2.536796034109345,NaN,0.0,8.10062893081761,2.536796034109345,NaN,0.0
8.081761006289309,2.6025680804518023,NaN,6.86874613144654E7,8.081761006289309,2.6025680804518023,NaN,6.86874613144654E7
4.685534591194968,1.9079003218251165,NaN,110.15408805031447,4.685534591194968,1.9079003218251165,NaN,110.15408805031447
4.0,1.5,NaN,1701.0,5.0,1.9219280948873627,NaN,13499.0
73.0,4.043263590125162,0.06101694915254237,50.0,73.0,4.043263590125162,0.06101694915254237,50.0
29.0,3.814371943179627,0.046666666666666676,0.0,29.0,3.814371943179627,0.046666666666666676,0.0
0.0,0.0,NaN,0.0,0.0,0.0,NaN,0.0
5.0,1.9219280948873627,NaN,24117.0,5.0,1.9219280948873627,NaN,24117.0
5.0,1.9219280948873627,NaN,69.5,5.0,1.9219280948873627,NaN,69.5
4.0,1.5272727272727273,NaN,1861.709090909091,5.0,1.9001099130691808,NaN,16078.709090909091
56.58181818181818,4.137528161190668,0.05437744555722944,35.47878787878785,56.58181818181818,4.137528161190668,0.05437744555722944,35.47878787878785
10.381818181818181,2.842477237574728,0.025762329174093872,0.0,10.381818181818181,2.842477237574728,0.025762329174093872,0.0
4.963636363636364,1.9982441726215368,0.08441558441558439,0.0,4.963636363636364,1.9982441726215368,0.08441558441558439,0.0
8.545454545454545,2.9128718645456244,0.04181818181818183,92891.46363636364,8.545454545454545,2.9128718645456244,0.04181818181818183,92891.46363636364
5.345454545454546,2.217643010842068,NaN,77.75454545454545,5.345454545454546,2.217643010842068,NaN,77.75454545454545
4.0,2.0,NaN,2405.0,5.0,1.921928094887363,NaN,13009.0
37.0,4.077715447225513,0.043678160919540236,53.0,37.0,4.077715447225513,0.043678160919540236,53.0
8.0,2.75,0.035714285714285705,0.0,8.0,2.75,0.035714285714285705,0.0
2.0,1.0,0.0,0.0,2.0,1.0,0.0,0.0
6.0,2.2516291673878226,0.0,7553.0,6.0,2.2516291673878226,0.0,7553.0
6.0,2.2516291673878226,NaN,124.0,6.0,2.2516291673878226,NaN,124.0
4.0,2.0,NaN,2249.6666666666665,5.0,2.321928094887362,NaN,18342.333333333332
75.16666666666667,4.186544627827431,0.05879505361609266,68.58333333333333,75.16666666666667,4.186544627827431,0.05879505361609266,68.58333333333333
22.333333333333332,3.58170746189319,0.062244008714596955,0.0,22.333333333333332,3.58170746189319,0.062244008714596955,0.0
7.333333333333333,2.47573661470507,NaN,0.0,7.333333333333333,2.47573661470507,NaN,0.0
6.0,2.4206029246032603,NaN,22143.916666666668,6.0,2.4206029246032603,NaN,22143.916666666668
6.833333333333333,2.320321349147894,NaN,3394.8333333333335,6.833333333333333,2.320321349147894,NaN,3394.8333333333335
4.0,2.0,NaN,2486.4666666666667,5.0,2.028594761554029,NaN,12019.133333333333
54.0,4.132898736293158,0.047780922868642176,28.133333333333333,54.0,4.132898736293158,0.047780922868642176,28.133333333333333
16.6,3.379749598621162,0.06443774090832914,2.2,16.6,3.379749598621162,0.06443774090832914,2.2
5.533333333333333,2.451375248799427,0.0,0.0,5.533333333333333,2.451375248799427,0.0,0.0
6.466666666666667,2.67790776814554,NaN,7594.066666666667,6.466666666666667,2.67790776814554,NaN,7594.066666666667
5.8,2.0760806029173993,NaN,1363.9333333333334,5.8,2.0760806029173993,NaN,1363.9333333333334
4.0,1.7272727272727273,NaN,1742.3636363636363,5.0,1.9219280948873625,NaN,17716.272727272728
73.9090909090909,4.08961187426114,0.059974542123309174,39.121212121212125,73.9090909090909,4.08961187426114,0.059974542123309174,39.121212121212125
29.0,3.8143719431796272,0.046666666666666676,0.0,29.0,3.8143719431796272,0.046666666666666676,0.0
0.0,0.0,NaN,0.0,0.0,0.0,NaN,0.0
5.818181818181818,1.8560935388152269,NaN,46735.63636363636,5.818181818181818,1.8560935388152269,NaN,46735.63636363636
4.7272727272727275,1.9347559413370383,NaN,42.77272727272727,4.7272727272727275,1.9347559413370383,NaN,42.77272727272727
4.0,2.0,NaN,1695.0,5.0,2.321928094887362,NaN,18240.0
77.0,4.171978424511163,0.05683060109289618,30.5,77.0,4.171978424511163,0.05683060109289618,30.5
29.0,3.8143719431796272,0.04666666666666667,0.0,29.0,3.8143719431796272,0.04666666666666667,0.0
0.0,0.0,NaN,0.0,0.0,0.0,NaN,0.0
5.0,2.321928094887362,NaN,37160.0,5.0,2.321928094887362,NaN,37160.0
5.0,1.9219280948873623,NaN,29.5,5.0,1.9219280948873623,NaN,29.5
4.0,2.0,NaN,1440.7857142857142,5.0,2.321928094887362,NaN,16567.214285714286
74.42857142857143,4.167469992986763,0.06336826446887624,87.16666666666667,74.42857142857143,4.167469992986763,0.06336826446887624,87.16666666666667
24.285714285714285,3.6304020049468266,0.0561064425770308,0.0,24.285714285714285,3.6304020049468266,0.0561064425770308,0.0
9.5,2.8273617087610936,0.046258503401360555,0.0,9.5,2.8273617087610936,0.046258503401360555,0.0
5.357142857142857,1.942937737559065,NaN,23509.928571428572,5.357142857142857,1.942937737559065,NaN,23509.928571428572
5.857142857142857,2.3789477555113434,NaN,802.4642857142857,5.857142857142857,2.3789477555113434,NaN,802.4642857142857
4.0,1.5,NaN,1693.5,5.0,2.121928094887362,NaN,17718.5
72.0,4.08711608793651,0.05925852557731116,22.333333333333332,72.0,4.08711608793651,0.05925852557731116,22.333333333333332
29.0,3.8143719431796272,0.04666666666666667,0.0,29.0,3.8143719431796272,0.04666666666666667,0.0
0.0,0.0,NaN,0.0,0.0,0.0,NaN,0.0
5.0,1.6464393446710157,NaN,65220.5,5.0,1.6464393446710157,NaN,65220.5
5.0,1.9219280948873623,NaN,55.5,5.0,1.9219280948873623,NaN,55.5
4.0,1.625,NaN,1661.25,5.0,2.021928094887362,NaN,17709.25
63.0,4.0678103934262095,0.05395095287164363,50.0,63.0,4.0678103934262095,0.05395095287164363,50.0
29.0,3.8143719431796272,0.04666666666666667,0.0,29.0,3.8143719431796272,0.04666666666666667,0.0
0.0,0.0,NaN,0.0,0.0,0.0,NaN,0.0
6.0,2.3783717659705443,NaN,143412.0,6.0,2.3783717659705443,NaN,143412.0
5.0,2.221928094887362,NaN,62.625,5.0,2.221928094887362,NaN,62.625
4.0,1.5,NaN,1060.0,5.0,2.321928094887362,NaN,13427.0
75.0,4.304555024431859,0.052525252525252523,81.0,75.0,4.304555024431859,0.052525252525252523,81.0
21.0,3.5351745656359026,0.06535947712418301,0.0,21.0,3.5351745656359026,0.06535947712418301,0.0
7.0,2.807354922057605,0.0,0.0,7.0,2.807354922057605,0.0,0.0
5.0,2.321928094887362,NaN,27590.0,5.0,2.321928094887362,NaN,27590.0
7.0,2.5216406363433186,NaN,2367.0,7.0,2.5216406363433186,NaN,2367.0
4.0,1.5,NaN,1443.0,5.0,1.921928094887363,NaN,12276.0
38.0,3.9880774349981327,0.05517241379310345,150.0,38.0,3.9880774349981327,0.05517241379310345,150.0
10.0,3.121928094887363,0.02222222222222222,0.0,10.0,3.121928094887363,0.02222222222222222,0.0
6.0,2.584962500721155,0.0,0.0,6.0,2.584962500721155,0.0,0.0
7.0,2.1280852788913944,0.0,554.0,7.0,2.1280852788913944,0.0,554.0
5.0,1.370950594454669,NaN,64.0,5.0,1.370950594454669,NaN,64.0
4.0,2.0,NaN,1377.2941176470588,5.0,1.9219280948873627,NaN,18185.235294117647
72.58823529411765,4.214492079033735,0.05647236270073641,124.04411764705883,72.58823529411765,4.214492079033735,0.05647236270073641,124.04411764705883
21.0,3.535174565635904,0.06535947712418301,0.0,21.0,3.535174565635904,0.06535947712418301,0.0
6.647058823529412,2.712371990050828,0.0,0.0,6.647058823529412,2.712371990050828,0.0,0.0
5.470588235294118,2.39554864598533,NaN,24449.41176470588,5.470588235294118,2.39554864598533,NaN,24449.41176470588
6.764705882352941,2.1038314925379793,NaN,760.1176470588235,6.764705882352941,2.1038314925379793,NaN,760.1176470588235
2.0,1.0,NaN,54.333333333333336,5.0,2.188594761554029,NaN,16867.666666666668
42.0,3.753678710297065,0.07234712718583687,4.8,42.0,3.753678710297065,0.07234712718583687,4.8
26.333333333333332,3.7213061506650527,0.05289760348583878,0.0,26.333333333333332,3.7213061506650527,0.05289760348583878,0.0
9.0,2.8807724742595866,0.03008658008658009,0.0,9.0,2.8807724742595866,0.03008658008658009,0.0
6.0,2.2317326328728346,NaN,46992.0,6.0,2.2317326328728346,NaN,46992.0
4.333333333333333,1.6236501981515563,NaN,26.0,4.333333333333333,1.6236501981515563,NaN,26.0
2.0,0.7857142857142857,NaN,29.714285714285715,5.0,1.9504995234587914,NaN,16253.214285714286
54.785714285714285,4.007122873476256,0.05872689283426596,32.92857142857143,54.785714285714285,4.007122873476256,0.05872689283426596,32.92857142857143
21.785714285714285,3.538918677564137,0.05923636121115112,0.0,21.785714285714285,3.538918677564137,0.05923636121115112,0.0
6.0,2.474067095541283,0.01020408163265306,0.0,6.0,2.474067095541283,0.01020408163265306,0.0
9.714285714285714,2.8183020103054304,NaN,929.0714285714286,9.714285714285714,2.8183020103054304,NaN,929.0714285714286
5.0,2.207642380601648,NaN,62.892857142857146,5.0,2.207642380601648,NaN,62.892857142857146
2.0,0.5,NaN,23.5,5.0,2.1219280948873624,NaN,20704.5
57.0,4.061971447311847,0.057024872268622386,163.0,57.0,4.061971447311847,0.057024872268622386,163.0
18.5,3.2821859715898136,0.041190476190476194,0.0,18.5,3.2821859715898136,0.041190476190476194,0.0
4.5,1.7608203181716593,0.023809523809523808,0.0,4.5,1.7608203181716593,0.023809523809523808,0.0
6.5,2.584962500721156,NaN,1291.5,6.5,2.584962500721156,NaN,1291.5
5.0,2.1219280948873624,NaN,72.0,5.0,2.1219280948873624,NaN,72.0
2.0,1.0,NaN,57.285714285714285,5.0,1.9790709520302197,NaN,20869.85714285714
51.0,3.975333330660235,0.055963017057241986,13314.628571428571,51.0,3.975333330660235,0.055963017057241986,13314.628571428571
14.285714285714286,3.2798838547503344,0.03584500466853408,0.0,14.285714285714286,3.2798838547503344,0.03584500466853408,0.0
8.571428571428571,2.680767965914367,0.08163265306122448,0.0,8.571428571428571,2.680767965914367,0.08163265306122448,0.0
7.142857142857143,2.513408027110675,NaN,177387.57142857142,7.142857142857143,2.513408027110675,NaN,177387.57142857142
5.0,1.9087528059749477,NaN,53.214285714285715,5.0,1.9087528059749477,NaN,53.214285714285715
2.0,1.0,NaN,42.111111111111114,5.0,2.055261428220696,NaN,13592.222222222223
56.888888888888886,4.16262951963614,0.06044465638074386,1005.5027777777777,56.888888888888886,4.16262951963614,0.06044465638074386,1005.5027777777777
16.11111111111111,3.0267538058686947,0.061786492374727664,0.0,16.11111111111111,3.0267538058686947,0.061786492374727664,0.0
7.333333333333333,2.7215547623400194,0.01984126984126984,0.0,7.333333333333333,2.7215547623400194,0.01984126984126984,0.0
9.777777777777779,2.731968042172161,NaN,19671.777777777777,9.777777777777779,2.731968042172161,NaN,19671.777777777777
5.333333333333333,1.8078822044755596,NaN,337.6666666666667,5.333333333333333,1.8078822044755596,NaN,337.6666666666667
2.0,1.0,NaN,15.666666666666666,5.0,2.0552614282206956,NaN,17313.666666666668
53.0,4.182680741443555,0.05583030484682727,1543.763888888889,53.0,4.182680741443555,0.05583030484682727,1543.763888888889
23.666666666666668,3.628240358150478,0.05912854030501089,0.0,23.666666666666668,3.628240358150478,0.05912854030501089,0.0
3.6666666666666665,1.386173254332114,0.2222222222222222,0.0,3.6666666666666665,1.386173254332114,0.2222222222222222,0.0
8.0,2.7479520632582415,NaN,2133.0,8.0,2.7479520632582415,NaN,2133.0
3.6666666666666665,1.8306176987765579,NaN,141.33333333333334,3.6666666666666665,1.8306176987765579,NaN,141.33333333333334
2.0,1.0,NaN,47.18181818181818,5.0,1.8944776402632362,NaN,16635.636363636364
57.09090909090909,3.9936995837757436,0.0631286358461939,1864.027272727273,57.09090909090909,3.9936995837757436,0.0631286358461939,1864.027272727273
18.818181818181817,3.4372276560638397,0.05135781034176756,0.0,18.818181818181817,3.4372276560638397,0.05135781034176756,0.0
6.181818181818182,2.532609336834126,0.006493506493506493,0.0,6.181818181818182,2.532609336834126,0.006493506493506493,0.0
7.363636363636363,2.2160752870424103,NaN,49125.0,7.363636363636363,2.2160752870424103,NaN,49125.0
5.181818181818182,1.8351372098573142,NaN,383.27272727272725,5.181818181818182,1.8351372098573142,NaN,383.27272727272725
2.0,1.0,NaN,70.33333333333333,5.0,2.188594761554029,NaN,16781.0
43.333333333333336,4.0642854242934146,0.04952422778509735,13472.133333333335,43.333333333333336,4.0642854242934146,0.04952422778509735,13472.133333333335
15.0,3.1047906477265426,0.03936507936507936,0.0,15.0,3.1047906477265426,0.03936507936507936,0.0
6.0,2.464618729924908,0.011904761904761904,0.0,6.0,2.464618729924908,0.011904761904761904,0.0
6.333333333333333,1.8688900270805269,NaN,46684.0,6.333333333333333,1.8688900270805269,NaN,46684.0
2.6666666666666665,1.1666666666666667,NaN,21.0,2.6666666666666665,1.1666666666666667,NaN,21.0
3.0,1.584962500721156,NaN,541.0,5.0,1.4716022614097977,NaN,18081.666666666668
68.0,4.031525101461522,0.06309855721620428,26.0,68.0,4.031525101461522,0.06309855721620428,26.0
29.0,3.8143719431796277,0.04666666666666667,0.0,29.0,3.8143719431796277,0.04666666666666667,0.0
0.0,0.0,NaN,0.0,0.0,0.0,NaN,0.0
5.666666666666667,2.0083954765543357,NaN,13089.0,5.666666666666667,2.0083954765543357,NaN,13089.0
5.0,2.0552614282206956,NaN,57.0,5.0,2.0552614282206956,NaN,57.0
3.0,1.066443982202638,NaN,153.55555555555554,5.0,2.2774836504429175,NaN,13320.111111111111
48.77777777777778,4.047664599830437,0.0572998483480363,75.44444444444444,48.77777777777778,4.047664599830437,0.0572998483480363,75.44444444444444
10.777777777777779,3.1940350093657384,0.017138707334785768,0.0,10.777777777777779,3.1940350093657384,0.017138707334785768,0.0
8.777777777777779,2.96764983253601,0.01851851851851852,0.0,8.777777777777779,2.96764983253601,0.01851851851851852,0.0
11.0,3.113699289912907,NaN,10502.333333333334,11.0,3.113699289912907,NaN,10502.333333333334
3.5555555555555554,0.7398774885561346,NaN,1294.9444444444443,3.5555555555555554,0.7398774885561346,NaN,1294.9444444444443
3.0,1.3388086545673101,NaN,684.9230769230769,5.0,1.9096204025796708,NaN,14317.2
62.90769230769231,4.271177177342257,0.05180504870328256,233.23443223443235,62.90769230769231,4.271177177342257,0.05180504870328256,233.23443223443235
11.0,2.899818616377798,0.05242835595776775,0.0,11.0,2.899818616377798,0.05242835595776775,0.0
7.061538461538461,2.639303203891792,0.021145521145521155,0.0,7.061538461538461,2.639303203891792,0.021145521145521155,0.0
10.446153846153846,2.911290162269354,NaN,14883.861538461539,10.446153846153846,2.911290162269354,NaN,14883.861538461539
5.769230769230769,1.9823301318999602,NaN,764.5,5.769230769230769,1.9823301318999602,NaN,764.5
3.0,1.545746814446646,NaN,544.7058823529412,5.0,2.1101633890050095,NaN,13013.29411764706
48.470588235294116,4.100700859427707,0.05158664076422686,600.0980392156864,48.470588235294116,4.100700859427707,0.05158664076422686,600.0980392156864
15.117647058823529,3.2430765232340746,0.051765804360960066,0.0,15.117647058823529,3.2430765232340746,0.051765804360960066,0.0
5.764705882352941,2.3903106498502615,0.0058823529411764705,0.0,5.764705882352941,2.3903106498502615,0.0058823529411764705,0.0
8.294117647058824,2.647011160704123,NaN,16125.911764705883,8.294117647058824,2.647011160704123,NaN,16125.911764705883
5.411764705882353,1.6586461680852806,NaN,223.23529411764707,5.411764705882353,1.6586461680852806,NaN,223.23529411764707
3.0,1.584962500721156,NaN,215.0,5.0,2.321928094887362,NaN,12643.0
147.0,4.3686741647876675,0.054693063666144424,1.2,147.0,4.3686741647876675,0.054693063666144424,1.2
11.0,3.0957952550009344,0.044444444444444446,0.0,11.0,3.0957952550009344,0.044444444444444446,0.0
18.0,3.683542362433231,0.03676470588235294,0.0,18.0,3.683542362433231,0.03676470588235294,0.0
10.0,3.121928094887362,0.03571428571428571,1.5,10.0,3.121928094887362,0.03571428571428571,1.5
5.0,1.9219280948873623,NaN,90.5,5.0,1.9219280948873623,NaN,90.5
3.1878914405010437,1.4510447030908762,NaN,821.4091858037579,5.0,1.8675503912949274,NaN,16295.51356993737
56.70563674321503,4.079001463079346,0.05668084068829888,1815.7649915498553,56.70563674321503,4.079001463079346,0.05668084068829888,1815.7649915498553
18.1419624217119,3.4014255295784923,0.04939051451638952,0.081419624217119,18.1419624217119,3.4014255295784923,0.04939051451638952,0.081419624217119
7.3215031315240084,2.548130881855732,NaN,0.32150313152400833,7.3215031315240084,2.548130881855732,NaN,0.32150313152400833
7.8893528183716075,2.619613505872168,NaN,51899.31670146138,7.8893528183716075,2.619613505872168,NaN,51899.31670146138
5.175365344467641,1.8447885373324617,NaN,1040.4968684759917,5.175365344467641,1.8447885373324617,NaN,1040.4968684759917
3.0,1.584962500721156,NaN,278.0,5.0,2.321928094887362,NaN,17506.0
80.0,3.971488947823953,0.06605222734254991,8.0,80.0,3.971488947823953,0.06605222734254991,8.0
21.0,3.5351745656359026,0.06535947712418301,0.0,21.0,3.5351745656359026,0.06535947712418301,0.0
7.0,2.807354922057605,0.0,0.0,7.0,2.807354922057605,0.0,0.0
5.0,1.370950594454669,NaN,89939.0,5.0,1.370950594454669,NaN,89939.0
4.0,1.5,NaN,2595.0,4.0,1.5,NaN,2595.0
3.0,1.584962500721156,NaN,720.2222222222222,5.0,2.321928094887362,NaN,18315.666666666668
52.77777777777778,4.009817182818813,0.06854726846957525,1784792.2777777778,52.77777777777778,4.009817182818813,0.06854726846957525,1784792.2777777778
17.666666666666668,3.277357995494591,0.054803402842618525,0.0,17.666666666666668,3.277357995494591,0.054803402842618525,0.0
9.11111111111111,2.703362753970394,0.06233766233766233,0.0,9.11111111111111,2.703362753970394,0.06233766233766233,0.0
7.444444444444445,2.2259509861508056,NaN,1791038.9444444445,7.444444444444445,2.2259509861508056,NaN,1791038.9444444445
5.555555555555555,1.8561640432761806,NaN,289.8333333333333,5.555555555555555,1.8561640432761806,NaN,289.8333333333333
3.772277227722772,1.7619221536295708,NaN,1472.5940594059407,5.0,2.151631065184395,NaN,14151.0
58.35643564356435,4.090340095102486,0.05749846570898964,586.4042904290429,58.35643564356435,4.090340095102486,0.05749846570898964,586.4042904290429
15.306930693069306,3.1643136567049286,0.046919677746701624,0.297029702970297,15.306930693069306,3.1643136567049286,0.046919677746701624,0.297029702970297
7.485148514851486,2.4322125429995585,NaN,0.06930693069306931,7.485148514851486,2.4322125429995585,NaN,0.06930693069306931
6.356435643564357,2.4412774230666843,NaN,19757.86798679868,6.356435643564357,2.4412774230666843,NaN,19757.86798679868
4.663366336633663,1.6784786654756005,NaN,706.9257425742575,4.663366336633663,1.6784786654756005,NaN,706.9257425742575
3.32,1.4825464170560907,NaN,1126.52,5.0,1.9158889948700548,NaN,16388.68
56.48,4.083525197955968,0.056984597687018565,1261.52,56.48,4.083525197955968,0.056984597687018565,1261.52
18.2,3.3827908853340194,0.052125174172233,0.0,18.2,3.3827908853340194,0.052125174172233,0.0
6.24,2.3454866862538055,NaN,0.84,6.24,2.3454866862538055,NaN,0.84
8.28,2.553277994029179,NaN,1135593.94,8.28,2.553277994029179,NaN,1135593.94
5.08,1.856722182651726,NaN,774.46,5.08,1.856722182651726,NaN,774.46
3.225806451612903,1.4331878700947331,NaN,817.6774193548387,4.67741935483871,1.9219729606277474,NaN,13751.451612903225
67.96774193548387,4.12245760114886,0.05959514124888327,4919.480798771121,67.96774193548387,4.12245760114886,0.05959514124888327,4919.480798771121
28.741935483870968,3.805365576162086,0.047269660552392984,0.0,28.741935483870968,3.805365576162086,0.047269660552392984,0.0
0.0,0.0,NaN,0.0,0.0,0.0,NaN,0.0
5.225806451612903,2.0269638312763303,NaN,38585.8064516129,5.225806451612903,2.0269638312763303,NaN,38585.8064516129
5.032258064516129,2.236290902233383,NaN,50.87096774193548,5.032258064516129,2.236290902233383,NaN,50.87096774193548
2.0,1.0,NaN,65.75,5.0,2.071928094887362,NaN,16068.625
70.25,4.053339970781509,0.06186828101351717,67.71875,70.25,4.053339970781509,0.06186828101351717,67.71875
21.375,3.506827089317346,0.05698062558356676,0.0,21.375,3.506827089317346,0.05698062558356676,0.0
6.375,2.5814355568004044,0.0,0.0,6.375,2.5814355568004044,0.0,0.0
6.0,2.1564272721421487,NaN,36320.25,6.0,2.1564272721421487,NaN,36320.25
5.75,2.29876354233662,NaN,565.5,5.75,2.29876354233662,NaN,565.5
3.0,1.584962500721156,NaN,664.3333333333334,5.0,2.321928094887362,NaN,12623.0
40.0,3.907245807969034,0.058944007710611125,4000.0,40.0,3.907245807969034,0.058944007710611125,4000.0
7.0,2.4129670855342105,0.015151515151515152,0.0,7.0,2.4129670855342105,0.015151515151515152,0.0
7.666666666666667,2.739111217775848,0.018518518518518517,0.0,7.666666666666667,2.739111217775848,0.018518518518518517,0.0
8.666666666666666,2.7610694452457287,0.0,95.66666666666667,8.666666666666666,2.7610694452457287,0.0,95.66666666666667
4.333333333333333,1.5873840079430714,NaN,78.33333333333333,4.333333333333333,1.5873840079430714,NaN,78.33333333333333
3.0,1.584962500721156,NaN,918.0,5.0,2.321928094887362,NaN,19708.5
72.0,4.050903069176913,0.06544056828686809,35.0,72.0,4.050903069176913,0.06544056828686809,35.0
21.0,3.535174565635903,0.06535947712418301,0.0,21.0,3.535174565635903,0.06535947712418301,0.0
10.0,2.8692819354839645,0.053030303030303025,0.0,10.0,2.8692819354839645,0.053030303030303025,0.0
6.5,2.1637835785584643,NaN,42526.0,6.5,2.1637835785584643,NaN,42526.0
6.0,2.4217843656153404,NaN,753.5,6.0,2.4217843656153404,NaN,753.5
3.0,1.2738513896100452,NaN,586.3333333333334,5.0,1.921928094887363,NaN,16809.2
46.2,3.925230364564776,0.05776045837965342,73.06666666666666,46.2,3.925230364564776,0.05776045837965342,73.06666666666666
16.333333333333332,3.245282402491099,0.06596949891067537,0.0,16.333333333333332,3.245282402491099,0.06596949891067537,0.0
7.0,2.807354922057605,0.0,0.0,7.0,2.807354922057605,0.0,0.0
6.066666666666666,2.4284414503305385,0.0,1826.3333333333333,6.066666666666666,2.4284414503305385,0.0,1826.3333333333333
5.466666666666667,1.5676649005440928,NaN,92.0,5.466666666666667,1.5676649005440928,NaN,92.0
3.0,0.9182958340544896,NaN,221.0,5.0,1.9219280948873623,NaN,16944.0
47.0,3.8438733624455512,0.07807807807807808,300.0,47.0,3.8438733624455512,0.07807807807807808,300.0
21.0,3.630412660873998,0.0457516339869281,0.0,21.0,3.630412660873998,0.0457516339869281,0.0
6.0,2.584962500721156,0.0,0.0,6.0,2.584962500721156,0.0,0.0
9.0,2.94770277922009,0.0,300.0,9.0,2.94770277922009,0.0,300.0
5.0,1.9219280948873623,NaN,58.0,5.0,1.9219280948873623,NaN,58.0
3.0,1.5849625007211559,NaN,448.5,5.0,1.921928094887363,NaN,10853.07142857143
63.857142857142854,3.953628105966717,0.05775660485107152,0.6571428571428571,63.857142857142854,3.953628105966717,0.05775660485107152,0.6571428571428571
15.071428571428571,3.3324877218202746,0.06292517006802721,2.7857142857142856,15.071428571428571,3.3324877218202746,0.06292517006802721,2.7857142857142856
8.642857142857142,2.4673113108630993,0.07738095238095237,0.0,8.642857142857142,2.4673113108630993,0.07738095238095237,0.0
11.0,3.4285557257661057,0.0,1530.1904761904764,11.0,3.4285557257661057,0.0,1530.1904761904764
4.857142857142857,1.8978591238754912,NaN,85.25,4.857142857142857,1.8978591238754912,NaN,85.25
3.0,1.3716291673878223,NaN,601.12,5.0,2.0339280948873624,NaN,15124.72
55.32,4.098542560219313,0.06036564096325115,100.79333333333334,55.32,4.098542560219313,0.06036564096325115,100.79333333333334
16.92,3.3600425628602517,0.05772951231774761,0.24,16.92,3.3600425628602517,0.05772951231774761,0.24
7.52,2.640957629785809,0.04507936507936506,0.0,7.52,2.640957629785809,0.04507936507936506,0.0
9.0,2.7581627730791736,NaN,30430.07,9.0,2.7581627730791736,NaN,30430.07
5.56,1.5362912985165647,NaN,1314.52,5.56,1.5362912985165647,NaN,1314.52
2.0,1.0,NaN,73.75,5.0,1.784183719779189,NaN,14099.5
49.25,4.112263722113731,0.049606050149528416,206.25,49.25,4.112263722113731,0.049606050149528416,206.25
11.25,2.9462936414089755,0.04312558356676004,0.0,11.25,2.9462936414089755,0.04312558356676004,0.0
3.25,1.4518387305144012,0.0,0.0,3.25,1.4518387305144012,0.0,0.0
7.75,2.6876866963458106,NaN,22466.0,7.75,2.6876866963458106,NaN,22466.0
6.0,2.220175521464345,NaN,225.375,6.0,2.220175521464345,NaN,225.375
3.0,1.2516291673878228,NaN,763.0,5.0,1.9219280948873623,NaN,15273.5
34.5,3.8999367099769406,0.0558839627805145,180.0,34.5,3.8999367099769406,0.0558839627805145,180.0
6.0,2.375,0.017857142857142856,0.0,6.0,2.375,0.017857142857142856,0.0
6.0,2.4217843656153404,0.023809523809523808,0.0,6.0,2.4217843656153404,0.023809523809523808,0.0
7.0,2.745926548164837,0.0,590.5,7.0,2.745926548164837,0.0,590.5
5.0,1.721928094887362,NaN,45.0,5.0,1.721928094887362,NaN,45.0
3.0,1.584962500721156,NaN,378.0,5.0,2.321928094887362,NaN,16907.0
32.0,4.277518266288632,0.0261437908496732,315513.5,32.0,4.277518266288632,0.0261437908496732,315513.5
15.0,3.32323142879762,0.0641025641025641,3.0,15.0,3.32323142879762,0.0641025641025641,3.0
6.0,2.2516291673878226,0.06666666666666667,0.0,6.0,2.2516291673878226,0.06666666666666667,0.0
6.0,2.2516291673878226,NaN,631012.0,6.0,2.2516291673878226,NaN,631012.0
5.0,1.9219280948873627,NaN,74.5,5.0,1.9219280948873627,NaN,74.5
3.0,0.9182958340544896,NaN,266.0,5.0,1.9219280948873623,NaN,15128.0
43.0,3.963617010758351,0.053475935828877004,500.0,43.0,3.963617010758351,0.053475935828877004,500.0
11.0,3.0957952550009344,0.044444444444444446,0.0,11.0,3.0957952550009344,0.044444444444444446,0.0
6.0,2.584962500721156,0.0,0.0,6.0,2.584962500721156,0.0,0.0
5.0,1.9219280948873623,NaN,34945.0,5.0,1.9219280948873623,NaN,34945.0
5.0,1.9219280948873623,NaN,88.0,5.0,1.9219280948873623,NaN,88.0
3.0,0.9182958340544898,NaN,654.7142857142857,5.0,2.321928094887362,NaN,20390.14285714286
79.0,4.355817496254642,0.04459178604377668,86.28571428571429,79.0,4.355817496254642,0.04459178604377668,86.28571428571429
13.428571428571429,3.2484840818265317,0.03767660910518054,0.0,13.428571428571429,3.2484840818265317,0.03767660910518054,0.0
5.428571428571429,2.075938367046311,0.08571428571428572,0.0,5.428571428571429,2.075938367046311,0.08571428571428572,0.0
8.0,2.8793770088899384,NaN,2149312.8571428573,8.0,2.8793770088899384,NaN,2149312.8571428573
5.0,1.9219280948873627,NaN,73.92857142857143,5.0,1.9219280948873627,NaN,73.92857142857143
3.0,1.584962500721156,NaN,856.0,5.0,2.321928094887362,NaN,19780.0
83.0,4.038748121604051,0.06386946386946386,8.0,83.0,4.038748121604051,0.06386946386946386,8.0
21.0,3.535174565635903,0.06535947712418301,0.0,21.0,3.535174565635903,0.06535947712418301,0.0
7.0,2.8073549220576046,0.0,0.0,7.0,2.8073549220576046,0.0,0.0
5.0,1.5219280948873621,NaN,89892.0,5.0,1.5219280948873621,NaN,89892.0
4.0,1.5,NaN,2240.0,4.0,1.5,NaN,2240.0
3.0,1.584962500721156,NaN,576.0,5.0,1.9219280948873627,NaN,18152.0
65.0,4.136228039967,0.05827937095282147,50.0,65.0,4.136228039967,0.05827937095282147,50.0
21.0,3.5351745656359026,0.06535947712418301,0.0,21.0,3.5351745656359026,0.06535947712418301,0.0
7.0,2.807354922057605,0.0,0.0,7.0,2.807354922057605,0.0,0.0
5.0,1.9219280948873627,NaN,27647.0,5.0,1.9219280948873627,NaN,27647.0
7.0,1.3787834934861753,NaN,1009.0,7.0,1.3787834934861753,NaN,1009.0
3.0,1.214592130350786,NaN,714.1111111111111,5.0,2.233039205998473,NaN,15251.0
55.666666666666664,4.033152490454149,0.05845997483292044,4849.055555555556,55.666666666666664,4.033152490454149,0.05845997483292044,4849.055555555556
15.88888888888889,3.146926187308306,0.050555834869560355,0.6666666666666666,15.88888888888889,3.146926187308306,0.050555834869560355,0.6666666666666666
6.555555555555555,2.635990230305487,0.010582010582010581,0.0,6.555555555555555,2.635990230305487,0.010582010582010581,0.0
5.888888888888889,2.1103718518995738,NaN,60837.88888888889,5.888888888888889,2.1103718518995738,NaN,60837.88888888889
5.555555555555555,1.850013181261371,NaN,157.66666666666666,5.555555555555555,1.850013181261371,NaN,157.66666666666666
2.9,1.059799583982374,NaN,663.5,5.0,2.201928094887362,NaN,19390.3
69.7,4.0368017801514995,0.06109184915995712,173.65,69.7,4.0368017801514995,0.06109184915995712,173.65
17.3,3.3368150054338686,0.05567226890756303,0.0,17.3,3.3368150054338686,0.05567226890756303,0.0
6.4,2.5463013623714144,0.010714285714285714,0.0,6.4,2.5463013623714144,0.010714285714285714,0.0
6.1,1.8194094519210615,NaN,60910.6,6.1,1.8194094519210615,NaN,60910.6
6.0,1.8914766122161477,NaN,1389.55,6.0,1.8914766122161477,NaN,1389.55
2.0,1.0,NaN,70.42857142857143,5.0,2.055261428220696,NaN,16606.285714285714
34.76190476190476,4.069171087803979,0.043386706844263774,8484.0,34.76190476190476,4.069171087803979,0.043386706844263774,8484.0
12.333333333333334,3.011724855211968,0.04559601618425147,0.0,12.333333333333334,3.011724855211968,0.04559601618425147,0.0
5.333333333333333,2.089876958035817,0.00925925925925926,0.0,5.333333333333333,2.089876958035817,0.00925925925925926,0.0
7.380952380952381,2.3287970991060583,NaN,6845.952380952381,7.380952380952381,2.3287970991060583,NaN,6845.952380952381
4.333333333333333,1.8038841667901413,NaN,66.19047619047619,4.333333333333333,1.8038841667901413,NaN,66.19047619047619
2.0,1.0,NaN,67.0,5.0,1.9219280948873623,NaN,14615.0
36.0,4.141604167868593,0.039886039886039885,5000.0,36.0,4.141604167868593,0.039886039886039885,5000.0
21.0,3.5351745656359035,0.06535947712418301,0.0,21.0,3.5351745656359035,0.06535947712418301,0.0
9.0,2.9477027792200903,0.027777777777777776,0.0,9.0,2.9477027792200903,0.027777777777777776,0.0
8.0,2.4056390622295662,0.0,14.0,8.0,2.4056390622295662,0.0,14.0
5.0,1.9219280948873623,NaN,54.5,5.0,1.9219280948873623,NaN,54.5
2.0,0.3333333333333333,NaN,83.22222222222223,5.0,2.188594761554029,NaN,16211.666666666666
85.77777777777777,4.303953012005533,0.04903121507066827,4861.166666666667,85.77777777777777,4.303953012005533,0.04903121507066827,4861.166666666667
12.666666666666666,3.221043174753969,0.04120879120879121,0.0,12.666666666666666,3.221043174753969,0.04120879120879121,0.0
4.666666666666667,1.9083805287887665,0.06666666666666667,0.0,4.666666666666667,1.9083805287887665,0.06666666666666667,0.0
9.222222222222221,2.392589228424736,NaN,6198.666666666667,9.222222222222221,2.392589228424736,NaN,6198.666666666667
5.0,1.9813003443571442,NaN,84.5,5.0,1.9813003443571442,NaN,84.5
2.0,1.0,NaN,83.66666666666667,5.0,2.321928094887362,NaN,21263.11111111111
34.333333333333336,3.963616632894942,0.062010542686871194,2453.8888888888887,34.333333333333336,3.963616632894942,0.062010542686871194,2453.8888888888887
21.0,3.5351745656359026,0.06535947712418301,0.0,21.0,3.5351745656359026,0.06535947712418301,0.0
6.777777777777778,2.600050176813019,0.012345679012345678,0.0,6.777777777777778,2.600050176813019,0.012345679012345678,0.0
8.555555555555555,2.706785571668746,0.0,72779.55555555556,8.555555555555555,2.706785571668746,0.0,72779.55555555556
3.3333333333333335,1.4097458199499389,NaN,49.22222222222222,3.3333333333333335,1.4097458199499389,NaN,49.22222222222222
3.0,1.584962500721156,NaN,582.7142857142857,5.0,2.321928094887362,NaN,18385.428571428572
70.28571428571429,4.041184323914574,0.07534334595442717,11586.142857142857,70.28571428571429,4.041184323914574,0.07534334595442717,11586.142857142857
19.857142857142858,3.443742239736332,0.04962118180605576,0.0,19.857142857142858,3.443742239736332,0.04962118180605576,0.0
8.571428571428571,2.418845612533094,0.05815295815295816,0.0,8.571428571428571,2.418845612533094,0.05815295815295816,0.0
9.428571428571429,3.035698072177264,NaN,11538.857142857143,9.428571428571429,3.035698072177264,NaN,11538.857142857143
3.857142857142857,1.8569633845625988,NaN,200.5,3.857142857142857,1.8569633845625988,NaN,200.5
4.0,1.5752872640693032,NaN,1650.3396226415093,5.0,1.994551160916935,NaN,17295.377358490565
67.13207547169812,4.102821305503907,0.055792642410085615,46.99449685534591,67.13207547169812,4.102821305503907,0.055792642410085615,46.99449685534591
29.0,3.8143719431796246,0.04666666666666669,0.0,29.0,3.8143719431796246,0.04666666666666669,0.0
0.0,0.0,NaN,0.0,0.0,0.0,NaN,0.0
5.660377358490566,2.0586548959013933,NaN,310986.62264150946,5.660377358490566,2.0586548959013933,NaN,310986.62264150946
4.981132075471698,2.0667973761159035,NaN,52.301886792452834,4.981132075471698,2.0667973761159035,NaN,52.301886792452834
4.0,1.4370927081530442,NaN,1701.3333333333333,5.0,2.0552614282206956,NaN,16410.0
50.0,4.032081606426633,0.049288070586245035,12.0,50.0,4.032081606426633,0.049288070586245035,12.0
24.333333333333332,3.650658438385625,0.05247863247863247,1.0,24.333333333333332,3.650658438385625,0.05247863247863247,1.0
0.0,0.0,NaN,0.0,0.0,0.0,NaN,0.0
7.0,2.4465504815918866,NaN,32772.666666666664,7.0,2.4465504815918866,NaN,32772.666666666664
5.0,1.871602261409798,NaN,51.333333333333336,5.0,1.871602261409798,NaN,51.333333333333336
4.0,2.0,NaN,1700.0,4.0,2.0,NaN,5086.5
55.0,4.0209910067505135,0.05304584241836927,15.25,55.0,4.0209910067505135,0.05304584241836927,15.25
22.0,3.568801685988624,0.05538461538461538,1.5,22.0,3.568801685988624,0.05538461538461538,1.5
0.0,0.0,NaN,0.0,0.0,0.0,NaN,0.0
8.0,2.7088616749441483,NaN,19075.5,8.0,2.7088616749441483,NaN,19075.5
5.0,1.6464393446710155,NaN,49.25,5.0,1.6464393446710155,NaN,49.25
4.0,1.608695652173913,NaN,1634.4782608695652,5.0,2.078449834017797,NaN,18345.608695652172
71.8695652173913,4.145703680853399,0.06002980656838464,236.563768115942,71.8695652173913,4.145703680853399,0.06002980656838464,236.563768115942
27.782608695652176,3.7716640723638,0.048182831661092516,0.2608695652173913,27.782608695652176,3.7716640723638,0.048182831661092516,0.2608695652173913
0.0,0.0,NaN,0.0,0.0,0.0,NaN,0.0
5.869565217391305,2.165156676661902,NaN,257746.26086956522,5.869565217391305,2.165156676661902,NaN,257746.26086956522
5.0,1.9261909209366936,NaN,51.56521739130435,5.0,1.9261909209366936,NaN,51.56521739130435
4.0,1.1556390622295665,NaN,1699.5,5.0,1.7219280948873623,NaN,17071.0
58.5,4.113120615145018,0.04930156400744636,18.0,58.5,4.113120615145018,0.04930156400744636,18.0
29.0,3.8143719431796272,0.04666666666666667,0.0,29.0,3.8143719431796272,0.04666666666666667,0.0
0.0,0.0,NaN,0.0,0.0,0.0,NaN,0.0
5.0,2.121928094887362,NaN,48663.5,5.0,2.121928094887362,NaN,48663.5
5.0,2.121928094887362,NaN,42.5,5.0,2.121928094887362,NaN,42.5
4.0,1.3622556248918265,NaN,1701.4,5.0,2.0019280948873623,NaN,16767.6
76.6,4.12023796428806,0.05797318055382572,32.93333333333333,76.6,4.12023796428806,0.05797318055382572,32.93333333333333
29.0,3.8143719431796272,0.04666666666666667,0.0,29.0,3.8143719431796272,0.04666666666666667,0.0
0.0,0.0,NaN,0.0,0.0,0.0,NaN,0.0
5.0,1.5611460945412072,NaN,41811.2,5.0,1.5611460945412072,NaN,41811.2
5.0,2.0019280948873623,NaN,40.3,5.0,2.0019280948873623,NaN,40.3
4.0,1.8333333333333333,NaN,1772.5,4.666666666666667,1.9812853965915747,NaN,13841.166666666666
62.666666666666664,4.073477811622355,0.058828215823781616,186.19444444444446,62.666666666666664,4.073477811622355,0.058828215823781616,186.19444444444446
26.0,3.6946091618165116,0.0462962962962963,0.0,26.0,3.6946091618165116,0.0462962962962963,0.0
0.0,0.0,NaN,0.0,0.0,0.0,NaN,0.0
5.833333333333333,2.0716613690621952,NaN,32010.0,5.833333333333333,2.0716613690621952,NaN,32010.0
4.666666666666667,1.9324338291929948,NaN,53.666666666666664,4.666666666666667,1.9324338291929948,NaN,53.666666666666664
4.0,1.75,NaN,1468.0,5.0,2.321928094887362,NaN,17930.5
73.5,4.160858903705455,0.05703383534814615,14.0,73.5,4.160858903705455,0.05703383534814615,14.0
24.0,3.4978691360355434,0.06254901960784313,0.0,24.0,3.4978691360355434,0.06254901960784313,0.0
0.0,0.0,NaN,0.0,0.0,0.0,NaN,0.0
5.0,2.1219280948873624,NaN,78706.5,5.0,2.1219280948873624,NaN,78706.5
5.0,2.1219280948873624,NaN,71.25,5.0,2.1219280948873624,NaN,71.25
4.0,1.6666666666666667,NaN,1590.3333333333333,5.0,2.0552614282206956,NaN,17044.0
57.333333333333336,4.076120254313683,0.0542856337684696,11.666666666666666,57.333333333333336,4.076120254313683,0.0542856337684696,11.666666666666666
29.0,3.8143719431796277,0.04666666666666667,0.0,29.0,3.8143719431796277,0.04666666666666667,0.0
0.0,0.0,NaN,0.0,0.0,0.0,NaN,0.0
6.333333333333333,2.249038174850123,NaN,84769.66666666667,6.333333333333333,2.249038174850123,NaN,84769.66666666667
4.333333333333333,1.942939563498627,NaN,44.333333333333336,4.333333333333333,1.942939563498627,NaN,44.333333333333336
4.0,1.5833333333333333,NaN,1637.1666666666667,5.0,2.2552614282206953,NaN,18153.333333333332
67.33333333333333,4.12123671183638,0.057128381907323715,114.77916666666665,67.33333333333333,4.12123671183638,0.057128381907323715,114.77916666666665
29.0,3.814371943179627,0.04666666666666667,0.0,29.0,3.814371943179627,0.04666666666666667,0.0
0.0,0.0,NaN,0.0,0.0,0.0,NaN,0.0
5.166666666666667,2.0991004958596613,NaN,64629.833333333336,5.166666666666667,2.0991004958596613,NaN,64629.833333333336
5.0,1.9219280948873625,NaN,57.583333333333336,5.0,1.9219280948873625,NaN,57.583333333333336
4.0,1.54779447911258,NaN,1670.9333333333334,5.0,2.121928094887362,NaN,17558.3
70.6,4.0930399743504084,0.05817746478146426,37.955555555555556,70.6,4.0930399743504084,0.05817746478146426,37.955555555555556
28.133333333333333,3.740058295097677,0.045111111111111095,0.1,28.133333333333333,3.740058295097677,0.045111111111111095,0.1
0.0,0.0,NaN,0.0,0.0,0.0,NaN,0.0
5.266666666666667,2.018101202079716,NaN,36180.1,5.266666666666667,2.018101202079716,NaN,36180.1
4.933333333333334,2.0171328885615387,NaN,51.93333333333333,4.933333333333334,2.0171328885615387,NaN,51.93333333333333
4.0,1.75,NaN,1691.9,4.6,1.9780591068891482,NaN,12883.6
50.2,4.137091757160088,0.0559934772054558,1416.75,50.2,4.137091757160088,0.0559934772054558,1416.75
12.0,3.1869096517469404,0.01834547152194211,0.0,12.0,3.1869096517469404,0.01834547152194211,0.0
0.0,0.0,NaN,0.0,0.0,0.0,NaN,0.0
0.0,0.0,NaN,0.0,0.0,0.0,NaN,0.0
3.1,1.3921928094887364,NaN,38.95,3.1,1.3921928094887364,NaN,38.95
3.5,1.542481250360578,NaN,1210.5,3.5,1.792481250360578,NaN,2390.5
52.5,4.1578142636105335,0.0535204991087344,1630.0,52.5,4.1578142636105335,0.0535204991087344,1630.0
17.0,3.2107027917212485,0.05046583850931677,0.0,17.0,3.2107027917212485,0.05046583850931677,0.0
0.0,0.0,NaN,0.0,0.0,0.0,NaN,0.0
0.0,0.0,NaN,0.0,0.0,0.0,NaN,0.0
2.5,1.292481250360578,NaN,31.25,2.5,1.292481250360578,NaN,31.25
3.7777777777777777,1.4762461806290066,NaN,1427.111111111111,4.185185185185185,1.7335473147612772,NaN,9163.518518518518
56.77777777777778,4.060095333699129,0.05498105119662295,273.7345679012346,56.77777777777778,4.060095333699129,0.05498105119662295,273.7345679012346
21.77777777777778,3.4880621147988755,0.03787899497544674,0.3333333333333333,21.77777777777778,3.4880621147988755,0.03787899497544674,0.3333333333333333
0.0,0.0,NaN,0.0,0.0,0.0,NaN,0.0
3.962962962962963,1.472311063767689,NaN,15770.851851851852,3.962962962962963,1.472311063767689,NaN,15770.851851851852
4.407407407407407,1.7637618295408528,NaN,50.166666666666664,4.407407407407407,1.7637618295408528,NaN,50.166666666666664
3.0,1.4738513896100451,NaN,725.1666666666666,5.0,1.9634318448152468,NaN,16673.666666666668
78.16666666666667,4.181783677767199,0.06313502624859972,98.25396825396825,78.16666666666667,4.181783677767199,0.06313502624859972,98.25396825396825
29.0,3.814371943179627,0.04666666666666667,0.0,29.0,3.814371943179627,0.04666666666666667,0.0
0.0,0.0,NaN,0.0,0.0,0.0,NaN,0.0
5.0,1.9219280948873623,NaN,50760.0,5.0,1.9219280948873623,NaN,50760.0
4.833333333333333,2.2682734124061352,NaN,45.916666666666664,4.833333333333333,2.2682734124061352,NaN,45.916666666666664
3.0,1.584962500721156,NaN,742.75,5.0,2.0219280948873624,NaN,17549.0
77.25,4.178396941576544,0.06212365430115963,98.60714285714286,77.25,4.178396941576544,0.06212365430115963,98.60714285714286
29.0,3.8143719431796272,0.04666666666666667,0.0,29.0,3.8143719431796272,0.04666666666666667,0.0
0.0,0.0,NaN,0.0,0.0,0.0,NaN,0.0
5.0,1.8219280948873622,NaN,54526.0,5.0,1.8219280948873622,NaN,54526.0
5.0,2.321928094887362,NaN,49.125,5.0,2.321928094887362,NaN,49.125
4.0,1.5,NaN,1707.6666666666667,5.0,1.9219280948873623,NaN,13597.666666666666
66.33333333333333,4.22086271094872,0.05483518183790439,1299.625,66.33333333333333,4.22086271094872,0.05483518183790439,1299.625
23.0,3.284696314880703,0.058659003831417623,0.0,23.0,3.284696314880703,0.058659003831417623,0.0
0.0,0.0,NaN,0.0,0.0,0.0,NaN,0.0
1.6666666666666667,0.7739760316291208,NaN,18300.333333333332,1.6666666666666667,0.7739760316291208,NaN,18300.333333333332
3.0,1.307309364962454,NaN,41.0,3.0,1.307309364962454,NaN,41.0
4.0,1.5389097655573916,NaN,1706.75,5.0,1.971928094887362,NaN,18025.625
60.5,4.121970342340174,0.052128556989737646,843.3052083333333,60.5,4.121970342340174,0.052128556989737646,843.3052083333333
26.25,3.6884948155393738,0.04083333333333334,0.0,26.25,3.6884948155393738,0.04083333333333334,0.0
0.0,0.0,NaN,0.0,0.0,0.0,NaN,0.0
5.625,2.0999606944992264,NaN,31406.8125,5.625,2.0999606944992264,NaN,31406.8125
4.125,1.6887050593046014,NaN,42.3125,4.125,1.6887050593046014,NaN,42.3125
3.3913398692810457,1.441565957151337,NaN,1335.5302287581699,4.541666666666667,1.8389296512169033,NaN,11783.839052287582
60.39624183006536,4.106268750444117,0.05807402634244256,2750.289037374208,60.39624183006536,4.106268750444117,0.05807402634244256,2750.289037374208
17.709967320261438,3.3109863124973122,0.04985329602688314,0.051470588235294115,17.709967320261438,3.3109863124973122,0.04985329602688314,0.051470588235294115
7.123366013071895,2.5703109206759103,NaN,0.0024509803921568627,7.123366013071895,2.5703109206759103,NaN,0.0024509803921568627
6.6119281045751634,2.3391217177796166,NaN,303890.78865740733,6.6119281045751634,2.3391217177796166,NaN,303890.78865740733
5.437908496732026,1.935563816831213,NaN,659.0792483660131,5.437908496732026,1.935563816831213,NaN,659.0792483660131
3.7284966342557966,1.6547440240173505,NaN,1392.142857142857,4.534405385190725,1.8830553254278461,NaN,11343.712415856395
56.91510845175767,4.077653779654625,0.05736935673015865,51184.41055733414,56.91510845175767,4.077653779654625,0.05736935673015865,51184.41055733414
16.06731488406881,3.227151154199133,0.0490313798733943,0.24682124158563948,16.06731488406881,3.227151154199133,0.0490313798733943,0.24682124158563948
7.224008975317876,2.51074834445886,NaN,0.12976813762154077,7.224008975317876,2.51074834445886,NaN,0.12976813762154077
7.722513089005235,2.482639469509613,NaN,2904965.5947270016,7.722513089005235,2.482639469509613,NaN,2904965.5947270016
4.928197456993269,1.8533225109847047,NaN,387.6903515332835,4.928197456993269,1.8533225109847047,NaN,387.6903515332835
4.0,1.85,NaN,2214.9,5.0,2.0819280948873624,NaN,16615.6
48.7,4.080948223153954,0.05206137252309097,114.96944444444443,48.7,4.080948223153954,0.05206137252309097,114.96944444444443
12.0,3.067034432166613,0.04743697478991596,0.0,12.0,3.067034432166613,0.04743697478991596,0.0
6.4,2.405982294440146,0.020533910533910533,0.0,6.4,2.405982294440146,0.020533910533910533,0.0
7.3,2.7021606297879295,NaN,3749.95,7.3,2.7021606297879295,NaN,3749.95
4.8,1.8063818077920017,NaN,405.1,4.8,1.8063818077920017,NaN,405.1
3.5,1.3341479170272448,NaN,1294.75,3.75,1.646240625180289,NaN,4406.5
50.5,4.073708664897129,0.05486411736411736,180.875,50.5,4.073708664897129,0.05486411736411736,180.875
19.0,3.4921484723109693,0.023333333333333334,0.0,19.0,3.4921484723109693,0.023333333333333334,0.0
0.0,0.0,NaN,0.0,0.0,0.0,NaN,0.0
2.75,1.0433893155687963,NaN,19179.75,2.75,1.0433893155687963,NaN,19179.75
4.75,1.9414460711655217,NaN,50.625,4.75,1.9414460711655217,NaN,50.625
4.0,1.61076885075411,NaN,1965.8064516129032,4.483870967741935,1.8654490781713045,NaN,10367.258064516129
61.064516129032256,4.10557233095018,0.05567697142308601,331.64426523297493,61.064516129032256,4.10557233095018,0.05567697142308601,331.64426523297493
14.612903225806452,3.065823104097412,0.04547800923512498,0.2903225806451613,14.612903225806452,3.065823104097412,0.04547800923512498,0.2903225806451613
6.451612903225806,2.3874484512143406,NaN,0.6774193548387096,6.451612903225806,2.3874484512143406,NaN,0.6774193548387096
8.483870967741936,2.721135174093889,NaN,5.872910995698924E7,8.483870967741936,2.721135174093889,NaN,5.872910995698924E7
5.129032258064516,1.967593410311563,NaN,146.66129032258064,5.129032258064516,1.967593410311563,NaN,146.66129032258064
3.75,1.7295739585136225,NaN,1510.0,4.75,1.8164460711655217,NaN,12784.5
66.25,4.061008562315335,0.05689807797493026,18.0,66.25,4.061008562315335,0.05689807797493026,18.0
23.0,3.604973910021834,0.06068627450980392,0.0,23.0,3.604973910021834,0.06068627450980392,0.0
8.5,2.797800492280097,0.029487179487179487,0.0,8.5,2.797800492280097,0.029487179487179487,0.0
5.0,2.1219280948873624,NaN,76583.75,5.0,2.1219280948873624,NaN,76583.75
5.0,1.952370903226054,NaN,469.25,5.0,1.952370903226054,NaN,469.25
4.0,1.9285714285714286,NaN,1780.857142857143,4.714285714285714,2.1023615814350474,NaN,13462.57142857143
71.42857142857143,4.0774519864946885,0.06153491494798873,10551.714285714286,71.42857142857143,4.0774519864946885,0.06153491494798873,10551.714285714286
14.285714285714286,3.1097150906534514,0.02761904761904762,0.0,14.285714285714286,3.1097150906534514,0.02761904761904762,0.0
6.0,1.839874485345582,NaN,0.0,6.0,1.839874485345582,NaN,0.0
0.0,0.0,NaN,0.0,0.0,0.0,NaN,0.0
4.571428571428571,1.7178508163733652,NaN,213.0,4.571428571428571,1.7178508163733652,NaN,213.0
3.5714285714285716,1.0539205358688193,NaN,1002.7142857142857,4.0,1.2969275510026166,NaN,4525.857142857143
48.857142857142854,4.074006222497738,0.05398888048217869,154.13095238095238,48.857142857142854,4.074006222497738,0.05398888048217869,154.13095238095238
14.285714285714286,3.2199039511133116,0.044639804639804645,0.8571428571428571,14.285714285714286,3.2199039511133116,0.044639804639804645,0.8571428571428571
6.857142857142857,2.694804343422635,0.014625850340136054,0.0,6.857142857142857,2.694804343422635,0.014625850340136054,0.0
8.428571428571429,2.803880309250398,0.019047619047619046,362.42857142857144,8.428571428571429,2.803880309250398,0.019047619047619046,362.42857142857144
4.857142857142857,1.854370152698783,NaN,121.21428571428571,4.857142857142857,1.854370152698783,NaN,121.21428571428571
4.0,1.648456661132022,NaN,1588.0701754385964,5.0,1.9767440817256736,NaN,15679.815789473685
57.026315789473685,4.096160878330616,0.05449266192842005,722.0630534670008,57.026315789473685,4.096160878330616,0.05449266192842005,722.0630534670008
20.37719298245614,3.443108501583194,0.054224687806410876,0.07894736842105263,20.37719298245614,3.443108501583194,0.054224687806410876,0.07894736842105263
5.9035087719298245,2.0214099364431375,NaN,0.12280701754385964,5.9035087719298245,2.0214099364431375,NaN,0.12280701754385964
7.4298245614035086,2.488818344174981,NaN,261507.64692982455,7.4298245614035086,2.488818344174981,NaN,261507.64692982455
4.807017543859649,1.9130924919832855,NaN,168.59649122807016,4.807017543859649,1.9130924919832855,NaN,168.59649122807016
3.0,1.5294069451656007,NaN,692.5833333333334,4.0,1.7916666666666667,NaN,6976.916666666667
56.416666666666664,4.152334482507226,0.053742597428420975,247.49999999999997,56.416666666666664,4.152334482507226,0.053742597428420975,247.49999999999997
16.5,3.3265710847880174,0.05177847207258971,0.0,16.5,3.3265710847880174,0.05177847207258971,0.0
6.666666666666667,2.5636484326014197,0.019642857142857146,0.0,6.666666666666667,2.5636484326014197,0.019642857142857146,0.0
6.75,2.2454616871916824,NaN,37305.916666666664,6.75,2.2454616871916824,NaN,37305.916666666664
5.083333333333333,1.931859612892285,NaN,87.0,5.083333333333333,1.931859612892285,NaN,87.0
