3.951219512195122,1.7393789380301163,NaN,2967.0,4.951219512195122,1.8232020902164965,NaN,34022.829268292684
38.73170731707317,3.9348970583659466,0.06660709654301168,0.0,38.73170731707317,3.9348970583659466,0.06660709654301168,0.0
12.024390243902438,3.122143190595323,0.05040768797536113,0.0,12.024390243902438,3.122143190595323,0.05040768797536113,0.0
25.414634146341463,3.5554027310762666,NaN,0.0,25.414634146341463,3.5554027310762666,NaN,0.0
48.46341463414634,3.8542015729838406,0.06825515849694581,0.0,48.46341463414634,3.8542015729838406,0.06825515849694581,0.0
6.195121951219512,2.432294155721134,NaN,32.98780487804878,6.195121951219512,2.432294155721134,NaN,32.98780487804878
99.92682926829268,4.239874118561772,0.06769238633203098,1990.621951219512,99.92682926829268,4.239874118561772,0.06769238633203098,1990.621951219512
3.951219512195122,1.8902439024390243,NaN,12.914634146341463,3.951219512195122,1.8902439024390243,NaN,12.914634146341463
7.878048780487805,2.585149932753546,NaN,156.47560975609755,7.878048780487805,2.585149932753546,NaN,156.47560975609755
3.8640776699029127,1.6502786206376812,NaN,2838.4368932038833,4.844660194174757,1.8768457512420282,NaN,30050.922330097088
37.9126213592233,3.8816291126132993,0.05275648098907663,0.019417475728155338,37.9126213592233,3.8816291126132993,0.05275648098907663,0.019417475728155338
13.029126213592233,3.153896566247337,0.05301036516023177,0.0,13.029126213592233,3.153896566247337,0.05301036516023177,0.0
28.009708737864077,3.593312359155598,0.05677591841435518,0.49514563106796117,28.009708737864077,3.593312359155598,0.05677591841435518,0.49514563106796117
45.71844660194175,3.863029915110517,0.056922172714091765,0.0,45.71844660194175,3.863029915110517,0.056922172714091765,0.0
6.271844660194175,2.5567303889978255,NaN,20.733009708737864,6.271844660194175,2.5567303889978255,NaN,20.733009708737864
86.01941747572816,4.3030363833871865,0.06137218389083208,2435.0660194174757,86.01941747572816,4.3030363833871865,0.06137218389083208,2435.0660194174757
4.0,1.8980582524271845,NaN,15.742718446601941,4.0,1.8980582524271845,NaN,15.742718446601941
8.233009708737864,2.5626190543759364,NaN,13.131067961165048,8.233009708737864,2.5626190543759364,NaN,13.131067961165048
4.0,1.7857142857142858,NaN,3206.4285714285716,4.428571428571429,1.6608692726697893,NaN,14869.57142857143
28.142857142857142,3.525203740033312,0.05182668828574204,3.0,28.142857142857142,3.525203740033312,0.05182668828574204,3.0
11.571428571428571,3.068600428160827,0.05584415584415585,0.0,11.571428571428571,3.068600428160827,0.05584415584415585,0.0
17.714285714285715,3.3529258270519264,0.04540078821370286,0.0,17.714285714285715,3.3529258270519264,0.04540078821370286,0.0
45.142857142857146,3.787118976458953,0.06910760551875536,0.0,45.142857142857146,3.787118976458953,0.06910760551875536,0.0
6.0,2.3944863102449654,NaN,34.785714285714285,6.0,2.3944863102449654,NaN,34.785714285714285
74.0,4.131298753226752,0.07227476692353905,2008.0,74.0,4.131298753226752,0.07227476692353905,2008.0
4.0,1.9285714285714286,NaN,17.928571428571427,4.0,1.9285714285714286,NaN,17.928571428571427
8.571428571428571,2.767734921459099,0.0,18.5,8.571428571428571,2.767734921459099,0.0,18.5
3.905982905982906,1.6879570780361404,NaN,2973.25641025641,4.615384615384615,1.9073319678792897,NaN,22580.905982905984
37.47008547008547,3.8398795817764833,0.0586885036519604,17.53846153846154,37.47008547008547,3.8398795817764833,0.0586885036519604,17.53846153846154
11.632478632478632,3.080667286492848,0.05687990512186631,0.0,11.632478632478632,3.080667286492848,0.05687990512186631,0.0
26.863247863247864,3.597392558786484,NaN,18.0,26.863247863247864,3.597392558786484,NaN,18.0
44.05128205128205,3.869209669852293,0.058127643015211,0.0,44.05128205128205,3.869209669852293,0.058127643015211,0.0
6.3076923076923075,2.5436464638051652,NaN,22.45299145299145,6.3076923076923075,2.5436464638051652,NaN,22.45299145299145
86.47008547008546,4.274201212554063,0.06009222009006112,2445.7970085470088,86.47008547008546,4.274201212554063,0.06009222009006112,2445.7970085470088
4.0256410256410255,1.865264327783154,NaN,16.353276353276353,4.0256410256410255,1.865264327783154,NaN,16.353276353276353
8.350427350427351,2.5915130974771623,NaN,13.551282051282051,8.350427350427351,2.5915130974771623,NaN,13.551282051282051
3.918918918918919,1.871753716274688,NaN,3292.2162162162163,5.0,2.1921983651576338,NaN,34469.7027027027
42.972972972972975,3.9895330860126714,0.05720481129232677,0.6486486486486487,42.972972972972975,3.9895330860126714,0.05720481129232677,0.6486486486486487
11.324324324324325,3.1195119783392213,0.046594515015567634,0.0,11.324324324324325,3.1195119783392213,0.046594515015567634,0.0
29.16216216216216,3.687525641078441,0.06229729824976319,0.16216216216216217,29.16216216216216,3.687525641078441,0.06229729824976319,0.16216216216216217
35.567567567567565,3.7929977265665498,0.046779098526061325,0.0,35.567567567567565,3.7929977265665498,0.046779098526061325,0.0
6.108108108108108,2.5814570663292526,NaN,16.45945945945946,6.108108108108108,2.5814570663292526,NaN,16.45945945945946
67.89189189189189,4.228666747663807,0.058732817245806736,2011.2162162162163,67.89189189189189,4.228666747663807,0.058732817245806736,2011.2162162162163
4.0,1.945945945945946,NaN,16.094594594594593,4.0,1.945945945945946,NaN,16.094594594594593
8.675675675675675,2.7025323961487975,NaN,122.89189189189189,8.675675675675675,2.7025323961487975,NaN,122.89189189189189
3.0,1.489724405483061,NaN,263.7142857142857,5.0,2.071788451968406,NaN,46945.71428571428
27.857142857142858,3.8866677604209707,0.04369247699079632,0.0,27.857142857142858,3.8866677604209707,0.04369247699079632,0.0
12.571428571428571,3.1957857497695983,0.07590187590187591,0.0,12.571428571428571,3.1957857497695983,0.07590187590187591,0.0
9.571428571428571,2.2321655239476814,0.011653356994971902,0.0,9.571428571428571,2.2321655239476814,0.011653356994971902,0.0
52.285714285714285,4.026533449730328,0.06336115462128493,0.0,52.285714285714285,4.026533449730328,0.06336115462128493,0.0
6.0,2.5849625007211565,NaN,15.0,6.0,2.5849625007211565,NaN,15.0
40.857142857142854,4.395181344984984,0.06730693799038907,2014.4285714285713,40.857142857142854,4.395181344984984,0.06730693799038907,2014.4285714285713
4.0,2.0,NaN,12.5,4.0,2.0,NaN,12.5
8.857142857142858,2.9194595250457915,0.0,19.857142857142858,8.857142857142858,2.9194595250457915,0.0,19.857142857142858
3.0,1.2992482150068707,NaN,556.4285714285714,5.0,1.935934523335164,NaN,29168.85714285714
44.142857142857146,3.842311001195161,0.07035102836060428,0.0,44.142857142857146,3.842311001195161,0.07035102836060428,0.0
11.714285714285714,3.278741779267555,0.04408369408369408,0.0,11.714285714285714,3.278741779267555,0.04408369408369408,0.0
33.857142857142854,3.7369556556807204,0.06041773352697722,287.42857142857144,33.857142857142854,3.7369556556807204,0.06041773352697722,287.42857142857144
40.285714285714285,3.8341012773988177,0.05638605687774292,0.0,40.285714285714285,3.8341012773988177,0.05638605687774292,0.0
6.0,2.537343453102108,NaN,20.0,6.0,2.537343453102108,NaN,20.0
46.0,4.312999103022249,0.041603970264105526,2012.7142857142858,46.0,4.312999103022249,0.041603970264105526,2012.7142857142858
4.0,1.7857142857142858,NaN,16.571428571428573,4.0,1.7857142857142858,NaN,16.571428571428573
8.571428571428571,2.636549802308458,0.0,11.714285714285714,8.571428571428571,2.636549802308458,0.0,11.714285714285714
4.0,1.9166666666666667,NaN,4670.833333333333,5.0,1.988594761554029,NaN,32289.333333333332
40.166666666666664,3.962222017074256,0.06223049308415162,0.0,40.166666666666664,3.962222017074256,0.06223049308415162,0.0
13.166666666666666,3.3099645620067797,0.05505050505050505,0.0,13.166666666666666,3.3099645620067797,0.05505050505050505,0.0
44.0,4.012969365788866,0.06359392241745182,0.0,44.0,4.012969365788866,0.06359392241745182,0.0
64.83333333333333,4.039784014168984,0.06032454129073526,0.0,64.83333333333333,4.039784014168984,0.06032454129073526,0.0
8.0,2.853445297804259,NaN,7.5,8.0,2.853445297804259,NaN,7.5
24.833333333333332,4.1048825896424646,0.03155828639699607,2008.8333333333333,24.833333333333332,4.1048825896424646,0.03155828639699607,2008.8333333333333
4.0,2.0,NaN,5.666666666666667,4.0,2.0,NaN,5.666666666666667
8.833333333333334,2.877715278979705,0.0,12.25,8.833333333333334,2.877715278979705,0.0,12.25
4.0,1.75,NaN,5249.0,5.0,2.1219280948873624,NaN,32294.5
36.5,3.90352608795957,0.07488479262672812,0.0,36.5,3.90352608795957,0.07488479262672812,0.0
8.5,2.7867786311375924,0.02727272727272727,0.0,8.5,2.7867786311375924,0.02727272727272727,0.0
61.5,4.1465337349718725,0.05874543819749299,0.0,61.5,4.1465337349718725,0.05874543819749299,0.0
39.5,3.875402941082334,0.05984995577965051,0.0,39.5,3.875402941082334,0.05984995577965051,0.0
6.0,2.584962500721156,NaN,15.0,6.0,2.584962500721156,NaN,15.0
29.5,4.3463318721840665,0.042439431913116124,2012.0,29.5,4.3463318721840665,0.042439431913116124,2012.0
4.0,2.0,NaN,12.5,4.0,2.0,NaN,12.5
9.0,2.5724312513221195,0.0,12.25,9.0,2.5724312513221195,0.0,12.25
4.0,1.75,NaN,5702.0,5.0,2.1219280948873624,NaN,26660.5
50.5,4.121857775531673,0.057377428307123036,0.0,50.5,4.121857775531673,0.057377428307123036,0.0
11.5,3.1737122111943785,0.049494949494949494,0.0,11.5,3.1737122111943785,0.049494949494949494,0.0
42.5,3.8887803020754417,0.08699981560022127,0.0,42.5,3.8887803020754417,0.08699981560022127,0.0
71.0,4.049833985833269,0.06518605104227547,0.0,71.0,4.049833985833269,0.06518605104227547,0.0
6.0,2.584962500721156,NaN,15.0,6.0,2.584962500721156,NaN,15.0
30.5,4.167983822688515,0.04777777777777778,2010.0,30.5,4.167983822688515,0.04777777777777778,2010.0
4.0,2.0,NaN,24.25,4.0,2.0,NaN,24.25
9.0,2.836591668108979,0.0,14.0,9.0,2.836591668108979,0.0,14.0
4.0,1.25,NaN,3571.0,5.0,1.721928094887362,NaN,31152.0
35.5,3.8664992927928146,0.06305418719211822,0.0,35.5,3.8664992927928146,0.06305418719211822,0.0
7.5,2.721928094887362,0.041666666666666664,0.0,7.5,2.721928094887362,0.041666666666666664,0.0
34.0,3.8512360323747776,0.06071428571428572,0.0,34.0,3.8512360323747776,0.06071428571428572,0.0
52.0,4.106468146049075,0.0651241134751773,0.0,52.0,4.106468146049075,0.0651241134751773,0.0
6.0,2.418295834054489,NaN,32.25,6.0,2.418295834054489,NaN,32.25
25.5,4.057518543110937,0.03854332801701223,2012.5,25.5,4.057518543110937,0.03854332801701223,2012.5
4.0,1.75,NaN,10.5,4.0,1.75,NaN,10.5
8.5,2.7238513896100454,0.0,12.75,8.5,2.7238513896100454,0.0,12.75
3.0,1.3728412885999435,NaN,367.1363636363636,5.0,1.8649766175556315,NaN,36575.681818181816
30.045454545454547,3.67800450364889,0.057984768077235446,0.0,30.045454545454547,3.67800450364889,0.057984768077235446,0.0
11.909090909090908,3.251620081889854,0.04892809210991029,0.0,11.909090909090908,3.251620081889854,0.04892809210991029,0.0
17.818181818181817,3.1451871454057296,0.04535980028307395,0.0,17.818181818181817,3.1451871454057296,0.04535980028307395,0.0
53.0,3.9323518136219944,0.06921627962095743,0.0,53.0,3.9323518136219944,0.06921627962095743,0.0
6.0,2.554659470418125,NaN,18.136363636363637,6.0,2.554659470418125,NaN,18.136363636363637
52.90909090909091,4.3432193184096635,0.05860841010828226,2013.5,52.90909090909091,4.3432193184096635,0.05860841010828226,2013.5
4.0,1.9090909090909092,NaN,17.295454545454547,4.0,1.9090909090909092,NaN,17.295454545454547
8.636363636363637,2.7697255690887257,0.0,14.568181818181818,8.636363636363637,2.7697255690887257,0.0,14.568181818181818
4.0,1.5389097655573916,NaN,2988.25,5.0,1.8436198135562323,NaN,29206.9375
47.6875,4.000429171588854,0.06126169337792288,0.0,47.6875,4.000429171588854,0.06126169337792288,0.0
11.9375,3.1826478291369775,0.06345182595182595,0.0,11.9375,3.1826478291369775,0.06345182595182595,0.0
33.9375,3.817743769783229,0.05646126926235953,0.625,33.9375,3.817743769783229,0.05646126926235953,0.625
39.6875,3.9120226568556613,0.051283994456476835,0.0,39.6875,3.9120226568556613,0.051283994456476835,0.0
6.0,2.5016291673878226,NaN,23.625,6.0,2.5016291673878226,NaN,23.625
72.375,4.1581090856549485,0.05340836642166182,1951.0625,72.375,4.1581090856549485,0.05340836642166182,1951.0625
4.0,1.8125,NaN,16.34375,4.0,1.8125,NaN,16.34375
8.6875,2.7539762162693675,0.0,14.40625,8.6875,2.7539762162693675,0.0,14.40625
4.0,1.3333333333333333,NaN,1741.3333333333333,5.0,1.3382689280764646,NaN,32604.333333333332
59.666666666666664,4.307294763273149,0.055375776206290396,7.0,59.666666666666664,4.307294763273149,0.055375776206290396,7.0
11.0,3.2243944454059856,0.030303030303030304,0.0,11.0,3.2243944454059856,0.030303030303030304,0.0
15.666666666666666,3.3451656087060138,0.07216273005746689,0.0,15.666666666666666,3.3451656087060138,0.07216273005746689,0.0
57.0,3.8809558427759527,0.06685311932758908,0.0,57.0,3.8809558427759527,0.06685311932758908,0.0
6.0,2.473851389610045,NaN,26.5,6.0,2.473851389610045,NaN,26.5
88.33333333333333,4.248867827672615,0.06425977051197822,2014.0,88.33333333333333,4.248867827672615,0.06425977051197822,2014.0
4.0,1.8333333333333333,NaN,13.833333333333334,4.0,1.8333333333333333,NaN,13.833333333333334
8.333333333333334,2.7418268523326224,0.0,12.833333333333334,8.333333333333334,2.7418268523326224,0.0,12.833333333333334
4.0,1.2704260414863777,NaN,1301.3333333333333,5.0,1.6049355947431312,NaN,43773.666666666664
27.0,3.4148451575327665,0.04235814762130552,0.0,27.0,3.4148451575327665,0.04235814762130552,0.0
12.666666666666666,3.178835762576997,0.04648869648869649,0.0,12.666666666666666,3.178835762576997,0.04648869648869649,0.0
16.666666666666668,2.7817468444483353,0.07126436781609195,0.0,16.666666666666668,2.7817468444483353,0.07126436781609195,0.0
59.0,4.096680834210727,0.05608187932749337,0.0,59.0,4.096680834210727,0.05608187932749337,0.0
6.0,2.584962500721156,NaN,15.0,6.0,2.584962500721156,NaN,15.0
143.66666666666666,4.344762778756685,0.06987664804866096,2012.3333333333333,143.66666666666666,4.344762778756685,0.06987664804866096,2012.3333333333333
4.0,1.6037593748197108,NaN,15.333333333333334,4.0,1.6037593748197108,NaN,15.333333333333334
8.666666666666666,2.6316208342147465,0.0,14.0,8.666666666666666,2.6316208342147465,0.0,14.0
4.0,2.0,NaN,2809.0,5.0,1.5219280948873621,NaN,44223.0
24.0,3.7201755214643457,0.06535947712418301,0.0,24.0,3.7201755214643457,0.06535947712418301,0.0
23.0,4.023136955868885,0.04093567251461988,0.0,23.0,4.023136955868885,0.04093567251461988,0.0
33.0,3.980169407880764,0.06884057971014493,0.0,33.0,3.980169407880764,0.06884057971014493,0.0
19.0,3.6818808028034042,0.054945054945054944,0.0,19.0,3.6818808028034042,0.054945054945054944,0.0
6.0,2.2516291673878226,NaN,49.5,6.0,2.2516291673878226,NaN,49.5
21.0,3.880179922675737,0.07692307692307693,2011.0,21.0,3.880179922675737,0.07692307692307693,2011.0
4.0,2.0,NaN,8.0,4.0,2.0,NaN,8.0
9.0,2.4193819456463714,0.0,21.0,9.0,2.4193819456463714,0.0,21.0
4.0,1.5,NaN,1157.0,5.0,1.9219280948873623,NaN,27989.0
69.0,4.375233480056157,0.05087881591119334,0.0,69.0,4.375233480056157,0.05087881591119334,0.0
12.0,3.2516291673878226,0.05454545454545454,0.0,12.0,3.2516291673878226,0.05454545454545454,0.0
25.0,3.763856189774723,0.05847953216374269,0.0,25.0,3.763856189774723,0.05847953216374269,0.0
54.0,4.015479154275739,0.059743954480796585,0.0,54.0,4.015479154275739,0.059743954480796585,0.0
6.0,2.584962500721156,NaN,15.0,6.0,2.584962500721156,NaN,15.0
186.0,4.41657314617062,0.06502811536368583,2014.0,186.0,4.41657314617062,0.06502811536368583,2014.0
4.0,2.0,NaN,11.5,4.0,2.0,NaN,11.5
9.0,2.725480556997868,0.0,19.0,9.0,2.725480556997868,0.0,19.0
4.0,1.75,NaN,1408.0,5.0,1.6464393446710155,NaN,39031.5
54.5,4.201831865700841,0.05824748193169246,0.0,54.5,4.201831865700841,0.05824748193169246,0.0
10.5,3.0996659733039564,0.04116161616161616,0.0,10.5,3.0996659733039564,0.04116161616161616,0.0
32.5,3.794374092053941,0.082335148215366,0.0,32.5,3.794374092053941,0.082335148215366,0.0
29.5,3.7021886504090435,0.03573232323232323,0.0,29.5,3.7021886504090435,0.03573232323232323,0.0
6.0,2.584962500721156,NaN,15.0,6.0,2.584962500721156,NaN,15.0
92.0,4.263288365116676,0.06340089967718034,2010.5,92.0,4.263288365116676,0.06340089967718034,2010.5
4.0,2.0,NaN,16.0,4.0,2.0,NaN,16.0
9.0,2.683542362433231,0.0,14.75,9.0,2.683542362433231,0.0,14.75
4.0,1.5,NaN,1168.0,5.0,1.9219280948873623,NaN,34894.0
61.0,4.163062168450958,0.0595959595959596,0.0,61.0,4.163062168450958,0.0595959595959596,0.0
12.0,3.2516291673878226,0.05454545454545454,0.0,12.0,3.2516291673878226,0.05454545454545454,0.0
27.0,3.7467659855385214,0.08421052631578947,0.0,27.0,3.7467659855385214,0.08421052631578947,0.0
13.0,3.3927474104487847,0.022222222222222223,0.0,13.0,3.3927474104487847,0.022222222222222223,0.0
6.0,2.584962500721156,NaN,15.0,6.0,2.584962500721156,NaN,15.0
55.0,4.266810169049244,0.05179704016913319,2010.0,55.0,4.266810169049244,0.05179704016913319,2010.0
4.0,2.0,NaN,26.5,4.0,2.0,NaN,26.5
9.0,2.9477027792200903,0.0,15.0,9.0,2.9477027792200903,0.0,15.0
4.0,1.6666666666666667,NaN,5986.0,5.0,1.7885947615540287,NaN,18341.0
34.666666666666664,4.029750574573515,0.04134082763115021,0.0,34.666666666666664,4.029750574573515,0.04134082763115021,0.0
18.666666666666668,3.5045980771800864,0.07466063348416291,0.0,18.666666666666668,3.5045980771800864,0.07466063348416291,0.0
19.666666666666668,3.576394299635655,0.032908027644869754,0.6666666666666666,19.666666666666668,3.576394299635655,0.032908027644869754,0.6666666666666666
44.333333333333336,3.869681013478731,0.05042735042735042,0.0,44.333333333333336,3.869681013478731,0.05042735042735042,0.0
6.0,2.584962500721156,NaN,15.0,6.0,2.584962500721156,NaN,15.0
144.66666666666666,4.4388758041989105,0.05566499228471059,21512.333333333332,144.66666666666666,4.4388758041989105,0.05566499228471059,21512.333333333332
4.0,1.5,NaN,21.5,4.0,1.5,NaN,21.5
9.0,2.623447686547369,0.0,18.333333333333332,9.0,2.623447686547369,0.0,18.333333333333332
4.0,1.5,NaN,3712.0,5.0,1.9219280948873623,NaN,49418.0
23.0,3.6905154013246904,0.043406593406593405,0.0,23.0,3.6905154013246904,0.043406593406593405,0.0
6.5,2.0708020839342964,0.15476190476190477,0.0,6.5,2.0708020839342964,0.15476190476190477,0.0
23.0,3.55511699299218,0.05213675213675214,0.0,23.0,3.55511699299218,0.05213675213675214,0.0
18.5,3.527488115941643,0.04680451127819549,0.0,18.5,3.527488115941643,0.04680451127819549,0.0
6.0,2.584962500721156,NaN,15.0,6.0,2.584962500721156,NaN,15.0
25.5,4.032025461448538,0.0661764705882353,2014.5,25.5,4.032025461448538,0.0661764705882353,2014.5
4.0,1.75,NaN,22.0,4.0,1.75,NaN,22.0
8.5,2.7377402784989338,0.0,13.0,8.5,2.7377402784989338,0.0,13.0
4.0,1.5,NaN,1195.0,5.0,1.9219280948873623,NaN,28050.0
28.0,3.6820058147602137,0.07017543859649122,0.0,28.0,3.6820058147602137,0.07017543859649122,0.0
12.0,3.2516291673878226,0.05454545454545454,0.0,12.0,3.2516291673878226,0.05454545454545454,0.0
6.0,2.584962500721156,0.0,0.0,6.0,2.584962500721156,0.0,0.0
54.0,4.015479154275739,0.059743954480796585,0.0,54.0,4.015479154275739,0.059743954480796585,0.0
6.0,2.584962500721156,NaN,15.0,6.0,2.584962500721156,NaN,15.0
184.0,4.415833309768991,0.06502811536368583,2014.0,184.0,4.415833309768991,0.06502811536368583,2014.0
4.0,2.0,NaN,28.5,4.0,2.0,NaN,28.5
9.0,2.725480556997868,0.0,19.0,9.0,2.725480556997868,0.0,19.0
4.0,1.5,NaN,2204.75,5.0,1.7841837197791888,NaN,38639.0
35.25,3.8884771246694987,0.049163964808263357,0.0,35.25,3.8884771246694987,0.049163964808263357,0.0
10.25,3.0607074952072346,0.040620490620490626,0.0,10.25,3.0607074952072346,0.040620490620490626,0.0
30.25,3.7842922261974534,0.05408400760834838,0.0,30.25,3.7842922261974534,0.05408400760834838,0.0
39.25,3.9184809585750857,0.058839190584946965,0.0,39.25,3.9184809585750857,0.058839190584946965,0.0
8.0,2.8534452978042593,NaN,7.5,8.0,2.8534452978042593,NaN,7.5
95.5,4.3616581230834885,0.06215322390959565,1797.625,95.5,4.3616581230834885,0.06215322390959565,1797.625
4.0,1.625,NaN,14.5,4.0,1.625,NaN,14.5
6.5,2.0432958340544896,NaN,10.375,6.5,2.0432958340544896,NaN,10.375
4.0,1.5,NaN,3232.0,5.0,1.9219280948873625,NaN,17549.4
12.0,3.082492927863939,0.0688095238095238,0.0,12.0,3.082492927863939,0.0688095238095238,0.0
21.0,3.6323476396821612,0.03521303258145363,0.0,21.0,3.6323476396821612,0.03521303258145363,0.0
61.6,4.1694743904018114,0.04811780811780812,0.0,61.6,4.1694743904018114,0.04811780811780812,0.0
81.0,4.063348877076285,0.07201437096577762,0.0,81.0,4.063348877076285,0.07201437096577762,0.0
6.8,2.692355619554397,NaN,12.0,6.8,2.692355619554397,NaN,12.0
109.2,4.277013319716969,0.07139981874419339,1840.3,109.2,4.277013319716969,0.07139981874419339,1840.3
4.0,1.9,NaN,22.0,4.0,1.9,NaN,22.0
6.4,2.0,NaN,8.0,6.4,2.0,NaN,8.0
4.0,1.875,NaN,3247.0,5.0,2.0219280948873624,NaN,27292.5
53.25,4.127109824334814,0.05976692389735868,0.0,53.25,4.127109824334814,0.05976692389735868,0.0
13.0,3.2093605136387082,0.05090718105423987,0.0,13.0,3.2093605136387082,0.05090718105423987,0.0
40.0,3.899290079477479,0.07515370854006687,0.0,40.0,3.899290079477479,0.07515370854006687,0.0
26.25,3.5545508347878014,0.03411764705882353,0.0,26.25,3.5545508347878014,0.03411764705882353,0.0
6.0,2.584962500721156,NaN,15.0,6.0,2.584962500721156,NaN,15.0
69.25,4.367876982524648,0.05526052312709407,2011.75,69.25,4.367876982524648,0.05526052312709407,2011.75
4.0,1.875,NaN,22.5,4.0,1.875,NaN,22.5
9.0,2.8921472236645345,0.0,17.0,9.0,2.8921472236645345,0.0,17.0
4.0,1.5,NaN,1193.0,5.0,1.3709505944546685,NaN,27999.0
28.0,3.6820058147602137,0.07017543859649122,0.0,28.0,3.6820058147602137,0.07017543859649122,0.0
12.0,3.2516291673878226,0.05454545454545454,0.0,12.0,3.2516291673878226,0.05454545454545454,0.0
6.0,2.584962500721156,0.0,0.0,6.0,2.584962500721156,0.0,0.0
54.0,4.015479154275739,0.059743954480796585,0.0,54.0,4.015479154275739,0.059743954480796585,0.0
6.0,2.584962500721156,NaN,15.0,6.0,2.584962500721156,NaN,15.0
184.0,4.415833309768991,0.06502811536368583,2014.0,184.0,4.415833309768991,0.06502811536368583,2014.0
4.0,2.0,NaN,28.5,4.0,2.0,NaN,28.5
9.0,2.725480556997868,0.0,19.0,9.0,2.725480556997868,0.0,19.0
4.0,1.5,NaN,6622.5,3.0,1.2516291673878228,NaN,792.0
29.0,3.7979130045178477,0.05627705627705628,0.0,29.0,3.7979130045178477,0.05627705627705628,0.0
12.0,3.584962500721156,0.01818181818181818,0.0,12.0,3.584962500721156,0.01818181818181818,0.0
27.0,4.060262039120378,0.0457516339869281,1989.0,27.0,4.060262039120378,0.0457516339869281,1989.0
11.0,3.2776134368191165,0.03571428571428571,0.0,11.0,3.2776134368191165,0.03571428571428571,0.0
6.0,2.584962500721156,NaN,15.0,6.0,2.584962500721156,NaN,15.0
35.0,4.4575751596784805,0.03684210526315789,2014.0,35.0,4.4575751596784805,0.03684210526315789,2014.0
4.0,2.0,NaN,10.75,4.0,2.0,NaN,10.75
8.0,2.75,0.0,9.0,8.0,2.75,0.0,9.0
4.0,1.5,NaN,1291.0,5.0,1.9219280948873623,NaN,34055.0
58.0,4.263093176782436,0.053426248548199766,0.0,58.0,4.263093176782436,0.053426248548199766,0.0
12.0,3.2516291673878226,0.05454545454545454,0.0,12.0,3.2516291673878226,0.05454545454545454,0.0
20.0,3.384183719779189,0.07352941176470588,0.0,20.0,3.384183719779189,0.07352941176470588,0.0
41.0,3.8668345539165294,0.059113300492610835,0.0,41.0,3.8668345539165294,0.059113300492610835,0.0
6.0,2.584962500721156,NaN,15.0,6.0,2.584962500721156,NaN,15.0
65.0,4.372238875087202,0.05142857142857143,2011.0,65.0,4.372238875087202,0.05142857142857143,2011.0
4.0,1.5,NaN,18.5,4.0,1.5,NaN,18.5
9.0,2.725480556997868,0.0,18.5,9.0,2.725480556997868,0.0,18.5
4.0,2.0,NaN,1909.0,4.5,1.9609640474436811,NaN,13354.0
29.0,3.856183994192384,0.04659340659340659,0.0,29.0,3.856183994192384,0.04659340659340659,0.0
9.5,3.0348154370537257,0.02896825396825397,0.0,9.5,3.0348154370537257,0.02896825396825397,0.0
8.0,2.5378940290557424,0.11309523809523808,0.0,8.0,2.5378940290557424,0.11309523809523808,0.0
37.5,3.7843728207539815,0.06533613445378152,0.0,37.5,3.7843728207539815,0.06533613445378152,0.0
10.0,3.121928094887362,0.027777777777777776,0.0,10.0,3.121928094887362,0.027777777777777776,0.0
54.0,4.351373291208051,0.06182336182336182,1586.25,54.0,4.351373291208051,0.06182336182336182,1586.25
4.0,2.0,NaN,11.5,4.0,2.0,NaN,11.5
0.0,0.0,NaN,0.0,0.0,0.0,NaN,0.0
4.0,1.75,NaN,3168.0,5.0,2.1219280948873624,NaN,35949.0
56.5,4.190466482432555,0.05746329693698115,0.0,56.5,4.190466482432555,0.05746329693698115,0.0
12.0,3.2516291673878226,0.05454545454545454,0.0,12.0,3.2516291673878226,0.05454545454545454,0.0
37.0,3.888456775078881,0.0750820902523689,0.0,37.0,3.888456775078881,0.0750820902523689,0.0
47.0,3.7496317541813644,0.04296382882005325,0.0,47.0,3.7496317541813644,0.04296382882005325,0.0
6.0,2.418295834054489,NaN,32.5,6.0,2.418295834054489,NaN,32.5
38.0,4.168733141100587,0.037009631195677704,2008.5,38.0,4.168733141100587,0.037009631195677704,2008.5
4.0,2.0,NaN,24.5,4.0,2.0,NaN,24.5
9.0,2.9477027792200903,0.0,13.75,9.0,2.9477027792200903,0.0,13.75
4.0,2.0,NaN,4789.0,5.0,1.9219280948873623,NaN,23156.0
45.5,4.22753351919779,0.04527027027027027,15.0,45.5,4.22753351919779,0.04527027027027027,15.0
10.0,2.868699711434764,0.09365079365079365,0.0,10.0,2.868699711434764,0.09365079365079365,0.0
32.0,3.9431416022332284,0.03923526765632029,0.0,32.0,3.9431416022332284,0.03923526765632029,0.0
56.0,3.943968560249546,0.04464667612165417,0.0,56.0,3.943968560249546,0.04464667612165417,0.0
8.0,2.8534452978042593,NaN,7.5,8.0,2.8534452978042593,NaN,7.5
27.5,3.998954058756258,0.05392156862745098,2010.0,27.5,3.998954058756258,0.05392156862745098,2010.0
4.0,2.0,NaN,8.5,4.0,2.0,NaN,8.5
6.5,1.9596909728231857,NaN,1012.5,6.5,1.9596909728231857,NaN,1012.5
4.0,1.6666666666666667,NaN,2809.3333333333335,5.0,2.2774836504429175,NaN,34345.22222222222
46.77777777777778,3.912280632681635,0.052259488391344616,0.0,46.77777777777778,3.912280632681635,0.052259488391344616,0.0
18.0,3.5421632545244215,0.05414141414141415,0.0,18.0,3.5421632545244215,0.05414141414141415,0.0
20.11111111111111,3.5019975934006986,0.05849482093032145,0.0,20.11111111111111,3.5019975934006986,0.05849482093032145,0.0
37.888888888888886,3.767629565673025,0.05032890931257536,0.0,37.888888888888886,3.767629565673025,0.05032890931257536,0.0
6.0,2.473851389610045,NaN,26.666666666666668,6.0,2.473851389610045,NaN,26.666666666666668
87.22222222222223,4.4296822159660145,0.05542436027793326,2010.0,87.22222222222223,4.4296822159660145,0.05542436027793326,2010.0
4.0,1.9444444444444444,NaN,20.944444444444443,4.0,1.9444444444444444,NaN,20.944444444444443
9.0,2.8736287051460163,0.0,15.444444444444445,9.0,2.8736287051460163,0.0,15.444444444444445
4.0,2.0,NaN,1260.0,5.0,1.9219280948873623,NaN,34919.0
61.0,4.163062168450958,0.0595959595959596,0.0,61.0,4.163062168450958,0.0595959595959596,0.0
12.0,3.2516291673878226,0.05454545454545454,0.0,12.0,3.2516291673878226,0.05454545454545454,0.0
27.0,3.7467659855385214,0.08421052631578947,0.0,27.0,3.7467659855385214,0.08421052631578947,0.0
13.0,3.3927474104487847,0.022222222222222223,0.0,13.0,3.3927474104487847,0.022222222222222223,0.0
6.0,2.584962500721156,NaN,15.0,6.0,2.584962500721156,NaN,15.0
55.0,4.266810169049244,0.05179704016913319,2010.0,55.0,4.266810169049244,0.05179704016913319,2010.0
4.0,2.0,NaN,26.5,4.0,2.0,NaN,26.5
9.0,2.9477027792200903,0.0,15.0,9.0,2.9477027792200903,0.0,15.0
4.0,2.0,NaN,2467.0,5.0,2.321928094887362,NaN,35038.0
47.0,3.9055051913869496,0.058418367346938775,1.0,47.0,3.9055051913869496,0.058418367346938775,1.0
15.5,3.3710797956891385,0.049533799533799536,0.0,15.5,3.3710797956891385,0.049533799533799536,0.0
62.5,4.232433187758063,0.05097125097125097,3.0,62.5,4.232433187758063,0.05097125097125097,3.0
17.0,3.661052365872628,0.042624042624042624,0.0,17.0,3.661052365872628,0.042624042624042624,0.0
8.0,2.8534452978042593,NaN,7.5,8.0,2.8534452978042593,NaN,7.5
70.5,4.242656186800485,0.06285155294693079,2012.5,70.5,4.242656186800485,0.06285155294693079,2012.5
4.0,1.75,NaN,21.25,4.0,1.75,NaN,21.25
9.0,2.5724312513221195,0.0,14.5,9.0,2.5724312513221195,0.0,14.5
4.0,1.5,NaN,1164.0,5.0,1.9219280948873623,NaN,27989.0
69.0,4.375233480056157,0.05087881591119334,0.0,69.0,4.375233480056157,0.05087881591119334,0.0
12.0,3.2516291673878226,0.05454545454545454,0.0,12.0,3.2516291673878226,0.05454545454545454,0.0
25.0,3.763856189774723,0.05847953216374269,0.0,25.0,3.763856189774723,0.05847953216374269,0.0
54.0,4.015479154275739,0.059743954480796585,0.0,54.0,4.015479154275739,0.059743954480796585,0.0
6.0,2.584962500721156,NaN,15.0,6.0,2.584962500721156,NaN,15.0
186.0,4.41657314617062,0.06502811536368583,2014.0,186.0,4.41657314617062,0.06502811536368583,2014.0
4.0,2.0,NaN,11.5,4.0,2.0,NaN,11.5
9.0,2.725480556997868,0.0,19.0,9.0,2.725480556997868,0.0,19.0
4.0,1.3278195311147831,NaN,1561.25,5.0,1.9219280948873627,NaN,29873.25
24.75,3.6382270099722898,0.05904183535762483,0.0,24.75,3.6382270099722898,0.05904183535762483,0.0
12.75,3.3154445244429964,0.05693473193473193,0.0,12.75,3.3154445244429964,0.05693473193473193,0.0
7.25,2.7126706892911003,0.011111111111111112,0.0,7.25,2.7126706892911003,0.011111111111111112,0.0
53.25,3.997661948810376,0.06211565816828975,0.0,53.25,3.997661948810376,0.06211565816828975,0.0
6.0,2.584962500721156,NaN,15.0,6.0,2.584962500721156,NaN,15.0
157.75,4.424833579105835,0.06516452914571517,2014.0,157.75,4.424833579105835,0.06516452914571517,2014.0
4.0,1.7028195311147831,NaN,25.875,4.0,1.7028195311147831,NaN,25.875
9.0,2.7254805569978684,0.0,18.625,9.0,2.7254805569978684,0.0,18.625
4.0,0.75,NaN,1769.0,3.5,1.542481250360578,NaN,5377.5
37.0,3.34858078747176,0.02543940795559667,0.0,37.0,3.34858078747176,0.02543940795559667,0.0
11.0,3.1867786311375923,0.06893939393939394,0.0,11.0,3.1867786311375923,0.06893939393939394,0.0
14.5,2.631928094887362,NaN,994.5,14.5,2.631928094887362,NaN,994.5
33.0,3.633554160831781,0.04376086612928718,0.0,33.0,3.633554160831781,0.04376086612928718,0.0
6.0,2.584962500721156,NaN,15.0,6.0,2.584962500721156,NaN,15.0
133.0,4.493704980594668,0.06328328845107369,2014.5,133.0,4.493704980594668,0.06328328845107369,2014.5
4.0,2.0,NaN,12.5,4.0,2.0,NaN,12.5
9.0,2.725480556997868,0.0,18.5,9.0,2.725480556997868,0.0,18.5
4.0,1.5,NaN,6763.0,5.0,2.321928094887362,NaN,51437.5
10.5,2.8084373029781116,0.011111111111111112,0.5,10.5,2.8084373029781116,0.011111111111111112,0.5
10.0,2.8464393446710154,0.08333333333333333,0.0,10.0,2.8464393446710154,0.08333333333333333,0.0
7.0,2.8073549220576046,0.0,0.0,7.0,2.8073549220576046,0.0,0.0
44.0,4.185815709153031,0.05665024630541872,0.0,44.0,4.185815709153031,0.05665024630541872,0.0
6.0,2.584962500721156,NaN,15.0,6.0,2.584962500721156,NaN,15.0
25.0,3.7834651896016456,0.09523809523809523,2012.0,25.0,3.7834651896016456,0.09523809523809523,2012.0
4.0,1.75,NaN,13.0,4.0,1.75,NaN,13.0
9.0,2.725480556997868,0.0,12.5,9.0,2.725480556997868,0.0,12.5
4.0,1.5,NaN,3503.0,5.0,2.321928094887362,NaN,54798.0
40.0,3.915311532225101,0.07076923076923076,1.0,40.0,3.915311532225101,0.07076923076923076,1.0
8.0,3.0,0.0,0.0,8.0,3.0,0.0,0.0
9.0,3.169925001442312,0.0,0.0,9.0,3.169925001442312,0.0,0.0
54.0,4.142043355315307,0.05105105105105105,0.0,54.0,4.142043355315307,0.05105105105105105,0.0
6.0,2.584962500721156,NaN,15.0,6.0,2.584962500721156,NaN,15.0
127.0,4.254743817366412,0.07500475918522749,2012.0,127.0,4.254743817366412,0.07500475918522749,2012.0
4.0,1.5,NaN,7.0,4.0,1.5,NaN,7.0
9.0,2.4193819456463714,0.0,17.0,9.0,2.4193819456463714,0.0,17.0
4.0,1.7291666666666667,NaN,3409.625,5.0,1.888594761554029,NaN,27316.583333333332
24.75,3.4912853725081834,0.06754726146173513,0.08333333333333333,24.75,3.4912853725081834,0.06754726146173513,0.08333333333333333
10.125,2.95640353102681,0.046380471380471376,0.0,10.125,2.95640353102681,0.046380471380471376,0.0
23.958333333333332,3.4779340170980046,0.05337166488482276,0.0,23.958333333333332,3.4779340170980046,0.05337166488482276,0.0
51.291666666666664,3.904341678828286,0.061443754076643105,0.0,51.291666666666664,3.904341678828286,0.061443754076643105,0.0
6.0,2.5016291673878217,NaN,23.625,6.0,2.5016291673878217,NaN,23.625
59.333333333333336,4.1584334518394135,0.05991748357304447,2010.625,59.333333333333336,4.1584334518394135,0.05991748357304447,2010.625
4.0,1.8333333333333333,NaN,16.645833333333332,4.0,1.8333333333333333,NaN,16.645833333333332
8.875,2.7758860544526827,0.0,15.166666666666666,8.875,2.7758860544526827,0.0,15.166666666666666
4.0,1.625,NaN,2720.75,5.0,1.6464393446710155,NaN,17165.5
24.0,3.621653522439334,0.058333333333333334,0.0,24.0,3.621653522439334,0.058333333333333334,0.0
9.0,2.94770277922009,0.03571428571428571,0.0,9.0,2.94770277922009,0.03571428571428571,0.0
20.0,3.5841837197791886,0.04395604395604396,0.0,20.0,3.5841837197791886,0.04395604395604396,0.0
25.0,3.603856189774724,0.07352941176470588,0.0,25.0,3.603856189774724,0.07352941176470588,0.0
10.0,3.121928094887362,0.027777777777777776,0.0,10.0,3.121928094887362,0.027777777777777776,0.0
38.0,4.366091329119193,0.05698005698005698,1157.5,38.0,4.366091329119193,0.05698005698005698,1157.5
4.0,1.5,NaN,8.0,4.0,1.5,NaN,8.0
0.0,0.0,NaN,0.0,0.0,0.0,NaN,0.0
4.0,1.7,NaN,4415.8,5.0,2.1619280948873625,NaN,36103.8
32.6,3.914219684078123,0.03665242165242165,2.4,32.6,3.914219684078123,0.03665242165242165,2.4
10.0,2.9260289640463775,0.04242424242424243,0.0,10.0,2.9260289640463775,0.04242424242424243,0.0
30.6,3.8050609803096576,0.06325660699062233,0.0,30.6,3.8050609803096576,0.06325660699062233,0.0
32.6,3.7955111692789893,0.0603770213526311,0.0,32.6,3.7955111692789893,0.0603770213526311,0.0
8.4,2.7738085238875465,NaN,19.8,8.4,2.7738085238875465,NaN,19.8
82.4,3.6223708827202996,0.045002855511136496,2006.2,82.4,3.6223708827202996,0.045002855511136496,2006.2
4.0,2.0,NaN,26.7,4.0,2.0,NaN,26.7
8.6,2.6352883341987203,0.0,12.5,8.6,2.6352883341987203,0.0,12.5
4.0,1.5,NaN,2192.0,4.0,0.8112781244591328,NaN,6651.0
45.5,3.361917932116345,0.029234972677595627,0.0,45.5,3.361917932116345,0.029234972677595627,0.0
13.0,2.9893897544958357,0.09999999999999999,0.0,13.0,2.9893897544958357,0.09999999999999999,0.0
18.0,3.459072848738709,0.024183006535947713,0.0,18.0,3.459072848738709,0.024183006535947713,0.0
54.0,3.78760066210487,0.04823943661971831,0.0,54.0,3.78760066210487,0.04823943661971831,0.0
6.0,2.584962500721156,NaN,15.0,6.0,2.584962500721156,NaN,15.0
85.0,4.195309262525091,0.06375185085475837,2014.5,85.0,4.195309262525091,0.06375185085475837,2014.5
4.0,2.0,NaN,28.75,4.0,2.0,NaN,28.75
9.0,2.7254805569978684,0.0,17.25,9.0,2.7254805569978684,0.0,17.25
